timestamp,spy_close,spy_cum,cash_cum
2026-08-10T13:30:00+00:00,,0.0,0.0
2026-08-10T13:35:00+00:00,,0.0001812016256375,1.948817115016155e-06
2026-08-10T13:40:00+00:00,,5.177189303928742e-05,3.897638028105277e-06
2026-08-10T13:45:00+00:00,,0.0006600916362506,5.846462738823277e-06
2026-08-10T13:50:00+00:00,,0.0006730346095105,7.795291247614244e-06
2026-08-10T13:55:00+00:00,,0.0011001527270844,9.744123554256134e-06
2026-08-10T14:00:00+00:00,,0.0014625559783594,1.1692959658748949e-05
2026-08-10T14:05:00+00:00,,0.0018055447697444,1.3641799561314729e-05
2026-08-10T14:10:00+00:00,,0.0020644042349409,1.559064326173143e-05
2026-08-10T14:15:00+00:00,,0.0021614765343893,1.7539490759999055e-05
2026-08-10T14:20:00+00:00,,0.0017278869301855,1.9488342056339647e-05
2026-08-10T14:25:00+00:00,,0.0022714918070978,2.1437197150753207e-05
2026-08-10T14:30:00+00:00,,0.0022844347803576,2.338605604301769e-05
2026-08-10T14:35:00+00:00,,0.0022973777536174,2.533491873313309e-05
2026-08-10T14:40:00+00:00,,0.0025627087054438,2.7283785221321463e-05
2026-08-10T14:45:00+00:00,,0.002970412363128,2.9232655507582805e-05
2026-08-10T14:50:00+00:00,,0.0016308146307368,3.118152959169507e-05
2026-08-10T14:55:00+00:00,,0.0011519246201237,3.31304074738803e-05
2026-08-10T15:00:00+00:00,,0.0014237270585799,3.507928915391645e-05
2026-08-10T15:05:00+00:00,,0.001346069219021,3.702817463202557e-05
2026-08-10T15:10:00+00:00,,0.0015143278713984,3.89770639084297e-05
2026-08-10T15:15:00+00:00,,0.001708472470296,4.092595698246271e-05
2026-08-10T15:20:00+00:00,,0.0016825865237761,4.287485385479073e-05
2026-08-10T15:25:00+00:00,,0.0014496130050996,4.482375452519172e-05
2026-08-10T15:30:00+00:00,,0.0009966089410058,4.677265899344363e-05
2026-08-10T15:35:00+00:00,,0.0008542362351477,4.872156725999055e-05
2026-08-10T15:40:00+00:00,,0.0014949134115087,5.06704793243884e-05
2026-08-10T15:45:00+00:00,,0.0012942973259817,5.261939518685921e-05
2026-08-10T15:50:00+00:00,,0.002051461261681,5.456831484762503e-05
2026-08-10T15:55:00+00:00,,0.0021744195076491,5.651723830624178e-05
2026-08-10T16:00:00+00:00,,0.0019996893686418,5.846616556315354e-05
2026-08-10T16:05:00+00:00,,0.0017731873365949,6.041509661791622e-05
2026-08-10T16:10:00+00:00,,0.0015013848981386,6.236403147097391e-05
2026-08-10T16:15:00+00:00,,0.0013848981388004,6.431297012210457e-05
2026-08-10T16:20:00+00:00,,0.0014754989516192,6.626191257153025e-05
2026-08-10T16:25:00+00:00,,0.0009707229944861,6.821085881880684e-05
2026-08-10T16:30:00+00:00,,7.765783955893113e-05,7.015980886437845e-05
2026-08-10T16:35:00+00:00,,-6.471486629899825e-05,7.210876270802302e-05
2026-08-10T16:40:00+00:00,,-0.0006018482565814,7.405772034996261e-05
2026-08-10T16:45:00+00:00,,-0.000142372705858,7.600668178997516e-05
2026-08-10T16:50:00+00:00,,-0.0001164867593383,7.795564702806068e-05
2026-08-10T16:55:00+00:00,,0.0002459164919363,7.990461606444121e-05
2026-08-10T17:00:00+00:00,,5.824337966919835e-05,8.185358889911676e-05
2026-08-10T17:05:00+00:00,,0.0005306619036524,8.380256553186527e-05
2026-08-10T17:10:00+00:00,,0.0005953767699515,8.575154596268675e-05
2026-08-10T17:15:00+00:00,,0.000563019336802,8.770053019180324e-05
2026-08-10T17:20:00+00:00,,0.0006471486629908,8.964951821921474e-05
2026-08-10T17:25:00+00:00,,0.0006406771763609,9.15985100446992e-05
2026-08-10T17:30:00+00:00,,0.000634205689731,9.354750566847868e-05
2026-08-10T17:35:00+00:00,,0.0003235743314953,9.54965050905532e-05
2026-08-10T17:40:00+00:00,,5.177189303928742e-05,9.744550831092268e-05
2026-08-10T17:45:00+00:00,,9.060081281875298e-05,9.939451532936516e-05
2026-08-10T17:50:00+00:00,,1.2942973259821857e-05,0.0001013435261461
2026-08-10T17:55:00+00:00,,0.0001488441924879,0.0001032925407613
2026-08-10T18:00:00+00:00,,0.0001294297325982,0.0001052415591746
2026-08-10T18:05:00+00:00,,0.0004012321710542,0.0001071905813863
2026-08-10T18:10:00+00:00,,3.8828919779465565e-05,0.000109139607396
2026-08-10T18:15:00+00:00,,-5.8243379669087325e-05,0.0001110886372042
2026-08-10T18:20:00+00:00,,-9.060081281875298e-05,0.0001130376708107
2026-08-10T18:25:00+00:00,,-0.0001035437860785,0.0001149867082155
2026-08-10T18:30:00+00:00,,-9.707229944866393e-05,0.0001169357494186
2026-08-10T18:35:00+00:00,,-7.765783955893113e-05,0.0001188847944202
2026-08-10T18:40:00+00:00,,0.000342988791385,0.0001208338432199
2026-08-10T18:45:00+00:00,,0.0002265020320466,0.0001227828958181
2026-08-10T18:50:00+00:00,,0.0006471486629908,0.0001247319522146
2026-08-10T18:55:00+00:00,,0.0007506924490694,0.0001266810124094
2026-08-10T19:00:00+00:00,,0.0007636354223292,0.0001286300764025
2026-08-10T19:05:00+00:00,,0.0009901374543759,0.0001305791441941
2026-08-10T19:10:00+00:00,,0.0008801221816674,0.000132528215784
2026-08-10T19:15:00+00:00,,0.0008865936682973,0.0001344772911722
2026-08-10T19:20:00+00:00,,0.0009966089410058,0.0001364263703589
2026-08-10T19:25:00+00:00,,0.0004400610908337,0.0001383754533441
2026-08-10T19:30:00+00:00,,0.0003624032512747,0.0001403245401276
2026-08-10T19:35:00+00:00,,0.0007377494758096,0.0001422736307095
2026-08-10T19:40:00+00:00,,0.000634205689731,0.0001442227250898
2026-08-10T19:45:00+00:00,,0.0007183350159198,0.0001461718232687
2026-08-10T19:50:00+00:00,,-0.0002976883849757,0.0001481209252458
2026-08-10T19:55:00+00:00,,0.0005177189303926,0.0001500700310215
2026-08-10T20:00:00+00:00,,0.0005177189303926,0.0001520191405957
2026-08-11T13:30:00+00:00,773.515,0.0,0.0
2026-08-11T13:35:00+00:00,773.08,-0.0005623678920252395,1.9539883464592123e-06
2026-08-11T13:40:00+00:00,773.37,-0.00018745596400837616,3.90797669269638e-06
2026-08-11T13:45:00+00:00,772.875,-0.0008273918411407788,5.861965039155592e-06
2026-08-11T13:50:00+00:00,772.89,-0.0008079998448640158,7.815953385614804e-06
2026-08-11T13:55:00+00:00,773.63,0.00014867197145496114,9.769941732074017e-06
2026-08-11T14:00:00+00:00,773.89,0.00048479990691840946,1.1723930078311184e-05
2026-08-11T14:05:00+00:00,773.8,0.00036844792925805336,1.3677918424770397e-05
2026-08-11T14:10:00+00:00,773.765,0.0003231999379456063,1.563190677122961e-05
2026-08-11T14:15:00+00:00,773.63,0.00014867197145496114,1.7585895117466777e-05
2026-08-11T14:20:00+00:00,773.43,-0.00010988797890154611,1.953988346392599e-05
2026-08-11T14:25:00+00:00,773.875,0.00046540791064164644,2.14938718103852e-05
2026-08-11T14:30:00+00:00,773.625,0.00014220797269604013,2.344786015662237e-05
2026-08-11T14:35:00+00:00,773.34,-0.0002262399565619022,2.540184850308158e-05
2026-08-11T14:40:00+00:00,773.37,-0.00018745596400837616,2.73558368495408e-05
2026-08-11T14:45:00+00:00,773.9,0.0004977279044362515,2.930982519600001e-05
2026-08-11T14:50:00+00:00,773.88,0.00047187190940056745,3.126381354223717e-05
2026-08-11T14:55:00+00:00,773.64,0.00016159996897280315,3.3217801888696386e-05
2026-08-11T15:00:00+00:00,773.475,-5.171199007125704e-05,3.51717902351556e-05
2026-08-11T15:05:00+00:00,772.87,-0.0008338558398996998,3.7125778581392765e-05
2026-08-11T15:10:00+00:00,772.73,-0.001014847805149155,3.907976692785198e-05
2026-08-11T15:15:00+00:00,772.43,-0.0014026877306839713,4.103375527431119e-05
2026-08-11T15:20:00+00:00,772.535,-0.0012669437567468522,4.298774362054836e-05
2026-08-11T15:25:00+00:00,772.415,-0.0014220797269607344,4.494173196700757e-05
2026-08-11T15:30:00+00:00,771.895,-0.00209433559788752,4.689572031346678e-05
2026-08-11T15:35:00+00:00,771.845,-0.002158975585476619,4.8849708659926e-05
2026-08-11T15:40:00+00:00,772.115,-0.0018099196524954397,5.080369700616316e-05
2026-08-11T15:45:00+00:00,772.005,-0.0019521276251914799,5.275768535262237e-05
2026-08-11T15:50:00+00:00,771.855,-0.002146047587958777,5.471167369908159e-05
2026-08-11T15:55:00+00:00,772.01,-0.0019456636264325589,5.6665662045318754e-05
2026-08-11T16:00:00+00:00,772.04,-0.0019068796338791438,5.8619650391777967e-05
2026-08-11T16:05:00+00:00,772.28,-0.0015966076934513795,6.057363873823718e-05
2026-08-11T16:10:00+00:00,771.96,-0.002010303614021658,6.252762708469639e-05
2026-08-11T16:15:00+00:00,772.11,-0.0018163836512542497,6.448161543093356e-05
2026-08-11T16:20:00+00:00,771.63,-0.0024369275321098893,6.643560377739277e-05
2026-08-11T16:25:00+00:00,771.815,-0.002197759578030034,6.838959212385198e-05
2026-08-11T16:30:00+00:00,771.59,-0.0024886395221811464,7.034358047008915e-05
2026-08-11T16:35:00+00:00,771.88,-0.002113727594164283,7.229756881654836e-05
2026-08-11T16:40:00+00:00,771.56,-0.0025274235147347834,7.425155716300758e-05
2026-08-11T16:45:00+00:00,771.44,-0.0026825594849484435,7.620554550924474e-05
2026-08-11T16:50:00+00:00,771.36,-0.0027859834650911797,7.815953385570396e-05
2026-08-11T16:55:00+00:00,771.125,-0.003089791406760023,8.011352220216317e-05
2026-08-11T17:00:00+00:00,770.81,-0.0034970233285716024,8.206751054862238e-05
2026-08-11T17:05:00+00:00,770.89,-0.0033935993484289773,8.402149889485955e-05
2026-08-11T17:10:00+00:00,770.3,-0.004156351201980657,8.597548724131876e-05
2026-08-11T17:15:00+00:00,770.755,-0.0035681273149195114,8.792947558777797e-05
2026-08-11T17:20:00+00:00,770.9,-0.0033806713509111352,8.988346393401514e-05
2026-08-11T17:25:00+00:00,770.86,-0.0034323833409823923,9.183745228047437e-05
2026-08-11T17:30:00+00:00,770.95,-0.003316031363321925,9.379144062693356e-05
2026-08-11T17:35:00+00:00,770.81,-0.0034970233285716024,9.574542897317072e-05
2026-08-11T17:40:00+00:00,771.27,-0.002902335442751647,9.769941731962994e-05
2026-08-11T17:45:00+00:00,771.17,-0.003031615417929845,9.965340566608916e-05
2026-08-11T17:50:00+00:00,771.28,-0.0028894074452338048,0.0001016073940125
2026-08-11T17:55:00+00:00,771.245,-0.002934655436546141,0.0001035613823587
2026-08-11T18:00:00+00:00,771.115,-0.003102719404277865,0.0001055153707052
2026-08-11T18:05:00+00:00,770.7,-0.0036392313012675315,0.0001074693590517
2026-08-11T18:10:00+00:00,770.835,-0.0034647033347768863,0.0001094233473979
2026-08-11T18:15:00+00:00,770.75,-0.0035745913136784324,0.0001113773357444
2026-08-11T18:20:00+00:00,770.44,-0.00397535923673098,0.0001133313240908
2026-08-11T18:25:00+00:00,769.515,-0.005171199007129812,0.0001152853124373
2026-08-11T18:30:00+00:00,769.97,-0.004582975120068777,0.0001172393007835
2026-08-11T18:35:00+00:00,770.02,-0.004518335132479678,0.00011919328913
2026-08-11T18:40:00+00:00,769.78,-0.004828607072907443,0.0001211472774764
2026-08-11T18:45:00+00:00,770.33,-0.00411756720942702,0.0001231012658227
2026-08-11T18:50:00+00:00,770.39,-0.00403999922432019,0.0001250552541691
2026-08-11T18:55:00+00:00,770.09,-0.004427839149854784,0.0001270092425156
2026-08-11T19:00:00+00:00,770.09,-0.004427839149854784,0.0001289632308618
2026-08-11T19:05:00+00:00,770.08,-0.004440767147372626,0.0001309172192083
2026-08-11T19:10:00+00:00,770.19,-0.004298559174676586,0.0001328712075547
2026-08-11T19:15:00+00:00,770.44,-0.00397535923673098,0.0001348251959012
2026-08-11T19:20:00+00:00,770.64,-0.0037167992863745836,0.0001367791842474
2026-08-11T19:25:00+00:00,770.6,-0.0037685112764458406,0.0001387331725939
2026-08-11T19:30:00+00:00,770.795,-0.0035164153248482544,0.0001406871609404
2026-08-11T19:35:00+00:00,771.04,-0.003199679385661569,0.0001426411492866
2026-08-11T19:40:00+00:00,770.715,-0.0036198393049907684,0.000144595137633
2026-08-11T19:45:00+00:00,770.39,-0.00403999922432019,0.0001465491259795
2026-08-11T19:50:00+00:00,770.4,-0.004027071226802348,0.0001485031143257
2026-08-11T19:55:00+00:00,770.52,-0.0038719352565884657,0.0001504571026722
2026-08-11T20:00:00+00:00,770.57,-0.0038072952689992556,0.0001524110910187
2026-08-12T13:30:00+00:00,773.17,-0.00044601591436499444,0.0001543650793651
2026-08-12T13:35:00+00:00,772.88,-0.0008209278423818578,0.0001563143454574
2026-08-12T13:40:00+00:00,772.81,-0.0009114238250066409,0.0001582636115495
2026-08-12T13:45:00+00:00,773.54,3.231999379460504e-05,0.0001602128776418
2026-08-12T13:50:00+00:00,772.62,-0.0011570557778453061,0.0001621621437342
2026-08-12T13:55:00+00:00,772.65,-0.00111827178529178,0.0001641114098265
2026-08-12T14:00:00+00:00,772.12,-0.0018034556537365187,0.0001660606759188
2026-08-12T14:05:00+00:00,772.29,-0.0015836796959335375,0.0001680099420111
2026-08-12T14:10:00+00:00,772.43,-0.0014026877306839713,0.0001699592081034
2026-08-12T14:15:00+00:00,772.48,-0.0013380477430947613,0.0001719084741957
2026-08-12T14:20:00+00:00,772.92,-0.0007692158523106007,0.0001738577402878
2026-08-12T14:25:00+00:00,772.77,-0.0009631358150778979,0.0001758070063802
2026-08-12T14:30:00+00:00,772.045,-0.0019004156351202228,0.0001777562724725
2026-08-12T14:35:00+00:00,772.69,-0.001066559795220412,0.0001797055385648
2026-08-12T14:40:00+00:00,772.99,-0.0006787198696857066,0.0001816548046569
2026-08-12T14:45:00+00:00,772.69,-0.001066559795220412,0.0001836040707492
2026-08-12T14:50:00+00:00,772.01,-0.0019456636264325589,0.0001855533368415
2026-08-12T14:55:00+00:00,772.22,-0.0016741756785582096,0.000187502602934
2026-08-12T15:00:00+00:00,771.87,-0.002126655591682125,0.0001894518690261
2026-08-12T15:05:00+00:00,772.135,-0.0017840636574597557,0.0001914011351185
2026-08-12T15:10:00+00:00,772.17,-0.0017388156661474197,0.0001933504012108
2026-08-12T15:15:00+00:00,772.08,-0.0018551676438077758,0.0001952996673031
2026-08-12T15:20:00+00:00,771.94,-0.002036159609057231,0.0001972489333952
2026-08-12T15:25:00+00:00,772.31,-0.0015578237008978535,0.0001991981994875
2026-08-12T15:30:00+00:00,771.91,-0.002074943601610868,0.0002011474655798
2026-08-12T15:35:00+00:00,771.7,-0.0023464315494851062,0.0002030967316719
2026-08-12T15:40:00+00:00,771.79,-0.00223007957182475,0.0002050459977642
2026-08-12T15:45:00+00:00,772.12,-0.0018034556537365187,0.0002069952638565
2026-08-12T15:50:00+00:00,772.0,-0.001958591623950401,0.0002089445299491
2026-08-12T15:55:00+00:00,772.01,-0.0019456636264325589,0.0002108937960412
2026-08-12T16:00:00+00:00,772.28,-0.0015966076934513795,0.0002128430621335
2026-08-12T16:05:00+00:00,772.325,-0.0015384317046210905,0.0002147923282258
2026-08-12T16:10:00+00:00,772.53,-0.0012734077555057732,0.0002167415943181
2026-08-12T16:15:00+00:00,772.43,-0.0014026877306839713,0.0002186908604102
2026-08-12T16:20:00+00:00,772.51,-0.0012992637505413462,0.0002206401265025
2026-08-12T16:25:00+00:00,772.45,-0.0013768317356481763,0.0002225893925948
2026-08-12T16:30:00+00:00,772.195,-0.0017064956723527036,0.0002245386586872
2026-08-12T16:35:00+00:00,772.73,-0.001014847805149155,0.0002264879247793
2026-08-12T16:40:00+00:00,772.71,-0.001040703800184839,0.0002284371908718
2026-08-12T16:45:00+00:00,772.86,-0.0008467838374174308,0.0002303864569641
2026-08-12T16:50:00+00:00,773.065,-0.0005817598883020025,0.0002323357230564
2026-08-12T16:55:00+00:00,772.96,-0.0007175038622392327,0.0002342849891485
2026-08-12T17:00:00+00:00,773.055,-0.0005946878858199556,0.0002362342552408
2026-08-12T17:05:00+00:00,773.03,-0.0006270078796144496,0.0002381835213332
2026-08-12T17:10:00+00:00,772.945,-0.0007368958585158847,0.0002401327874252
2026-08-12T17:15:00+00:00,772.745,-0.000995455808872503,0.0002420820535176
2026-08-12T17:20:00+00:00,772.795,-0.0009308158212834039,0.0002440313196099
2026-08-12T17:25:00+00:00,772.75,-0.000988991810113582,0.0002459805857022
2026-08-12T17:30:00+00:00,772.925,-0.0007627518535516797,0.0002479298517943
2026-08-12T17:35:00+00:00,772.87,-0.0008338558398996998,0.0002498791178868
2026-08-12T17:40:00+00:00,772.875,-0.0008273918411407788,0.0002518283839791
2026-08-12T17:45:00+00:00,772.8,-0.0009243518225244829,0.0002537776500715
2026-08-12T17:50:00+00:00,772.75,-0.000988991810113582,0.0002557269161636
2026-08-12T17:55:00+00:00,772.835,-0.0008791038312120358,0.0002576761822559
2026-08-12T18:00:00+00:00,772.89,-0.0008079998448640158,0.0002596254483482
2026-08-12T18:05:00+00:00,772.88,-0.0008209278423818578,0.0002615747144405
2026-08-12T18:10:00+00:00,773.12,-0.0005106559019540935,0.0002635239805326
2026-08-12T18:15:00+00:00,773.13,-0.0004977279044362515,0.0002654732466249
2026-08-12T18:20:00+00:00,773.23,-0.00036844792925794234,0.0002674225127172
2026-08-12T18:25:00+00:00,773.09,-0.0005494398945075085,0.0002693717788095
2026-08-12T18:30:00+00:00,773.35,-0.0002133119590440602,0.0002713210449019
2026-08-12T18:35:00+00:00,773.4,-0.00014867197145496114,0.0002732703109942
2026-08-12T18:40:00+00:00,773.51,-6.463998758921008e-06,0.0002752195770865
2026-08-12T18:45:00+00:00,773.525,1.2927997517842016e-05,0.0002771688431788
2026-08-12T18:50:00+00:00,773.47,-5.817598883017805e-05,0.0002791181092709
2026-08-12T18:55:00+00:00,773.08,-0.0005623678920252395,0.0002810673753632
2026-08-12T19:00:00+00:00,773.27,-0.0003167359391866853,0.0002830166414555
2026-08-12T19:05:00+00:00,773.235,-0.00036198393049902133,0.0002849659075476
2026-08-12T19:10:00+00:00,773.085,-0.0005559038932664295,0.0002869151736399
2026-08-12T19:15:00+00:00,773.16,-0.00045894391188283645,0.0002888644397323
2026-08-12T19:20:00+00:00,772.88,-0.0008209278423818578,0.0002908137058246
2026-08-12T19:25:00+00:00,772.965,-0.0007110398634803117,0.0002927629719169
2026-08-12T19:30:00+00:00,772.855,-0.0008532478361763518,0.0002947122380092
2026-08-12T19:35:00+00:00,772.89,-0.0008079998448640158,0.0002966615041015
2026-08-12T19:40:00+00:00,772.82,-0.0008984958274886878,0.0002986107701938
2026-08-12T19:45:00+00:00,772.89,-0.0008079998448640158,0.0003005600362859
2026-08-12T19:50:00+00:00,772.25,-0.0016353916860047946,0.0003025093023782
2026-08-12T19:55:00+00:00,772.54,-0.0012604797579879312,0.0003044585684706
2026-08-12T20:00:00+00:00,772.51,-0.0012992637505413462,0.0003064078345629
2026-08-13T13:30:00+00:00,775.33,0.0023464315494852173,0.000308357100655
2026-08-13T13:35:00+00:00,776.455,0.0038008312702404456,0.0003103049919874
2026-08-13T13:40:00+00:00,775.67,0.0027859834650911797,0.0003122528833197
2026-08-13T13:45:00+00:00,776.9,0.004376127159783527,0.0003142007746519
2026-08-13T13:50:00+00:00,777.115,0.0046540791064169085,0.0003161486659841
2026-08-13T13:55:00+00:00,777.595,0.005274622987272437,0.0003180965573166
2026-08-13T14:00:00+00:00,778.225,0.006089086830895374,0.0003200444486488
2026-08-13T14:05:00+00:00,778.16,0.006005054847029401,0.0003219923399813
2026-08-13T14:10:00+00:00,778.5,0.006444606762635585,0.0003239402313133
2026-08-13T14:15:00+00:00,778.54,0.006496318752706731,0.0003258881226457
2026-08-13T14:20:00+00:00,779.01,0.00710393463604464,0.0003278360139782
2026-08-13T14:25:00+00:00,779.195,0.007343102590124495,0.0003297839053104
2026-08-13T14:30:00+00:00,779.225,0.007381886582677799,0.0003317317966426
2026-08-13T14:35:00+00:00,779.055,0.007162110624874707,0.0003336796879749
2026-08-13T14:40:00+00:00,778.66,0.006651454722920613,0.0003356275793073
2026-08-13T14:45:00+00:00,777.655,0.005352190972379267,0.0003375754706396
2026-08-13T14:50:00+00:00,777.81,0.005552574933905596,0.000339523361972
2026-08-13T14:55:00+00:00,777.76,0.005487934946316386,0.000341471253304
2026-08-13T15:00:00+00:00,777.37,0.004983743043121436,0.0003434191446365
2026-08-13T15:05:00+00:00,777.225,0.004796287079112949,0.0003453670359689
2026-08-13T15:10:00+00:00,777.1,0.0046346871101401454,0.0003473149273012
2026-08-13T15:15:00+00:00,777.11,0.0046476151076579875,0.0003492628186336
2026-08-13T15:20:00+00:00,776.96,0.004453695144890579,0.0003512107099656
2026-08-13T15:25:00+00:00,776.24,0.0035228793236072864,0.0003531586012981
2026-08-13T15:30:00+00:00,775.73,0.0028635514501982318,0.0003551064926303
2026-08-13T15:35:00+00:00,775.99,0.00319967938566168,0.0003570543839628
2026-08-13T15:40:00+00:00,775.965,0.003167359391867075,0.0003590022752948
2026-08-13T15:45:00+00:00,775.915,0.003102719404277865,0.0003609501666272
2026-08-13T15:50:00+00:00,775.635,0.0027407354737787326,0.0003628980579597
2026-08-13T15:55:00+00:00,775.49,0.0025532795097704675,0.0003648459492919
2026-08-13T16:00:00+00:00,775.88,0.003057471412965418,0.0003667938406244
2026-08-13T16:05:00+00:00,775.965,0.003167359391867075,0.0003687417319564
2026-08-13T16:10:00+00:00,775.715,0.0028441594539214687,0.0003706896232889
2026-08-13T16:15:00+00:00,775.835,0.002999295424135351,0.0003726375146211
2026-08-13T16:20:00+00:00,776.065,0.003296639367045273,0.0003745854059535
2026-08-13T16:25:00+00:00,776.5,0.0038590072590707347,0.0003765332972858
2026-08-13T16:30:00+00:00,776.65,0.004052927221837921,0.000378481188618
2026-08-13T16:35:00+00:00,776.29,0.0035875193111962744,0.0003804290799505
2026-08-13T16:40:00+00:00,776.45,0.0037943672714815246,0.0003823769712827
2026-08-13T16:45:00+00:00,776.61,0.004001215231766775,0.0003843248626151
2026-08-13T16:50:00+00:00,776.705,0.004124031208186052,0.0003862727539474
2026-08-13T16:55:00+00:00,776.7,0.004117567209427131,0.0003882206452796
2026-08-13T17:00:00+00:00,776.96,0.004453695144890579,0.0003901685366118
2026-08-13T17:05:00+00:00,777.22,0.004789823080354028,0.0003921164279443
2026-08-13T17:10:00+00:00,777.17,0.0047251830927648175,0.0003940643192765
2026-08-13T17:15:00+00:00,777.34,0.00494495905056791,0.0003960122106088
2026-08-13T17:20:00+00:00,777.26,0.004841535070425174,0.0003979601019412
2026-08-13T17:25:00+00:00,777.1,0.0046346871101401454,0.0003999079932734
2026-08-13T17:30:00+00:00,776.915,0.00439551915606029,0.0004018558846059
2026-08-13T17:35:00+00:00,776.77,0.004208063192051803,0.0004038037759381
2026-08-13T17:40:00+00:00,776.62,0.004014143229284617,0.0004057516672704
2026-08-13T17:45:00+00:00,776.765,0.004201599193292882,0.0004076995586026
2026-08-13T17:50:00+00:00,776.77,0.004208063192051803,0.0004096474499351
2026-08-13T17:55:00+00:00,776.745,0.00417574319825742,0.0004115953412673
2026-08-13T18:00:00+00:00,776.91,0.004389055157301369,0.0004135432325997
2026-08-13T18:05:00+00:00,776.83,0.004285631177158855,0.000415491123932
2026-08-13T18:10:00+00:00,777.085,0.004615295113863382,0.0004174390152642
2026-08-13T18:15:00+00:00,776.92,0.004401983154819211,0.0004193869065967
2026-08-13T18:20:00+00:00,776.72,0.004143423204462815,0.0004213347979289
2026-08-13T18:25:00+00:00,776.98,0.004479551139926263,0.0004232826892613
2026-08-13T18:30:00+00:00,777.23,0.00480275107787187,0.0004252305805934
2026-08-13T18:35:00+00:00,777.365,0.004977279044362515,0.0004271784719258
2026-08-13T18:40:00+00:00,777.62,0.005306942981067042,0.000429126363258
2026-08-13T18:45:00+00:00,777.75,0.005475006948798766,0.0004310742545905
2026-08-13T18:50:00+00:00,777.88,0.00564307091653049,0.0004330221459227
2026-08-13T18:55:00+00:00,777.76,0.005487934946316386,0.000434970037255
2026-08-13T19:00:00+00:00,777.89,0.00565599891404811,0.0004369179285874
2026-08-13T19:05:00+00:00,778.34,0.006237758802350335,0.0004388658199196
2026-08-13T19:10:00+00:00,777.94,0.0057206389016373205,0.0004408137112521
2026-08-13T19:15:00+00:00,778.14,0.005979198851993717,0.0004427616025841
2026-08-13T19:20:00+00:00,778.32,0.006211902807314651,0.0004447094939166
2026-08-13T19:25:00+00:00,778.03,0.005836990879297677,0.0004466573852488
2026-08-13T19:30:00+00:00,778.04,0.005849918876815519,0.0004486052765813
2026-08-13T19:35:00+00:00,777.95,0.0057335668991551625,0.0004505531679137
2026-08-13T19:40:00+00:00,777.71,0.005423294958727398,0.0004525010592457
2026-08-13T19:45:00+00:00,777.77,0.005500862943834228,0.0004544489505782
2026-08-13T19:50:00+00:00,777.515,0.005171199007129701,0.0004563968419104
2026-08-13T19:55:00+00:00,777.84,0.005591358926459122,0.0004583447332429
2026-08-13T20:00:00+00:00,777.84,0.005591358926459122,0.0004602926245749
2026-08-14T13:30:00+00:00,778.23,0.006095550829654295,0.0004622405159073
2026-08-14T13:35:00+00:00,778.02,0.0058240628817798346,0.0004641866129668
2026-08-14T13:40:00+00:00,778.375,0.006283006793662782,0.0004661327100268
2026-08-14T13:45:00+00:00,778.01,0.005811134884262215,0.0004680788070863
2026-08-14T13:50:00+00:00,778.52,0.006470462757671047,0.0004700249041462
2026-08-14T13:55:00+00:00,778.43,0.006354110780010691,0.0004719710012057
2026-08-14T14:00:00+00:00,778.57,0.006535102745260257,0.0004739170982652
2026-08-14T14:05:00+00:00,778.49,0.006431678765117743,0.0004758631953252
2026-08-14T14:10:00+00:00,778.29,0.006173118814761125,0.0004778092923847
2026-08-14T14:15:00+00:00,777.825,0.005571966930182359,0.0004797553894442
2026-08-14T14:20:00+00:00,777.45,0.00508716702326395,0.0004817014865041
2026-08-14T14:25:00+00:00,777.405,0.005028991034433661,0.0004836475835636
2026-08-14T14:30:00+00:00,776.9,0.004376127159783527,0.0004855936806236
2026-08-14T14:35:00+00:00,777.385,0.005003135039397977,0.0004875397776831
2026-08-14T14:40:00+00:00,777.13,0.0046734711026934495,0.0004894858747426
2026-08-14T14:45:00+00:00,777.26,0.004841535070425174,0.0004914319718025
2026-08-14T14:50:00+00:00,777.025,0.00453772712875633,0.000493378068862
2026-08-14T14:55:00+00:00,776.76,0.004195135194533961,0.000495324165922
2026-08-14T15:00:00+00:00,776.865,0.004330879168471302,0.0004972702629815
2026-08-14T15:05:00+00:00,776.635,0.004033535225561158,0.000499216360041
2026-08-14T15:10:00+00:00,776.49,0.0038460792615528927,0.0005011624571009
2026-08-14T15:15:00+00:00,776.54,0.003910719249141881,0.0005031085541604
2026-08-14T15:20:00+00:00,776.0,0.0032126073831793,0.0005050546512201
2026-08-14T15:25:00+00:00,776.29,0.0035875193111962744,0.0005070007482799
2026-08-14T15:30:00+00:00,776.16,0.0034194553434645503,0.0005089468453394
2026-08-14T15:35:00+00:00,776.15,0.0034065273459467083,0.0005108929423993
2026-08-14T15:40:00+00:00,776.04,0.003264319373250668,0.0005128390394588
2026-08-14T15:45:00+00:00,775.88,0.003057471412965418,0.0005147851365183
2026-08-14T15:50:00+00:00,776.11,0.0033548153558755622,0.0005167312335783
2026-08-14T15:55:00+00:00,776.22,0.0034970233285716024,0.0005186773306378
2026-08-14T16:00:00+00:00,776.44,0.0037814392739636826,0.0005206234276977
2026-08-14T16:05:00+00:00,776.22,0.0034970233285716024,0.0005225695247572
2026-08-14T16:10:00+00:00,776.54,0.003910719249141881,0.0005245156218167
2026-08-14T16:15:00+00:00,776.59,0.003975359236731091,0.0005264617188767
2026-08-14T16:20:00+00:00,776.67,0.004078783216873605,0.0005284078159362
2026-08-14T16:25:00+00:00,776.685,0.004098175213150368,0.0005303539129959
2026-08-14T16:30:00+00:00,776.385,0.0037103352876155515,0.0005323000100556
2026-08-14T16:35:00+00:00,776.505,0.0038654712578294337,0.0005342461071151
2026-08-14T16:40:00+00:00,776.15,0.0034065273459467083,0.0005361922041751
2026-08-14T16:45:00+00:00,776.135,0.0033871353496699452,0.0005381383012346
2026-08-14T16:50:00+00:00,775.915,0.003102719404277865,0.0005400843982943
2026-08-14T16:55:00+00:00,775.725,0.0028570874514393108,0.000542030495354
2026-08-14T17:00:00+00:00,775.79,0.002941119435305062,0.0005439765924135
2026-08-14T17:05:00+00:00,775.91,0.003096255405518944,0.0005459226894735
2026-08-14T17:10:00+00:00,776.03,0.003251391375732826,0.000547868786533
2026-08-14T17:15:00+00:00,775.97,0.003173823390625996,0.0005498148835925
2026-08-14T17:20:00+00:00,775.815,0.002973439429099667,0.0005517609806524
2026-08-14T17:25:00+00:00,775.76,0.0029023354427515358,0.0005537070777119
2026-08-14T17:30:00+00:00,775.81,0.002966975430340746,0.0005556531747716
2026-08-14T17:35:00+00:00,775.57,0.0026567034899129816,0.0005575992718314
2026-08-14T17:40:00+00:00,775.61,0.0027084154799843496,0.0005595453688909
2026-08-14T17:45:00+00:00,775.58,0.0026696314874308236,0.0005614914659508
2026-08-14T17:50:00+00:00,775.76,0.0029023354427515358,0.0005634375630103
2026-08-14T17:55:00+00:00,775.86,0.003031615417929956,0.00056538366007
2026-08-14T18:00:00+00:00,776.04,0.003264319373250668,0.0005673297571298
2026-08-14T18:05:00+00:00,776.155,0.0034129913447056293,0.0005692758541893
2026-08-14T18:10:00+00:00,776.19,0.0034582393360180763,0.0005712219512492
2026-08-14T18:15:00+00:00,776.21,0.0034840953310537603,0.0005731680483087
2026-08-14T18:20:00+00:00,776.19,0.0034582393360180763,0.0005751141453682
2026-08-14T18:25:00+00:00,775.995,0.003206143384420601,0.0005770602424282
2026-08-14T18:30:00+00:00,775.87,0.003044543415447798,0.0005790063394877
2026-08-14T18:35:00+00:00,776.01,0.003225535380697142,0.0005809524365474
2026-08-14T18:40:00+00:00,776.22,0.0034970233285716024,0.0005828985336071
2026-08-14T18:45:00+00:00,776.22,0.0034970233285716024,0.0005848446306666
2026-08-14T18:50:00+00:00,776.35,0.0036650872963033265,0.0005867907277266
2026-08-14T18:55:00+00:00,776.16,0.0034194553434645503,0.0005887368247861
2026-08-14T19:00:00+00:00,775.975,0.003180287389384917,0.0005906829218458
2026-08-14T19:05:00+00:00,776.16,0.0034194553434645503,0.0005926290189055
2026-08-14T19:10:00+00:00,776.07,0.003303103365804194,0.000594575115965
2026-08-14T19:15:00+00:00,776.01,0.003225535380697142,0.000596521213025
2026-08-14T19:20:00+00:00,776.11,0.0033548153558755622,0.0005984673100845
2026-08-14T19:25:00+00:00,776.17,0.0034323833409823923,0.0006004134071442
2026-08-14T19:30:00+00:00,776.26,0.0035487353186427484,0.0006023595042039
2026-08-14T19:35:00+00:00,776.18,0.0034453113385002343,0.0006043056012634
2026-08-14T19:40:00+00:00,776.16,0.0034194553434645503,0.0006062516983231
2026-08-14T19:45:00+00:00,776.195,0.0034647033347769973,0.0006081977953829
2026-08-14T19:50:00+00:00,776.205,0.0034776313322948393,0.0006101438924424
2026-08-14T19:55:00+00:00,776.3,0.0036004473087141164,0.0006120899895023
2026-08-14T20:00:00+00:00,776.03,0.003251391375732826,0.0006140360865618
2026-08-17T13:30:00+00:00,775.48,0.0025403515122526255,0.0006159821836215
2026-08-17T13:35:00+00:00,775.34,0.0023593595470030593,0.0006179283284291
2026-08-17T13:40:00+00:00,775.59,0.0026825594849486656,0.0006198744732368
2026-08-17T13:45:00+00:00,775.975,0.003180287389384917,0.0006218206180443
2026-08-17T13:50:00+00:00,775.81,0.002966975430340746,0.0006237667628521
2026-08-17T13:55:00+00:00,775.19,0.002165439584235651,0.0006257129076596
2026-08-17T14:00:00+00:00,775.425,0.0024692475259044944,0.0006276590524671
2026-08-17T14:05:00+00:00,775.435,0.0024821755234223364,0.0006296051972749
2026-08-17T14:10:00+00:00,775.63,0.0027342714750198116,0.0006315513420824
2026-08-17T14:15:00+00:00,775.405,0.0024433915308688103,0.0006334974868902
2026-08-17T14:20:00+00:00,775.235,0.00222361557306594,0.0006354436316977
2026-08-17T14:25:00+00:00,775.46,0.0025144955172169414,0.0006373897765052
2026-08-17T14:30:00+00:00,775.565,0.0026502394911540605,0.000639335921313
2026-08-17T14:35:00+00:00,775.08,0.002023231611539611,0.0006412820661205
2026-08-17T14:40:00+00:00,775.155,0.002120191592923204,0.0006432282109283
2026-08-17T14:45:00+00:00,775.305,0.0023141115556906122,0.0006451743557358
2026-08-17T14:50:00+00:00,774.92,0.0018163836512543607,0.0006471205005433
2026-08-17T14:55:00+00:00,775.27,0.002268863564378165,0.0006490666453511
2026-08-17T15:00:00+00:00,775.515,0.0025855995035648505,0.0006510127901586
2026-08-17T15:05:00+00:00,775.37,0.0023981435395563633,0.0006529589349664
2026-08-17T15:10:00+00:00,775.32,0.0023335035519673752,0.0006549050797739
2026-08-17T15:15:00+00:00,775.74,0.0028764794477160738,0.0006568512245814
2026-08-17T15:20:00+00:00,775.715,0.0028441594539214687,0.0006587973693892
2026-08-17T15:25:00+00:00,775.765,0.0029087994415104568,0.0006607435141967
2026-08-17T15:30:00+00:00,775.23,0.002217151574307019,0.0006626896590045
2026-08-17T15:35:00+00:00,775.02,0.0019456636264325589,0.000664635803812
2026-08-17T15:40:00+00:00,775.095,0.002042623607816374,0.0006665819486195
2026-08-17T15:45:00+00:00,775.11,0.002062015604093137,0.0006685280934273
2026-08-17T15:50:00+00:00,775.37,0.0023981435395563633,0.0006704742382348
2026-08-17T15:55:00+00:00,775.32,0.0023335035519673752,0.0006724203830426
2026-08-17T16:00:00+00:00,775.22,0.002204223576789177,0.0006743665278501
2026-08-17T16:05:00+00:00,775.12,0.002074943601610757,0.0006763126726578
2026-08-17T16:10:00+00:00,775.395,0.0024304635333509683,0.0006782588174654
2026-08-17T16:15:00+00:00,775.5,0.0025662075072880874,0.0006802049622729
2026-08-17T16:20:00+00:00,775.37,0.0023981435395563633,0.0006821511070806
2026-08-17T16:25:00+00:00,775.3,0.002307647556931691,0.0006840972518882
2026-08-17T16:30:00+00:00,775.11,0.002062015604093137,0.0006860433966962
2026-08-17T16:35:00+00:00,775.28,0.002281791561896007,0.0006879895415037
2026-08-17T16:40:00+00:00,774.94,0.0018422396462900448,0.0006899356863112
2026-08-17T16:45:00+00:00,775.03,0.001958591623950401,0.000691881831119
2026-08-17T16:50:00+00:00,774.87,0.0017517436636651507,0.0006938279759265
2026-08-17T16:55:00+00:00,774.67,0.0014931837133087544,0.0006957741207342
2026-08-17T17:00:00+00:00,774.67,0.0014931837133087544,0.0006977202655418
2026-08-17T17:05:00+00:00,774.58,0.0013768317356483983,0.0006996664103493
2026-08-17T17:10:00+00:00,774.3,0.001014847805149266,0.0007016125551571
2026-08-17T17:15:00+00:00,774.24,0.0009372798200422139,0.0007035586999646
2026-08-17T17:20:00+00:00,773.75,0.0003038079416688433,0.0007055048447723
2026-08-17T17:25:00+00:00,773.58,8.40319838659731e-05,0.0007074509895799
2026-08-17T17:30:00+00:00,773.43,-0.00010988797890154611,0.0007093971343874
2026-08-17T17:35:00+00:00,773.16,-0.00045894391188283645,0.0007113432791951
2026-08-17T17:40:00+00:00,773.78,0.00034259193422236933,0.0007132894240027
2026-08-17T17:45:00+00:00,773.5,-1.9391996276763024e-05,0.0007152355688104
2026-08-17T17:50:00+00:00,773.51,-6.463998758921008e-06,0.000717181713618
2026-08-17T17:55:00+00:00,773.41,-0.00013574397393723014,0.0007191278584255
2026-08-17T18:00:00+00:00,773.41,-0.00013574397393723014,0.0007210740032332
2026-08-17T18:05:00+00:00,773.37,-0.00018745596400837616,0.0007230201480408
2026-08-17T18:10:00+00:00,773.68,0.00021331195904394917,0.0007249662928485
2026-08-17T18:15:00+00:00,773.57,7.110398634813109e-05,0.0007269124376561
2026-08-17T18:20:00+00:00,773.72,0.0002650239491155393,0.0007288585824636
2026-08-17T18:25:00+00:00,773.6,0.00010988797890165714,0.0007308047272713
2026-08-17T18:30:00+00:00,773.3,-0.0002779519466332703,0.0007327508720789
2026-08-17T18:35:00+00:00,773.47,-5.817598883017805e-05,0.0007346970168866
2026-08-17T18:40:00+00:00,773.595,0.00010342398014273613,0.0007366431616941
2026-08-17T18:45:00+00:00,773.71,0.00025209595159769727,0.0007385893065017
2026-08-17T18:50:00+00:00,773.59,9.695998138381512e-05,0.0007405354513094
2026-08-17T18:55:00+00:00,773.535,2.5855995035684032e-05,0.000742481596117
2026-08-17T19:00:00+00:00,773.34,-0.0002262399565619022,0.0007444277409247
2026-08-17T19:05:00+00:00,773.325,-0.0002456319528385542,0.0007463738857322
2026-08-17T19:10:00+00:00,773.21,-0.0003943039242936264,0.0007483200305398
2026-08-17T19:15:00+00:00,773.405,-0.00014220797269604013,0.0007502661753475
2026-08-17T19:20:00+00:00,773.29,-0.0002908799441511123,0.000752212320155
2026-08-17T19:25:00+00:00,773.13,-0.0004977279044362515,0.0007541584649628
2026-08-17T19:30:00+00:00,772.97,-0.0007045758647213907,0.0007561046097703
2026-08-17T19:35:00+00:00,773.02,-0.0006399358771322916,0.0007580507545779
2026-08-17T19:40:00+00:00,772.995,-0.0006722558709268966,0.0007599968993856
2026-08-17T19:45:00+00:00,773.33,-0.0002391679540796332,0.0007619430441931
2026-08-17T19:50:00+00:00,772.755,-0.000982527811354661,0.0007638891890009
2026-08-17T19:55:00+00:00,772.62,-0.0011570557778453061,0.0007658353338084
2026-08-17T20:00:00+00:00,772.75,-0.000988991810113582,0.000767781478616
2026-08-18T13:30:00+00:00,768.57,-0.006392894772564106,0.0
2026-08-18T13:35:00+00:00,769.1,-0.0057077109041194785,1.9439421337086316e-06
2026-08-18T13:40:00+00:00,768.75,-0.006160190817243394,3.887884267639308e-06
2026-08-18T13:45:00+00:00,768.5,-0.006483390755189,5.831826401347939e-06
2026-08-18T13:50:00+00:00,768.51,-0.006470462757671158,7.775768535278615e-06
2026-08-18T13:55:00+00:00,768.48,-0.006509246750224573,9.719710668987247e-06
2026-08-18T14:00:00+00:00,768.91,-0.005953342856958144,1.1663652802917923e-05
2026-08-18T14:05:00+00:00,768.61,-0.006341182782492849,1.3607594936626555e-05
2026-08-18T14:10:00+00:00,768.14,-0.006948798665830647,1.555153707055723e-05
2026-08-18T14:15:00+00:00,768.64,-0.006302398789939434,1.7495479204265862e-05
2026-08-18T14:20:00+00:00,768.8,-0.006095550829654295,1.943942133819654e-05
2026-08-18T14:25:00+00:00,768.58,-0.006379966775046264,2.138336347190517e-05
2026-08-18T14:30:00+00:00,768.92,-0.005940414859440413,2.3327305605835846e-05
2026-08-18T14:35:00+00:00,769.085,-0.0057271029003961305,2.5271247739544478e-05
2026-08-18T14:40:00+00:00,768.4,-0.006612670730367198,2.7215189873475154e-05
2026-08-18T14:45:00+00:00,768.47,-0.006522174747742415,2.9159132007183786e-05
2026-08-18T14:50:00+00:00,767.97,-0.007168574623633628,3.110307414111446e-05
2026-08-18T14:55:00+00:00,767.88,-0.007284926601294095,3.304701627482309e-05
2026-08-18T15:00:00+00:00,768.235,-0.0068259826894112585,3.499095840875377e-05
2026-08-18T15:05:00+00:00,767.83,-0.007349566588883194,3.69349005424624e-05
2026-08-18T15:10:00+00:00,767.73,-0.007478846564061392,3.887884267639308e-05
2026-08-18T15:15:00+00:00,767.48,-0.0078020465020069985,4.082278481010171e-05
2026-08-18T15:20:00+00:00,767.63,-0.007608126539239701,4.2766726944032385e-05
2026-08-18T15:25:00+00:00,767.85,-0.00732371059384751,4.4710669077741017e-05
2026-08-18T15:30:00+00:00,767.88,-0.007284926601294095,4.665461121167169e-05
2026-08-18T15:35:00+00:00,767.835,-0.007343102590124273,4.8598553345380324e-05
2026-08-18T15:40:00+00:00,768.07,-0.007039294648455319,5.0542495479311e-05
2026-08-18T15:45:00+00:00,768.4,-0.006612670730367198,5.248643761301963e-05
2026-08-18T15:50:00+00:00,768.55,-0.006418750767599901,5.4430379746728264e-05
2026-08-18T15:55:00+00:00,768.37,-0.006651454722920724,5.637432188065894e-05
2026-08-18T16:00:00+00:00,768.59,-0.006367038777528533,5.831826401436757e-05
2026-08-18T16:05:00+00:00,768.44,-0.00656095874029583,6.026220614829825e-05
2026-08-18T16:10:00+00:00,768.56,-0.006405822770082059,6.220614828200688e-05
2026-08-18T16:15:00+00:00,768.27,-0.0067807346980989225,6.415009041593756e-05
2026-08-18T16:20:00+00:00,768.62,-0.006328254784975007,6.609403254964619e-05
2026-08-18T16:25:00+00:00,768.23,-0.0068324466881701795,6.803797468357686e-05
2026-08-18T16:30:00+00:00,768.31,-0.0067290227080276654,6.99819168172855e-05
2026-08-18T16:35:00+00:00,768.52,-0.006457534760153316,7.192585895121617e-05
2026-08-18T16:40:00+00:00,768.36,-0.006664382720438455,7.38698010849248e-05
2026-08-18T16:45:00+00:00,768.76,-0.006147262819725552,7.581374321885548e-05
2026-08-18T16:50:00+00:00,768.825,-0.006063230835859579,7.775768535256411e-05
2026-08-18T16:55:00+00:00,768.63,-0.006315326787457276,7.970162748649479e-05
2026-08-18T17:00:00+00:00,768.645,-0.006295934791180513,8.164556962020342e-05
2026-08-18T17:05:00+00:00,768.71,-0.006211902807314651,8.35895117541341e-05
2026-08-18T17:10:00+00:00,768.64,-0.006302398789939434,8.553345388784273e-05
2026-08-18T17:15:00+00:00,768.39,-0.00662559872788504,8.74773960217734e-05
2026-08-18T17:20:00+00:00,768.24,-0.0068195186906523375,8.942133815548203e-05
2026-08-18T17:25:00+00:00,768.29,-0.0067548787030633495,9.136528028941271e-05
2026-08-18T17:30:00+00:00,768.24,-0.0068195186906523375,9.330922242312134e-05
2026-08-18T17:35:00+00:00,768.215,-0.0068518386844469426,9.525316455705202e-05
2026-08-18T17:40:00+00:00,768.12,-0.006974654660866331,9.719710669076065e-05
2026-08-18T17:45:00+00:00,768.0,-0.007129790631080213,9.914104882469132e-05
2026-08-18T17:50:00+00:00,768.09,-0.007013438653419746,0.00010108499095839996
2026-08-18T17:55:00+00:00,767.63,-0.007608126539239701,0.00010302893309233063
2026-08-18T18:00:00+00:00,767.635,-0.00760166254048078,0.00010497287522603926
2026-08-18T18:05:00+00:00,767.46,-0.007827902497042682,0.0001069168173597479
2026-08-18T18:10:00+00:00,768.01,-0.007116862633562371,0.00010886075949367857
2026-08-18T18:15:00+00:00,768.31,-0.0067290227080276654,0.0001108047016273872
2026-08-18T18:20:00+00:00,768.265,-0.0067871986968578435,0.00011274864376131788
2026-08-18T18:25:00+00:00,768.32,-0.006716094710509712,0.00011469258589502651
2026-08-18T18:30:00+00:00,768.23,-0.0068324466881701795,0.00011663652802895719
2026-08-18T18:35:00+00:00,768.32,-0.006716094710509712,0.00011858047016266582
2026-08-18T18:40:00+00:00,768.13,-0.006961726663348489,0.0001205244122965965
2026-08-18T18:45:00+00:00,768.07,-0.007039294648455319,0.00012246835443030513
2026-08-18T18:50:00+00:00,767.8,-0.00738835058143672,0.0001244122965642358
2026-08-18T18:55:00+00:00,767.75,-0.007452990569025819,0.00012635623869794443
2026-08-18T19:00:00+00:00,767.795,-0.007394814580195641,0.0001283001808318751
2026-08-18T19:05:00+00:00,767.82,-0.007362494586400925,0.00013024412296558374
2026-08-18T19:10:00+00:00,767.62,-0.007621054536757543,0.00013218806509951442
2026-08-18T19:15:00+00:00,767.84,-0.007336638591365352,0.00013413200723322305
2026-08-18T19:20:00+00:00,768.15,-0.006935870668312805,0.00013607594936715373
2026-08-18T19:25:00+00:00,768.06,-0.007052222645973272,0.00013801989150086236
2026-08-18T19:30:00+00:00,767.905,-0.007252606607499601,0.00013996383363479303
2026-08-18T19:35:00+00:00,767.96,-0.00718150262115147,0.00014190777576850166
2026-08-18T19:40:00+00:00,767.9,-0.007259070606258411,0.00014385171790243234
2026-08-18T19:45:00+00:00,767.93,-0.007220286613704996,0.00014579566003614097
2026-08-18T19:50:00+00:00,767.415,-0.007886078485872972,0.00014773960217007165
2026-08-18T19:55:00+00:00,767.365,-0.00795071847346207,0.00014968354430378028
2026-08-18T20:00:00+00:00,767.35,-0.007970110469738723,0.00015162748643771096
2026-08-19T13:30:00+00:00,770.045,-0.004486015138685073,0.0001535714285714196
2026-08-19T13:35:00+00:00,769.54,-0.005138879013335207,0.00015551495154242367
2026-08-19T13:40:00+00:00,770.15,-0.004350271164747954,0.00015745847451320572
2026-08-19T13:45:00+00:00,768.55,-0.006418750767599901,0.00015940199748443185
2026-08-19T13:50:00+00:00,769.72,-0.004906175058014384,0.00016134552045543593
2026-08-19T13:55:00+00:00,770.045,-0.004486015138685073,0.00016328904342621797
2026-08-19T14:00:00+00:00,769.73,-0.004893247060496542,0.00016523256639722206
2026-08-19T14:05:00+00:00,769.775,-0.004835071071666364,0.00016717608936822614
2026-08-19T14:10:00+00:00,768.76,-0.006147262819725552,0.00016911961233900819
2026-08-19T14:15:00+00:00,769.795,-0.004809215076630791,0.00017106313531023432
2026-08-19T14:20:00+00:00,769.72,-0.004906175058014384,0.0001730066582812384
2026-08-19T14:25:00+00:00,769.965,-0.004589439118827587,0.00017495018125202044
2026-08-19T14:30:00+00:00,770.08,-0.004440767147372626,0.00017689370422302453
2026-08-19T14:35:00+00:00,771.14,-0.00307039941048326,0.00017883722719402861
2026-08-19T14:40:00+00:00,771.08,-0.003147967395590201,0.0001807807501650327
2026-08-19T14:45:00+00:00,770.73,-0.0036004473087141164,0.00018272427313603679
2026-08-19T14:50:00+00:00,771.36,-0.0027859834650911797,0.00018466779610704087
2026-08-19T14:55:00+00:00,772.19,-0.0017129596711116246,0.00018661131907804496
2026-08-19T15:00:00+00:00,772.16,-0.0017517436636652617,0.000188554842048827
2026-08-19T15:05:00+00:00,771.53,-0.0025662075072881985,0.00019049836501983108
2026-08-19T15:10:00+00:00,771.78,-0.002243007569342592,0.00019244188799105721
2026-08-19T15:15:00+00:00,771.505,-0.0025985275010826925,0.00019438541096183926
2026-08-19T15:20:00+00:00,771.2,-0.002992831425376319,0.00019632893393284334
2026-08-19T15:25:00+00:00,771.065,-0.003167359391866964,0.00019827245690384743
2026-08-19T15:30:00+00:00,770.79,-0.0035228793236071754,0.00020021597987462947
2026-08-19T15:35:00+00:00,770.56,-0.0038202232665172087,0.00020215950284563355
2026-08-19T15:40:00+00:00,770.5,-0.0038977912516240387,0.00020410302581685968
2026-08-19T15:45:00+00:00,770.46,-0.003949503241695296,0.00020604654878764173
2026-08-19T15:50:00+00:00,770.11,-0.004401983154819211,0.0002079900717586458
2026-08-19T15:55:00+00:00,770.62,-0.0037426552814101566,0.0002099335947296499
2026-08-19T16:00:00+00:00,771.29,-0.0028764794477159628,0.00021187711770043194
2026-08-19T16:05:00+00:00,771.48,-0.0026308474948771865,0.00021382064067165807
2026-08-19T16:10:00+00:00,771.6,-0.0024757115246633044,0.00021576416364266215
2026-08-19T16:15:00+00:00,771.85,-0.002152511586717698,0.0002177076866134442
2026-08-19T16:20:00+00:00,771.36,-0.0027859834650911797,0.00021965120958444828
2026-08-19T16:25:00+00:00,770.745,-0.0035810553124373534,0.00022159473255545237
2026-08-19T16:30:00+00:00,770.73,-0.0036004473087141164,0.0002235382555262344
2026-08-19T16:35:00+00:00,770.51,-0.0038848632541061967,0.00022548177849746054
2026-08-19T16:40:00+00:00,770.395,-0.004033535225561269,0.00022742530146846462
2026-08-19T16:45:00+00:00,770.22,-0.00425977518212306,0.0002293688244394687
2026-08-19T16:50:00+00:00,769.88,-0.0046993270977291335,0.00023131234741025075
2026-08-19T16:55:00+00:00,769.73,-0.004893247060496542,0.00023325587038125484
2026-08-19T17:00:00+00:00,769.9,-0.0046734711026935605,0.00023519939335225892
2026-08-19T17:05:00+00:00,769.5,-0.005190591003406464,0.000237142916323263
2026-08-19T17:10:00+00:00,769.835,-0.0047575030865593115,0.0002390864392942671
2026-08-19T17:15:00+00:00,769.54,-0.005138879013335207,0.00024102996226527118
2026-08-19T17:20:00+00:00,769.265,-0.005494398945075418,0.00024297348523605322
2026-08-19T17:25:00+00:00,769.54,-0.005138879013335207,0.0002449170082070573
2026-08-19T17:30:00+00:00,769.22,-0.005552574933905596,0.00024686053117828344
2026-08-19T17:35:00+00:00,769.245,-0.005520254940110991,0.0002488040541490655
2026-08-19T17:40:00+00:00,769.58,-0.005087167023263839,0.00025074757712006956
2026-08-19T17:45:00+00:00,769.55,-0.005125951015817476,0.00025269110009107365
2026-08-19T17:50:00+00:00,769.6,-0.005061311028228266,0.0002546346230618557
2026-08-19T17:55:00+00:00,769.41,-0.005306942981066931,0.0002565781460328598
2026-08-19T18:00:00+00:00,770.12,-0.004389055157301369,0.0002585216690040859
2026-08-19T18:05:00+00:00,768.985,-0.00585638287557444,0.00026046519197486795
2026-08-19T18:10:00+00:00,769.44,-0.005268158988513405,0.00026240871494587203
2026-08-19T18:15:00+00:00,769.34,-0.005397438963691714,0.0002643522379168761
2026-08-19T18:20:00+00:00,769.29,-0.005462078951280924,0.00026629576088765816
2026-08-19T18:25:00+00:00,769.58,-0.005087167023263839,0.0002682392838588843
2026-08-19T18:30:00+00:00,769.97,-0.004582975120068777,0.0002701828068298884
2026-08-19T18:35:00+00:00,769.82,-0.0047768950828360746,0.0002721263298006704
2026-08-19T18:40:00+00:00,769.8,-0.00480275107787187,0.0002740698527716745
2026-08-19T18:45:00+00:00,769.775,-0.004835071071666364,0.0002760133757426786
2026-08-19T18:50:00+00:00,769.68,-0.004957887048085752,0.0002779568987136827
2026-08-19T18:55:00+00:00,769.52,-0.005164735008370891,0.00027990042168468676
2026-08-19T19:00:00+00:00,769.62,-0.005035455033192582,0.00028184394465569085
2026-08-19T19:05:00+00:00,769.96,-0.004595903117586508,0.00028378746762669493
2026-08-19T19:10:00+00:00,769.685,-0.004951423049326831,0.000285730990597477
2026-08-19T19:15:00+00:00,770.01,-0.00453126312999752,0.00028767451356848106
2026-08-19T19:20:00+00:00,769.94,-0.004621759112622192,0.00028961803653948515
2026-08-19T19:25:00+00:00,769.625,-0.005028991034433661,0.00029156155951048923
2026-08-19T19:30:00+00:00,770.175,-0.00431795117095346,0.0002935050824814933
2026-08-19T19:35:00+00:00,769.22,-0.005552574933905596,0.0002954486054524974
2026-08-19T19:40:00+00:00,769.005,-0.005830526880538867,0.00029739212842327944
2026-08-19T19:45:00+00:00,768.74,-0.006173118814761125,0.00029933565139428353
2026-08-19T19:50:00+00:00,768.74,-0.006173118814761125,0.00030127917436550966
2026-08-19T19:55:00+00:00,769.09,-0.0057206389016373205,0.0003032226973362917
2026-08-19T20:00:00+00:00,769.13,-0.005668926911566063,0.0003051662203072958
2026-08-20T13:30:00+00:00,767.05,-0.008357950395273539,0.0003071097432782999
2026-08-20T13:35:00+00:00,767.285,-0.008054142453604696,0.0003090536543346456
2026-08-20T13:40:00+00:00,767.41,-0.007892542484631893,0.0003109975653907693
2026-08-20T13:45:00+00:00,767.13,-0.008254526415130914,0.000312941476447115
2026-08-20T13:50:00+00:00,766.96,-0.008474302372933895,0.0003148853875032387
2026-08-20T13:55:00+00:00,766.57,-0.008978494276129068,0.0003168292985595844
2026-08-20T14:00:00+00:00,766.005,-0.009708926135886142,0.00031877320961593014
2026-08-20T14:05:00+00:00,766.645,-0.008881534294745475,0.0003207171206720538
2026-08-20T14:10:00+00:00,765.99,-0.009728318132162905,0.00032266103172839955
2026-08-20T14:15:00+00:00,765.455,-0.010419965999366454,0.0003246049427847453
2026-08-20T14:20:00+00:00,766.75,-0.008745790320808244,0.00032654885384086896
2026-08-20T14:25:00+00:00,766.22,-0.009430974189252872,0.0003284927648972147
2026-08-20T14:30:00+00:00,766.105,-0.009579646160707944,0.00033043667595333837
2026-08-20T14:35:00+00:00,766.96,-0.008474302372933895,0.0003323805870096841
2026-08-20T14:40:00+00:00,767.15,-0.008228670420095341,0.0003343244980660298
2026-08-20T14:45:00+00:00,766.73,-0.008771646315843817,0.0003362684091221535
2026-08-20T14:50:00+00:00,766.74,-0.008758718318326086,0.0003382123201784992
2026-08-20T14:55:00+00:00,767.2,-0.00816403043250613,0.000340156231235067
2026-08-20T15:00:00+00:00,767.895,-0.007265534605017332,0.0003421001422911907
2026-08-20T15:05:00+00:00,766.57,-0.008978494276129068,0.0003440440533475364
2026-08-20T15:10:00+00:00,766.705,-0.008803966309638422,0.0003459879644036601
2026-08-20T15:15:00+00:00,766.845,-0.008622974344388856,0.0003479318754600058
2026-08-20T15:20:00+00:00,766.32,-0.009301694214074674,0.00034987578651635154
2026-08-20T15:25:00+00:00,766.69,-0.008823358305915074,0.0003518196975724752
2026-08-20T15:30:00+00:00,766.045,-0.009657214145814885,0.00035376360862882095
2026-08-20T15:35:00+00:00,765.61,-0.010219582037840236,0.0003557075196851667
2026-08-20T15:40:00+00:00,765.38,-0.010516925980750158,0.00035765143074129035
2026-08-20T15:45:00+00:00,765.53,-0.010323006017982861,0.0003595953417976361
2026-08-20T15:50:00+00:00,765.835,-0.009928702093689123,0.00036153925285375976
2026-08-20T15:55:00+00:00,765.81,-0.00996102208748384,0.0003634831639101055
2026-08-20T16:00:00+00:00,765.54,-0.010310078020465019,0.0003654270749664512
2026-08-20T16:05:00+00:00,765.9,-0.009844670109823372,0.0003673709860225749
2026-08-20T16:10:00+00:00,765.51,-0.010348862013018434,0.0003693148970789206
2026-08-20T16:15:00+00:00,765.615,-0.010213118039081315,0.00037125880813526635
2026-08-20T16:20:00+00:00,766.045,-0.009657214145814885,0.00037320271919139003
2026-08-20T16:25:00+00:00,765.745,-0.01004505407134959,0.00037514663024773576
2026-08-20T16:30:00+00:00,766.1,-0.009586110159466754,0.00037709054130385944
2026-08-20T16:35:00+00:00,766.29,-0.0093404782066282,0.00037903445236020517
2026-08-20T16:40:00+00:00,766.625,-0.008907390289781048,0.0003809783634165509
2026-08-20T16:45:00+00:00,766.36,-0.009249982224003417,0.0003829222744726746
2026-08-20T16:50:00+00:00,766.16,-0.009508542174359924,0.0003848661855290203
2026-08-20T16:55:00+00:00,766.4,-0.00919827023393216,0.000386810096585366
2026-08-20T17:00:00+00:00,766.02,-0.00968953413960949,0.0003887540076414897
2026-08-20T17:05:00+00:00,765.68,-0.010129086055215564,0.00039069791869783543
2026-08-20T17:10:00+00:00,765.51,-0.010348862013018434,0.0003926418297539591
2026-08-20T17:15:00+00:00,764.865,-0.011182717852918134,0.00039458574081030484
2026-08-20T17:20:00+00:00,765.08,-0.010904765906284863,0.00039652965186665057
2026-08-20T17:25:00+00:00,764.74,-0.011344317821890937,0.00039847356292277425
2026-08-20T17:30:00+00:00,764.61,-0.011512381789622661,0.00040041747397912
2026-08-20T17:35:00+00:00,764.51,-0.01164166176480097,0.00040236138503524366
2026-08-20T17:40:00+00:00,764.44,-0.011732157747425642,0.00040430529609181143
2026-08-20T17:45:00+00:00,764.72,-0.011370173816926621,0.00040624920714815715
2026-08-20T17:50:00+00:00,764.755,-0.011324925825614285,0.00040819311820428084
2026-08-20T17:55:00+00:00,764.54,-0.011602877772247444,0.00041013702926062656
2026-08-20T18:00:00+00:00,764.105,-0.012165245664272795,0.0004120809403169723
2026-08-20T18:05:00+00:00,763.73,-0.012650045571191204,0.00041402485137309597
2026-08-20T18:10:00+00:00,763.585,-0.012837501535199691,0.0004159687624294417
2026-08-20T18:15:00+00:00,763.67,-0.012727613556298256,0.0004179126734855654
2026-08-20T18:20:00+00:00,763.62,-0.012792253543887244,0.0004198565845419111
2026-08-20T18:25:00+00:00,763.53,-0.012908605521547711,0.00042180049559825683
2026-08-20T18:30:00+00:00,763.32,-0.01318009346942195,0.0004237444066543805
2026-08-20T18:35:00+00:00,763.51,-0.012934461516583395,0.00042568831771072624
2026-08-20T18:40:00+00:00,763.58,-0.012843965533958501,0.00042763222876707196
2026-08-20T18:45:00+00:00,763.73,-0.012650045571191204,0.00042957613982319565
2026-08-20T18:50:00+00:00,763.6,-0.012818109538922928,0.00043152005087954137
2026-08-20T18:55:00+00:00,763.26,-0.013257661454529002,0.00043346396193566505
2026-08-20T19:00:00+00:00,763.42,-0.013050813494243863,0.0004354078729920108
2026-08-20T19:05:00+00:00,763.6,-0.012818109538922928,0.0004373517840483565
2026-08-20T19:10:00+00:00,763.55,-0.012882749526512138,0.0004392956951044802
2026-08-20T19:15:00+00:00,763.32,-0.01318009346942195,0.0004412396061608259
2026-08-20T19:20:00+00:00,763.67,-0.012727613556298256,0.00044318351721717164
2026-08-20T19:25:00+00:00,763.49,-0.012960317511618968,0.0004451274282732953
2026-08-20T19:30:00+00:00,763.19,-0.013348157437153674,0.00044707133932964105
2026-08-20T19:35:00+00:00,763.49,-0.012960317511618968,0.00044901525038576473
2026-08-20T19:40:00+00:00,763.04,-0.013542077399921193,0.00045095916144211046
2026-08-20T19:45:00+00:00,763.37,-0.013115453481832962,0.0004529030724984562
2026-08-20T19:50:00+00:00,762.9,-0.013723069365170648,0.00045484698355457986
2026-08-20T19:55:00+00:00,762.62,-0.01408505329566978,0.0004567908946109256
2026-08-20T20:00:00+00:00,762.72,-0.013955773320491471,0.0004587348056672713
2026-08-21T13:30:00+00:00,764.89,-0.01115039785912364,0.000460678716723395
2026-08-21T13:35:00+00:00,765.08,-0.010904765906284863,0.0004626235543898627
2026-08-21T13:40:00+00:00,765.15,-0.010814269923660191,0.0004645683920565524
2026-08-21T13:45:00+00:00,764.965,-0.011053437877739825,0.0004665132297230201
2026-08-21T13:50:00+00:00,764.38,-0.011809725732532694,0.00046845806738970985
2026-08-21T13:55:00+00:00,764.57,-0.011564093779693918,0.00047040290505617754
2026-08-21T14:00:00+00:00,764.905,-0.011131005862846877,0.0004723477427228673
2026-08-21T14:05:00+00:00,765.24,-0.010697917945999724,0.00047429258038933497
2026-08-21T14:10:00+00:00,764.72,-0.011370173816926621,0.0004762374180560247
2026-08-21T14:15:00+00:00,764.59,-0.011538237784658234,0.0004781822557224924
2026-08-21T14:20:00+00:00,764.755,-0.011324925825614285,0.00048012709338918214
2026-08-21T14:25:00+00:00,764.64,-0.011473597797069246,0.00048207193105564983
2026-08-21T14:30:00+00:00,764.48,-0.011680445757354385,0.00048401676872233956
2026-08-21T14:35:00+00:00,764.335,-0.011867901721362761,0.00048596160638880725
2026-08-21T14:40:00+00:00,764.55,-0.011589949774729713,0.00048790644405571904
2026-08-21T14:45:00+00:00,765.04,-0.010956477896356231,0.0004898512817221867
2026-08-21T14:50:00+00:00,764.94,-0.01108575787153443,0.0004917961193888765
2026-08-21T14:55:00+00:00,765.815,-0.009954558088724808,0.0004937409570553442
2026-08-21T15:00:00+00:00,766.24,-0.009405118194217299,0.0004956857947220339
2026-08-21T15:05:00+00:00,765.825,-0.009941630091206966,0.0004976306323885016
2026-08-21T15:10:00+00:00,765.7,-0.010103230060179769,0.0004995754700551913
2026-08-21T15:15:00+00:00,765.595,-0.010238974034116888,0.000501520307721659
2026-08-21T15:20:00+00:00,765.505,-0.010355326011777355,0.0005034651453883487
2026-08-21T15:25:00+00:00,765.92,-0.009818814114787688,0.0005054099830548164
2026-08-21T15:30:00+00:00,766.47,-0.009107774251307266,0.0005073548207215062
2026-08-21T15:35:00+00:00,767.04,-0.008370878392791381,0.0005092996583879739
2026-08-21T15:40:00+00:00,767.3,-0.008034750457327933,0.0005112444960546636
2026-08-21T15:45:00+00:00,767.01,-0.008409662385344796,0.0005131893337211313
2026-08-21T15:50:00+00:00,767.68,-0.007543486551650602,0.000515134171387599
2026-08-21T15:55:00+00:00,767.2,-0.00816403043250613,0.0005170790090542887
2026-08-21T16:00:00+00:00,766.74,-0.008758718318326086,0.0005190238467207564
2026-08-21T16:05:00+00:00,766.35,-0.009262910221521148,0.0005209686843874461
2026-08-21T16:10:00+00:00,766.335,-0.009282302217797911,0.0005229135220539138
2026-08-21T16:15:00+00:00,766.025,-0.00968307014085057,0.0005248583597206036
2026-08-21T16:20:00+00:00,766.17,-0.009495614176842082,0.0005268031973870713
2026-08-21T16:25:00+00:00,766.445,-0.00914009424510187,0.000528748035053761
2026-08-21T16:30:00+00:00,766.04,-0.009663678144573806,0.0005306928727202287
2026-08-21T16:35:00+00:00,766.55,-0.009004350271164752,0.0005326377103869184
2026-08-21T16:40:00+00:00,766.38,-0.009224126228967733,0.0005345825480533861
2026-08-21T16:45:00+00:00,766.18,-0.009482686179324351,0.0005365273857200759
2026-08-21T16:50:00+00:00,766.02,-0.00968953413960949,0.0005384722233867656
2026-08-21T16:55:00+00:00,766.3,-0.009327550209110358,0.0005404170610534553
2026-08-21T17:00:00+00:00,766.33,-0.009288766216556832,0.000542361898719923
2026-08-21T17:05:00+00:00,766.375,-0.009230590227726654,0.0005443067363866128
2026-08-21T17:10:00+00:00,766.15,-0.009521470171877766,0.0005462515740530804
2026-08-21T17:15:00+00:00,766.14,-0.009534398169395497,0.0005481964117197702
2026-08-21T17:20:00+00:00,765.845,-0.009915774096171281,0.0005501412493862379
2026-08-21T17:25:00+00:00,765.81,-0.00996102208748384,0.0005520860870529276
2026-08-21T17:30:00+00:00,765.545,-0.010303614021706098,0.0005540309247193953
2026-08-21T17:35:00+00:00,765.575,-0.010264830029152572,0.000555975762386085
2026-08-21T17:40:00+00:00,765.655,-0.010161406049010058,0.0005579206000525527
2026-08-21T17:45:00+00:00,765.695,-0.01010969405893869,0.0005598654377192425
2026-08-21T17:50:00+00:00,765.59,-0.010245438032875809,0.0005618102753857102
2026-08-21T17:55:00+00:00,765.505,-0.010355326011777355,0.0005637551130523999
2026-08-21T18:00:00+00:00,765.66,-0.010154942050251137,0.0005656999507188676
2026-08-21T18:05:00+00:00,765.33,-0.010581565968339257,0.0005676447883853353
2026-08-21T18:10:00+00:00,765.34,-0.010568637970821415,0.000569589626052025
2026-08-21T18:15:00+00:00,765.47,-0.010400574003089691,0.0005715344637184927
2026-08-21T18:20:00+00:00,765.495,-0.010368254009295197,0.0005734793013851824
2026-08-21T18:25:00+00:00,765.285,-0.010639741957169546,0.0005754241390516501
2026-08-21T18:30:00+00:00,765.175,-0.010781949929865697,0.0005773689767183399
2026-08-21T18:35:00+00:00,765.225,-0.010717309942276487,0.0005793138143848076
2026-08-21T18:40:00+00:00,765.41,-0.010478141988196743,0.0005812586520514973
2026-08-21T18:45:00+00:00,765.65,-0.010167870047768979,0.000583203489717965
2026-08-21T18:50:00+00:00,765.885,-0.009864062106100024,0.0005851483273846547
2026-08-21T18:55:00+00:00,766.22,-0.009430974189252872,0.0005870931650511224
2026-08-21T19:00:00+00:00,766.03,-0.009676606142091648,0.0005890380027180342
2026-08-21T19:05:00+00:00,766.11,-0.009573182161949023,0.0005909828403845019
2026-08-21T19:10:00+00:00,766.04,-0.009663678144573806,0.0005929276780511916
2026-08-21T19:15:00+00:00,765.97,-0.009754174127198478,0.0005948725157176593
2026-08-21T19:20:00+00:00,766.225,-0.009424510190493951,0.000596817353384349
2026-08-21T19:25:00+00:00,766.04,-0.009663678144573806,0.0005987621910508167
2026-08-21T19:30:00+00:00,766.085,-0.009605502155743517,0.0006007070287175065
2026-08-21T19:35:00+00:00,766.275,-0.009359870202904963,0.0006026518663839742
2026-08-21T19:40:00+00:00,766.46,-0.009120702248825108,0.0006045967040506639
2026-08-21T19:45:00+00:00,766.66,-0.008862142298468711,0.0006065415417171316
2026-08-21T19:50:00+00:00,765.89,-0.009857598107341214,0.0006084863793838213
2026-08-21T19:55:00+00:00,765.64,-0.01018079804528682,0.000610431217050289
2026-08-21T20:00:00+00:00,765.54,-0.010310078020465019,0.0006123760547169788
2026-08-24T13:30:00+00:00,763.5,-0.012947389514101237,0.0006143208923834464
2026-08-24T13:35:00+00:00,763.36,-0.013128381479350693,0.0006162660287214461
2026-08-24T13:40:00+00:00,762.19,-0.014640957188936099,0.0006182111650596678
2026-08-24T13:45:00+00:00,763.105,-0.01345804541605522,0.0006201563013976674
2026-08-24T13:50:00+00:00,763.485,-0.01296678151037789,0.0006221014377358891
2026-08-24T13:55:00+00:00,763.39,-0.013089597486797278,0.0006240465740736667
2026-08-24T14:00:00+00:00,762.97,-0.013632573382545865,0.0006259917104118884
2026-08-24T14:05:00+00:00,762.76,-0.013904061330420214,0.000627936846749888
2026-08-24T14:10:00+00:00,762.96,-0.013645501380063707,0.0006298819830881097
2026-08-24T14:15:00+00:00,762.85,-0.013787709352759747,0.0006318271194261094
2026-08-24T14:20:00+00:00,762.825,-0.013820029346554241,0.000633772255764331
2026-08-24T14:25:00+00:00,762.905,-0.013716605366411838,0.0006357173921023307
2026-08-24T14:30:00+00:00,763.62,-0.012792253543887244,0.0006376625284405524
2026-08-24T14:35:00+00:00,763.655,-0.012747005552574908,0.000639607664778552
2026-08-24T14:40:00+00:00,763.755,-0.01261772557739671,0.0006415528011165517
2026-08-24T14:45:00+00:00,763.83,-0.012520765596012895,0.0006434979374545513
2026-08-24T14:50:00+00:00,763.6,-0.012818109538922928,0.000645443073792773
2026-08-24T14:55:00+00:00,763.68,-0.012714685558780414,0.0006473882101307726
2026-08-24T15:00:00+00:00,763.04,-0.013542077399921193,0.0006493333464689943
2026-08-24T15:05:00+00:00,763.005,-0.013587325391233529,0.000651278482806994
2026-08-24T15:10:00+00:00,762.71,-0.013968701318009313,0.0006532236191452157
2026-08-24T15:15:00+00:00,762.675,-0.01401394930932176,0.0006551687554832153
2026-08-24T15:20:00+00:00,763.095,-0.013470973413573062,0.000657113891821437
2026-08-24T15:25:00+00:00,763.72,-0.012662973568709046,0.0006590590281592146
2026-08-24T15:30:00+00:00,763.8,-0.012559549588566532,0.0006610041644974363
2026-08-24T15:35:00+00:00,764.03,-0.012262205645656499,0.0006629493008354359
2026-08-24T15:40:00+00:00,764.25,-0.011977789700264307,0.0006648944371736576
2026-08-24T15:45:00+00:00,764.265,-0.011958397703987655,0.0006668395735116572
2026-08-24T15:50:00+00:00,764.32,-0.011887293717639524,0.0006687847098496569
2026-08-24T15:55:00+00:00,764.53,-0.011615805769765286,0.0006707298461878786
2026-08-24T16:00:00+00:00,764.96,-0.011059901876498746,0.0006726749825258782
2026-08-24T16:05:00+00:00,764.51,-0.01164166176480097,0.0006746201188640999
2026-08-24T16:10:00+00:00,764.655,-0.011454205800792483,0.0006765652552018775
2026-08-24T16:15:00+00:00,765.065,-0.010924157902561626,0.0006785103915400992
2026-08-24T16:20:00+00:00,764.855,-0.011195645850435976,0.0006804555278780988
2026-08-24T16:25:00+00:00,764.88,-0.01116332585664137,0.0006824006642163205
2026-08-24T16:30:00+00:00,764.56,-0.011577021777211871,0.0006843458005543201
2026-08-24T16:35:00+00:00,764.35,-0.01184850972508611,0.0006862909368925418
2026-08-24T16:40:00+00:00,764.31,-0.011900221715157477,0.0006882360732305415
2026-08-24T16:45:00+00:00,764.35,-0.01184850972508611,0.0006901812095687632
2026-08-24T16:50:00+00:00,764.15,-0.012107069675442617,0.0006921263459067628
2026-08-24T16:55:00+00:00,764.19,-0.012055357685371249,0.0006940714822447624
2026-08-24T17:00:00+00:00,764.02,-0.01227513364317434,0.0006960166185827621
2026-08-24T17:05:00+00:00,764.45,-0.0117192297499078,0.0006979617549209838
2026-08-24T17:10:00+00:00,764.515,-0.01163519776604205,0.0006999068912589834
2026-08-24T17:15:00+00:00,764.21,-0.012029501690335564,0.0007018520275972051
2026-08-24T17:20:00+00:00,763.6,-0.012818109538922928,0.0007037971639352048
2026-08-24T17:25:00+00:00,763.4,-0.013076669489279436,0.0007057423002734264
2026-08-24T17:30:00+00:00,763.36,-0.013128381479350693,0.0007076874366114261
2026-08-24T17:35:00+00:00,763.39,-0.013089597486797278,0.0007096325729496478
2026-08-24T17:40:00+00:00,763.15,-0.013399869427225042,0.0007115777092874254
2026-08-24T17:45:00+00:00,763.21,-0.0133223014421181,0.000713522845625647
2026-08-24T17:50:00+00:00,763.2,-0.013335229439635832,0.0007154679819636467
2026-08-24T17:55:00+00:00,763.31,-0.013193021466939903,0.0007174131183018684
2026-08-24T18:00:00+00:00,763.54,-0.01289567752402998,0.000719358254639868
2026-08-24T18:05:00+00:00,763.94,-0.012378557623316855,0.0007213033909778677
2026-08-24T18:10:00+00:00,764.25,-0.011977789700264307,0.0007232485273160894
2026-08-24T18:15:00+00:00,764.235,-0.01199718169654107,0.000725193663654089
2026-08-24T18:20:00+00:00,764.615,-0.01150591779086374,0.0007271387999923107
2026-08-24T18:25:00+00:00,764.825,-0.01123442984298939,0.0007290839363300883
2026-08-24T18:30:00+00:00,764.69,-0.011408957809480036,0.00073102907266831
2026-08-24T18:35:00+00:00,764.23,-0.012003645695299991,0.0007329742090063096
2026-08-24T18:40:00+00:00,764.33,-0.011874365720121682,0.0007349193453445313
2026-08-24T18:45:00+00:00,764.33,-0.011874365720121682,0.0007368644816825309
2026-08-24T18:50:00+00:00,764.15,-0.012107069675442617,0.0007388096180207526
2026-08-24T18:55:00+00:00,764.01,-0.012288061640692183,0.0007407547543587523
2026-08-24T19:00:00+00:00,763.92,-0.01240441361835265,0.000742699890696974
2026-08-24T19:05:00+00:00,763.9,-0.012430269613388223,0.0007446450270349736
2026-08-24T19:10:00+00:00,764.2,-0.012042429687853407,0.0007465901633729732
2026-08-24T19:15:00+00:00,764.1,-0.012171709663031716,0.0007485352997109729
2026-08-24T19:20:00+00:00,764.02,-0.01227513364317434,0.0007504804360491946
2026-08-24T19:25:00+00:00,763.985,-0.012320381634486677,0.0007524255723871942
2026-08-24T19:30:00+00:00,763.74,-0.012637117573673362,0.0007543707087254159
2026-08-24T19:35:00+00:00,763.66,-0.012740541553816098,0.0007563158450634155
2026-08-24T19:40:00+00:00,763.69,-0.012701757561262461,0.0007582609814016372
2026-08-24T19:45:00+00:00,763.77,-0.012598333581119947,0.0007602061177396369
2026-08-24T19:50:00+00:00,763.74,-0.012637117573673362,0.0007621512540778586
2026-08-24T19:55:00+00:00,763.52,-0.012921533519065553,0.0007640963904156362
2026-08-24T20:00:00+00:00,763.58,-0.012843965533958501,0.0007660415267538578
2026-08-25T13:30:00+00:00,766.72,-0.00878457431336166,0.0007679866630918575
2026-08-25T13:35:00+00:00,766.18,-0.009482686179324351,0.0007699316411506896
2026-08-25T13:40:00+00:00,766.195,-0.009463294183047477,0.0007718766192092996
2026-08-25T13:45:00+00:00,766.515,-0.009049598262477088,0.0007738215972681317
2026-08-25T13:50:00+00:00,766.01,-0.009702462137127221,0.0007757665753267418
2026-08-25T13:55:00+00:00,765.69,-0.01011615805769761,0.0007777115533855739
2026-08-25T14:00:00+00:00,765.46,-0.010413502000607533,0.0007796565314441839
2026-08-25T14:05:00+00:00,765.25,-0.010684989948481882,0.0007816015095027939
2026-08-25T14:10:00+00:00,765.185,-0.010769021932347855,0.000783546487561626
2026-08-25T14:15:00+00:00,765.47,-0.010400574003089691,0.0007854914656202361
2026-08-25T14:20:00+00:00,765.1,-0.01087890991124929,0.0007874364436790682
2026-08-25T14:25:00+00:00,764.7,-0.011396029811962194,0.0007893814217379003
2026-08-25T14:30:00+00:00,764.5,-0.011654589762318701,0.0007913263997965103
2026-08-25T14:35:00+00:00,765.02,-0.010982333891391916,0.0007932713778553424
2026-08-25T14:40:00+00:00,764.19,-0.012055357685371249,0.0007952163559141745
2026-08-25T14:45:00+00:00,764.26,-0.011964861702746576,0.0007971613339727845
2026-08-25T14:50:00+00:00,764.715,-0.01137663781568543,0.0007991063120313946
2026-08-25T14:55:00+00:00,764.705,-0.011389565813203273,0.0008010512900900046
2026-08-25T15:00:00+00:00,764.45,-0.0117192297499078,0.0008029962681488367
2026-08-25T15:05:00+00:00,764.66,-0.011447741802033562,0.0008049412462076688
2026-08-25T15:10:00+00:00,764.56,-0.011577021777211871,0.0008068862242662789
2026-08-25T15:15:00+00:00,764.85,-0.011202109849194897,0.000808831202325111
2026-08-25T15:20:00+00:00,764.795,-0.011273213835543028,0.000810776180383721
2026-08-25T15:25:00+00:00,765.33,-0.010581565968339257,0.0008127211584425531
2026-08-25T15:30:00+00:00,765.085,-0.010898301907525942,0.0008146661365013852
2026-08-25T15:35:00+00:00,765.155,-0.01080780592490127,0.0008166111145599952
2026-08-25T15:40:00+00:00,765.2,-0.010749629936070981,0.0008185560926188273
2026-08-25T15:45:00+00:00,764.69,-0.011408957809480036,0.0008205010706772153
2026-08-25T15:50:00+00:00,765.21,-0.01073670193855314,0.0008224460487360474
2026-08-25T15:55:00+00:00,765.47,-0.010400574003089691,0.0008243910267948795
2026-08-25T16:00:00+00:00,765.555,-0.010290686024188367,0.0008263360048534896
2026-08-25T16:05:00+00:00,765.35,-0.010555709973303684,0.0008282809829123217
2026-08-25T16:10:00+00:00,765.5,-0.010361790010536276,0.0008302259609709317
2026-08-25T16:15:00+00:00,765.5,-0.010361790010536276,0.0008321709390297638
2026-08-25T16:20:00+00:00,765.61,-0.010219582037840236,0.0008341159170885959
2026-08-25T16:25:00+00:00,765.76,-0.010025662075072828,0.0008360608951472059
2026-08-25T16:30:00+00:00,765.72,-0.010077374065144085,0.000838005873206038
2026-08-25T16:35:00+00:00,765.88,-0.009870526104858945,0.000839950851264426
2026-08-25T16:40:00+00:00,765.53,-0.010323006017982861,0.0008418958293232581
2026-08-25T16:45:00+00:00,765.625,-0.010200190041563473,0.0008438408073820902
2026-08-25T16:50:00+00:00,765.41,-0.010478141988196743,0.0008457857854407003
2026-08-25T16:55:00+00:00,765.76,-0.010025662075072828,0.0008477307634995324
2026-08-25T17:00:00+00:00,765.35,-0.010555709973303684,0.0008496757415583645
2026-08-25T17:05:00+00:00,765.11,-0.010865981913731448,0.0008516207196169745
2026-08-25T17:10:00+00:00,765.29,-0.010633277958410625,0.0008535656976758066
2026-08-25T17:15:00+00:00,765.275,-0.010652669954687388,0.0008555106757344166
2026-08-25T17:20:00+00:00,765.05,-0.0109435498988385,0.0008574556537932487
2026-08-25T17:25:00+00:00,764.81,-0.011253821839266265,0.0008594006318520808
2026-08-25T17:30:00+00:00,764.84,-0.011215037846712628,0.0008613456099104688
2026-08-25T17:35:00+00:00,764.91,-0.011124541864087956,0.0008632905879693009
2026-08-25T17:40:00+00:00,764.86,-0.011189181851677055,0.000865235566027911
2026-08-25T17:45:00+00:00,764.9,-0.011137469861605798,0.0008671805440867431
2026-08-25T17:50:00+00:00,765.135,-0.010833661919936954,0.0008691255221455751
2026-08-25T17:55:00+00:00,765.055,-0.01093708590007958,0.0008710705002041852
2026-08-25T18:00:00+00:00,764.82,-0.011240893841748312,0.0008730154782630173
2026-08-25T18:05:00+00:00,764.91,-0.011124541864087956,0.0008749604563216273
2026-08-25T18:10:00+00:00,764.83,-0.01122796584423047,0.0008769054343804594
2026-08-25T18:15:00+00:00,764.84,-0.011215037846712628,0.0008788504124392915
2026-08-25T18:20:00+00:00,764.91,-0.011124541864087956,0.0008807953904976795
2026-08-25T18:25:00+00:00,764.96,-0.011059901876498746,0.0008827403685565116
2026-08-25T18:30:00+00:00,765.36,-0.010542781975785842,0.0008846853466151217
2026-08-25T18:35:00+00:00,765.29,-0.010633277958410625,0.0008866303246739538
2026-08-25T18:40:00+00:00,765.55,-0.010297150022947288,0.0008885753027327858
2026-08-25T18:45:00+00:00,765.78,-0.009999806080037255,0.0008905202807913959
2026-08-25T18:50:00+00:00,765.685,-0.010122622056456643,0.000892465258850228
2026-08-25T18:55:00+00:00,765.645,-0.0101743340465279,0.0008944102369090601
2026-08-25T19:00:00+00:00,765.49,-0.010374718008054118,0.0008963552149676701
2026-08-25T19:05:00+00:00,765.37,-0.010529853978268,0.0008983001930265022
2026-08-25T19:10:00+00:00,765.125,-0.010846589917454685,0.0009002451710851123
2026-08-25T19:15:00+00:00,765.015,-0.010988797890150837,0.0009021901491437223
2026-08-25T19:20:00+00:00,765.04,-0.010956477896356231,0.0009041351272025544
2026-08-25T19:25:00+00:00,765.18,-0.010775485931106776,0.0009060801052611644
2026-08-25T19:30:00+00:00,765.13,-0.010840125918695764,0.0009080250833199965
2026-08-25T19:35:00+00:00,765.19,-0.010762557933588823,0.0009099700613786066
2026-08-25T19:40:00+00:00,765.37,-0.010529853978268,0.0009119150394374387
2026-08-25T19:45:00+00:00,765.475,-0.010394110004330881,0.0009138600174962708
2026-08-25T19:50:00+00:00,766.12,-0.009560254164431181,0.0009158049955548808
2026-08-25T19:55:00+00:00,765.79,-0.009986878082519413,0.0009177499736137129
2026-08-25T20:00:00+00:00,765.85,-0.00990931009741236,0.000919694951672323
2026-08-26T13:30:00+00:00,765.62,-0.010206654040322394,0.000921639929730933
2026-08-26T13:35:00+00:00,765.58,-0.01025836603039365,0.0009235844065456078
2026-08-26T13:40:00+00:00,766.325,-0.009295230215315753,0.0009255288833600606
2026-08-26T13:45:00+00:00,766.005,-0.009708926135886142,0.0009274733601747354
2026-08-26T13:50:00+00:00,766.6,-0.008939710283575542,0.0009294178369891881
2026-08-26T13:55:00+00:00,766.88,-0.00857772635307652,0.0009313623138038629
2026-08-26T14:00:00+00:00,766.94,-0.008500158367969468,0.0009333067906180936
2026-08-26T14:05:00+00:00,766.56,-0.00899142227364702,0.0009352512674327684
2026-08-26T14:10:00+00:00,766.17,-0.009495614176842082,0.0009371957442474432
2026-08-26T14:15:00+00:00,765.96,-0.00976710212471632,0.000939140221061896
2026-08-26T14:20:00+00:00,765.43,-0.01045228599316117,0.0009410846978765708
2026-08-26T14:25:00+00:00,765.1,-0.01087890991124929,0.0009430291746910235
2026-08-26T14:30:00+00:00,765.135,-0.010833661919936954,0.0009449736515056983
2026-08-26T14:35:00+00:00,765.23,-0.010710845943517566,0.0009469181283203731
2026-08-26T14:40:00+00:00,765.42,-0.010465213990678901,0.0009488626051348259
2026-08-26T14:45:00+00:00,765.465,-0.010407038001848612,0.0009508070819495007
2026-08-26T14:50:00+00:00,765.635,-0.01018726204404563,0.0009527515587639535
2026-08-26T14:55:00+00:00,765.87,-0.009883454102376787,0.0009546960355784062
2026-08-26T15:00:00+00:00,766.14,-0.009534398169395497,0.000956640512392859
2026-08-26T15:05:00+00:00,766.365,-0.009243518225244496,0.0009585849892075338
2026-08-26T15:10:00+00:00,766.285,-0.009346942205387121,0.0009605294660222086
2026-08-26T15:15:00+00:00,765.72,-0.010077374065144085,0.0009624739428366613
2026-08-26T15:20:00+00:00,765.8,-0.00997395008500157,0.0009644184196513361
2026-08-26T15:25:00+00:00,765.85,-0.00990931009741236,0.0009663628964657889
2026-08-26T15:30:00+00:00,765.21,-0.01073670193855314,0.0009683073732804637
2026-08-26T15:35:00+00:00,765.48,-0.01038764600557196,0.0009702518500949164
2026-08-26T15:40:00+00:00,766.045,-0.009657214145814885,0.0009721963269095912
2026-08-26T15:45:00+00:00,766.24,-0.009405118194217299,0.000974140803724266
2026-08-26T15:50:00+00:00,765.34,-0.010568637970821415,0.0009760852805384967
2026-08-26T15:55:00+00:00,765.34,-0.010568637970821415,0.0009780297573531715
2026-08-26T16:00:00+00:00,765.25,-0.010684989948481882,0.0009799742341676243
2026-08-26T16:05:00+00:00,765.18,-0.010775485931106776,0.000981918710982299
2026-08-26T16:10:00+00:00,765.055,-0.01093708590007958,0.000983863187796974
2026-08-26T16:15:00+00:00,764.975,-0.011040509880222094,0.0009858076646114267
2026-08-26T16:20:00+00:00,764.935,-0.011092221870293462,0.0009877521414261015
2026-08-26T16:25:00+00:00,764.82,-0.011240893841748312,0.0009896966182405542
2026-08-26T16:30:00+00:00,764.86,-0.011189181851677055,0.000991641095055229
2026-08-26T16:35:00+00:00,764.21,-0.012029501690335564,0.0009935855718696818
2026-08-26T16:40:00+00:00,763.99,-0.012313917635727756,0.0009955300486843566
2026-08-26T16:45:00+00:00,764.095,-0.012178173661790637,0.0009974745254988093
2026-08-26T16:50:00+00:00,764.185,-0.01206182168413028,0.000999419002313262
2026-08-26T16:55:00+00:00,764.71,-0.011383101814444352,0.0010013634791279369
2026-08-26T17:00:00+00:00,764.88,-0.01116332585664137,0.0010033079559423896
2026-08-26T17:05:00+00:00,765.05,-0.0109435498988385,0.0010052524327570644
2026-08-26T17:10:00+00:00,765.12,-0.010853053916213606,0.0010071969095715172
2026-08-26T17:15:00+00:00,765.325,-0.010588029967098178,0.001009141386386192
2026-08-26T17:20:00+00:00,765.655,-0.010161406049010058,0.0010110858632008668
2026-08-26T17:25:00+00:00,765.67,-0.010142014052733295,0.0010130303400153196
2026-08-26T17:30:00+00:00,765.74,-0.010051518070108512,0.0010149748168299944
2026-08-26T17:35:00+00:00,765.64,-0.01018079804528682,0.0010169192936444471
2026-08-26T17:40:00+00:00,765.735,-0.010057982068867433,0.0010188637704588999
2026-08-26T17:45:00+00:00,765.495,-0.010368254009295197,0.0010208082472735747
2026-08-26T17:50:00+00:00,765.72,-0.010077374065144085,0.0010227527240880274
2026-08-26T17:55:00+00:00,765.68,-0.010129086055215564,0.0010246972009027022
2026-08-26T18:00:00+00:00,765.53,-0.010323006017982861,0.001026641677717155
2026-08-26T18:05:00+00:00,765.765,-0.010019198076314018,0.0010285861545318298
2026-08-26T18:10:00+00:00,765.41,-0.010478141988196743,0.0010305306313462825
2026-08-26T18:15:00+00:00,765.71,-0.010090302062661927,0.0010324751081609573
2026-08-26T18:20:00+00:00,765.57,-0.010271294027911493,0.0010344195849756321
2026-08-26T18:25:00+00:00,765.56,-0.010284222025429446,0.0010363640617900849
2026-08-26T18:30:00+00:00,765.74,-0.010051518070108512,0.0010383085386047597
2026-08-26T18:35:00+00:00,765.72,-0.010077374065144085,0.0010402530154189904
2026-08-26T18:40:00+00:00,765.87,-0.009883454102376787,0.0010421974922336652
2026-08-26T18:45:00+00:00,766.325,-0.009295230215315753,0.001044141969048118
2026-08-26T18:50:00+00:00,766.49,-0.009081918256271693,0.0010460864458627928
2026-08-26T18:55:00+00:00,766.5,-0.00906899025875385,0.0010480309226774676
2026-08-26T19:00:00+00:00,767.255,-0.00809292644615811,0.0010499753994919203
2026-08-26T19:05:00+00:00,766.955,-0.008480766371692816,0.0010519198763065951
2026-08-26T19:10:00+00:00,766.96,-0.008474302372933895,0.0010538643531210479
2026-08-26T19:15:00+00:00,767.19,-0.008176958430023862,0.0010558088299357227
2026-08-26T19:20:00+00:00,767.07,-0.008332094400237744,0.0010577533067503975
2026-08-26T19:25:00+00:00,766.885,-0.0085712623543176,0.0010596977835648502
2026-08-26T19:30:00+00:00,766.85,-0.008616510345629935,0.001061642260379303
2026-08-26T19:35:00+00:00,766.655,-0.008868606297227632,0.0010635867371937557
2026-08-26T19:40:00+00:00,766.705,-0.008803966309638422,0.0010655312140084305
2026-08-26T19:45:00+00:00,767.12,-0.008267454412648756,0.0010674756908228833
2026-08-26T19:50:00+00:00,766.18,-0.009482686179324351,0.001069420167637558
2026-08-26T19:55:00+00:00,765.94,-0.009792958119752004,0.001071364644452233
2026-08-26T20:00:00+00:00,766.66,-0.008862142298468711,0.0010733091212666857
2026-08-27T13:30:00+00:00,767.45,-0.007840830494560413,0.0010752535980813605
2026-08-27T13:35:00+00:00,768.2,-0.0068712306807235946,0.0010771973095964338
2026-08-27T13:40:00+00:00,769.16,-0.005630142919012537,0.0010791410211115071
2026-08-27T13:45:00+00:00,768.06,-0.007052222645973272,0.0010810847326265804
2026-08-27T13:50:00+00:00,769.24,-0.005526718938869912,0.0010830284441414317
2026-08-27T13:55:00+00:00,768.31,-0.0067290227080276654,0.001084972155656283
2026-08-27T14:00:00+00:00,768.81,-0.006082622832136453,0.0010869158671713564
2026-08-27T14:05:00+00:00,768.46,-0.006535102745260257,0.0010888595786864297
2026-08-27T14:10:00+00:00,768.62,-0.006328254784975007,0.001090803290201503
2026-08-27T14:15:00+00:00,769.165,-0.005623678920253727,0.0010927470017165763
2026-08-27T14:20:00+00:00,769.44,-0.005268158988513405,0.0010946907132316497
2026-08-27T14:25:00+00:00,769.67,-0.004970815045603594,0.001096634424746723
2026-08-27T14:30:00+00:00,769.4,-0.005319870978584773,0.0010985781362615743
2026-08-27T14:35:00+00:00,769.34,-0.005397438963691714,0.0011005218477766476
2026-08-27T14:40:00+00:00,769.61,-0.005048383030710424,0.001102465559291499
2026-08-27T14:45:00+00:00,770.23,-0.004246847184605329,0.0011044092708065723
2026-08-27T14:50:00+00:00,770.13,-0.004376127159783527,0.0011063529823216456
2026-08-27T14:55:00+00:00,770.315,-0.004136959205703783,0.001108296693836719
2026-08-27T15:00:00+00:00,770.615,-0.0037491192801690776,0.0011102404053517922
2026-08-27T15:05:00+00:00,770.55,-0.0038331512640350507,0.0011121841168666435
2026-08-27T15:10:00+00:00,770.83,-0.0034711673335358073,0.0011141278283817169
2026-08-27T15:15:00+00:00,770.94,-0.003328959360839767,0.0011160715398967902
2026-08-27T15:20:00+00:00,770.76,-0.0035616633161605904,0.0011180152514118635
2026-08-27T15:25:00+00:00,770.305,-0.004149887203221736,0.0011199589629269369
2026-08-27T15:30:00+00:00,770.205,-0.004279167178399823,0.0011219026744417882
2026-08-27T15:35:00+00:00,769.825,-0.0047704310840771535,0.0011238463859568615
2026-08-27T15:40:00+00:00,769.64,-0.005009599038157009,0.0011257900974717128
2026-08-27T15:45:00+00:00,769.68,-0.004957887048085752,0.001127733808986786
2026-08-27T15:50:00+00:00,770.82,-0.0034840953310536493,0.0011296775205018594
2026-08-27T15:55:00+00:00,770.69,-0.0036521592987853735,0.0011316212320169328
2026-08-27T16:00:00+00:00,770.85,-0.0034453113385001233,0.001133564943532006
2026-08-27T16:05:00+00:00,770.53,-0.0038590072590706237,0.0011355086550470794
2026-08-27T16:10:00+00:00,770.6,-0.0037685112764458406,0.0011374523665621528
2026-08-27T16:15:00+00:00,770.61,-0.0037555832789279986,0.001139396078077004
2026-08-27T16:20:00+00:00,770.52,-0.0038719352565884657,0.0011413397895918553
2026-08-27T16:25:00+00:00,770.875,-0.0034129913447056293,0.0011432835011069287
2026-08-27T16:30:00+00:00,771.115,-0.003102719404277865,0.001145227212622002
2026-08-27T16:35:00+00:00,771.495,-0.0026114554986005345,0.0011471709241370753
2026-08-27T16:40:00+00:00,771.655,-0.0024046075383153953,0.0011491146356521487
2026-08-27T16:45:00+00:00,771.71,-0.0023335035519672642,0.001151058347167222
2026-08-27T16:50:00+00:00,771.915,-0.002068479602851947,0.0011530020586822953
2026-08-27T16:55:00+00:00,771.97,-0.001997375616503816,0.0011549457701971466
2026-08-27T17:00:00+00:00,772.0,-0.001958591623950401,0.001156889481711998
2026-08-27T17:05:00+00:00,772.23,-0.0016612476810403676,0.0011588331932270712
2026-08-27T17:10:00+00:00,772.19,-0.0017129596711116246,0.0011607769047421446
2026-08-27T17:15:00+00:00,772.14,-0.0017775996587008347,0.001162720616257218
2026-08-27T17:20:00+00:00,772.17,-0.0017388156661474197,0.0011646643277722912
2026-08-27T17:25:00+00:00,771.71,-0.0023335035519672642,0.0011666080392873646
2026-08-27T17:30:00+00:00,771.79,-0.00223007957182475,0.0011685517508022158
2026-08-27T17:35:00+00:00,771.765,-0.002262399565619244,0.0011704954623172892
2026-08-27T17:40:00+00:00,771.64,-0.0024239995345920473,0.0011724391738323625
2026-08-27T17:45:00+00:00,771.35,-0.0027989114626089107,0.0011743828853472138
2026-08-27T17:50:00+00:00,771.345,-0.0028053754613678317,0.0011763265968622871
2026-08-27T17:55:00+00:00,771.23,-0.002954047432822904,0.0011782703083773605
2026-08-27T18:00:00+00:00,770.535,-0.0038525432603117027,0.0011802140198924338
2026-08-27T18:05:00+00:00,770.5,-0.0038977912516240387,0.0011821577314075071
2026-08-27T18:10:00+00:00,770.27,-0.004195135194534072,0.0011841014429223584
2026-08-27T18:15:00+00:00,770.27,-0.004195135194534072,0.0011860451544374317
2026-08-27T18:20:00+00:00,770.1,-0.004414911152337053,0.001187988865952505
2026-08-27T18:25:00+00:00,769.46,-0.005242302993477721,0.0011899325774675784
2026-08-27T18:30:00+00:00,769.5,-0.005190591003406464,0.0011918762889826517
2026-08-27T18:35:00+00:00,769.985,-0.004563583123792014,0.001193820000497503
2026-08-27T18:40:00+00:00,769.92,-0.0046476151076579875,0.0011957637120125764
2026-08-27T18:45:00+00:00,769.575,-0.00509363102202276,0.0011977074235274277
2026-08-27T18:50:00+00:00,769.34,-0.005397438963691714,0.001199651135042501
2026-08-27T18:55:00+00:00,769.69,-0.004944959050567799,0.0012015948465575743
2026-08-27T19:00:00+00:00,770.0,-0.004544191127515251,0.0012035385580726476
2026-08-27T19:05:00+00:00,770.15,-0.004350271164747954,0.001205482269587721
2026-08-27T19:10:00+00:00,769.89,-0.0046863991002114025,0.0012074259811027943
2026-08-27T19:15:00+00:00,770.19,-0.004298559174676586,0.0012093696926178676
2026-08-27T19:20:00+00:00,770.0,-0.004544191127515251,0.001211313404132719
2026-08-27T19:25:00+00:00,769.96,-0.004595903117586508,0.0012132571156475702
2026-08-27T19:30:00+00:00,770.44,-0.00397535923673098,0.0012152008271626435
2026-08-27T19:35:00+00:00,770.58,-0.0037943672714814136,0.0012171445386777169
2026-08-27T19:40:00+00:00,770.595,-0.0037749752752046506,0.0012190882501927902
2026-08-27T19:45:00+00:00,770.8,-0.0035099513260893334,0.0012210319617078635
2026-08-27T19:50:00+00:00,771.25,-0.00292819143778722,0.0012229756732229369
2026-08-27T19:55:00+00:00,771.18,-0.003018687420412114,0.0012249193847380102
2026-08-27T20:00:00+00:00,770.83,-0.0034711673335358073,0.0012268630962528615
2026-08-28T13:30:00+00:00,771.985,-0.001977983620227164,0.0012288068077677128
2026-08-28T13:35:00+00:00,772.25,-0.0016353916860047946,0.001230752060928264
2026-08-28T13:40:00+00:00,772.61,-0.001169983775363037,0.0012326973140890374
2026-08-28T13:45:00+00:00,772.155,-0.0017582076624241827,0.0012346425672493666
2026-08-28T13:50:00+00:00,771.72,-0.002320575554449422,0.0012365878204099179
2026-08-28T13:55:00+00:00,771.67,-0.0023852155420386323,0.0012385330735704692
2026-08-28T14:00:00+00:00,771.73,-0.00230764755693158,0.0012404783267312425
2026-08-28T14:05:00+00:00,771.075,-0.003154431394349122,0.0012424235798915717
2026-08-28T14:10:00+00:00,770.22,-0.00425977518212306,0.001244368833052123
2026-08-28T14:15:00+00:00,771.41,-0.0027213434775020806,0.0012463140862128963
2026-08-28T14:20:00+00:00,771.58,-0.0025015675196989884,0.0012482593393734476
2026-08-28T14:25:00+00:00,771.29,-0.0028764794477159628,0.0012502045925337768
2026-08-28T14:30:00+00:00,772.14,-0.0017775996587008347,0.001252149845694328
2026-08-28T14:35:00+00:00,772.38,-0.0014673277182730704,0.0012540950988551014
2026-08-28T14:40:00+00:00,773.46,-7.110398634802007e-05,0.0012560403520156527
2026-08-28T14:45:00+00:00,773.75,0.0003038079416688433,0.001257985605176204
2026-08-28T14:50:00+00:00,774.545,0.0013315837443359513,0.0012599308583365332
2026-08-28T14:55:00+00:00,774.84,0.0017129596711118467,0.0012618761114973065
2026-08-28T15:00:00+00:00,774.89,0.0017775996587008347,0.0012638213646578578
2026-08-28T15:05:00+00:00,774.18,0.0008597118349353838,0.001265766617818409
2026-08-28T15:10:00+00:00,774.2,0.0008855678299710679,0.0012677118709789603
2026-08-28T15:15:00+00:00,774.28,0.000988991810113582,0.0012696571241395116
2026-08-28T15:20:00+00:00,774.77,0.0016224636884869525,0.0012716023773000629
2026-08-28T15:25:00+00:00,774.93,0.0018293116487722028,0.0012735476304606141
2026-08-28T15:30:00+00:00,774.46,0.0012216957654345162,0.0012754928836211654
2026-08-28T15:35:00+00:00,773.685,0.00021977595780287018,0.0012774381367817167
2026-08-28T15:40:00+00:00,772.82,-0.0008984958274886878,0.001279383389942268
2026-08-28T15:45:00+00:00,772.28,-0.0015966076934513795,0.0012813286431030413
2026-08-28T15:50:00+00:00,772.13,-0.0017905276562186767,0.0012832738962633705
2026-08-28T15:55:00+00:00,771.08,-0.003147967395590201,0.0012852191494239218
2026-08-28T16:00:00+00:00,770.82,-0.0034840953310536493,0.001287164402584473
2026-08-28T16:05:00+00:00,771.6,-0.0024757115246633044,0.0012891096557452464
2026-08-28T16:10:00+00:00,770.97,-0.003290175368286241,0.0012910549089057977
2026-08-28T16:15:00+00:00,770.22,-0.00425977518212306,0.0012930001620661269
2026-08-28T16:20:00+00:00,769.525,-0.00515827100961197,0.0012949454152266782
2026-08-28T16:25:00+00:00,769.6,-0.005061311028228266,0.0012968906683874515
2026-08-28T16:30:00+00:00,769.64,-0.005009599038157009,0.0012988359215480028
2026-08-28T16:35:00+00:00,770.3,-0.004156351201980657,0.001300781174708332
2026-08-28T16:40:00+00:00,769.63,-0.005022527035674851,0.0013027264278691053
2026-08-28T16:45:00+00:00,770.4,-0.004027071226802348,0.0013046716810296566
2026-08-28T16:50:00+00:00,769.86,-0.0047251830927648175,0.0013066169341902079
2026-08-28T16:55:00+00:00,769.7,-0.004932031053049957,0.001308562187350537
2026-08-28T17:00:00+00:00,769.04,-0.0057852788892265306,0.0013105074405113104
2026-08-28T17:05:00+00:00,768.495,-0.00648985475394781,0.0013124526936718617
2026-08-28T17:10:00+00:00,769.33,-0.005410366961209445,0.001314397946832413
2026-08-28T17:15:00+00:00,769.145,-0.0056495349152893,0.0013163431999931863
2026-08-28T17:20:00+00:00,768.92,-0.005940414859440413,0.0013182884531535155
2026-08-28T17:25:00+00:00,768.83,-0.006056766837100658,0.0013202337063140668
2026-08-28T17:30:00+00:00,769.34,-0.005397438963691714,0.001322178959474618
2026-08-28T17:35:00+00:00,768.93,-0.005927486861922571,0.0013241242126353914
2026-08-28T17:40:00+00:00,768.91,-0.005953342856958144,0.0013260694657957206
2026-08-28T17:45:00+00:00,769.7,-0.004932031053049957,0.0013280147189562719
2026-08-28T17:50:00+00:00,769.495,-0.005197055002165385,0.0013299599721170452
2026-08-28T17:55:00+00:00,769.55,-0.005125951015817476,0.0013319052252775965
2026-08-28T18:00:00+00:00,769.595,-0.005067775026987187,0.0013338504784379257
2026-08-28T18:05:00+00:00,769.56,-0.005113023018299634,0.001335795731598477
2026-08-28T18:10:00+00:00,769.215,-0.005559038932664517,0.0013377409847592503
2026-08-28T18:15:00+00:00,769.4,-0.005319870978584773,0.0013396862379198016
2026-08-28T18:20:00+00:00,769.08,-0.0057335668991550515,0.0013416314910801308
2026-08-28T18:25:00+00:00,769.06,-0.0057594228941908465,0.001343576744240682
2026-08-28T18:30:00+00:00,769.395,-0.005326334977343694,0.0013455219974014554
2026-08-28T18:35:00+00:00,769.14,-0.005655998914048221,0.0013474672505620067
2026-08-28T18:40:00+00:00,769.3,-0.005449150953763082,0.001349412503722558
2026-08-28T18:45:00+00:00,768.77,-0.00613433482220771,0.0013513577568831092
2026-08-28T18:50:00+00:00,768.55,-0.006418750767599901,0.0013533030100436605
2026-08-28T18:55:00+00:00,768.685,-0.006244222801109256,0.0013552482632042118
2026-08-28T19:00:00+00:00,768.79,-0.006108478827172137,0.001357193516364763
2026-08-28T19:05:00+00:00,769.34,-0.005397438963691714,0.0013591387695253143
2026-08-28T19:10:00+00:00,769.19,-0.005591358926459011,0.0013610840226858656
2026-08-28T19:15:00+00:00,769.23,-0.005539646936387754,0.0013630292758464169
2026-08-28T19:20:00+00:00,769.25,-0.00551379094135207,0.0013649745290071902
2026-08-28T19:25:00+00:00,769.515,-0.005171199007129812,0.0013669197821675194
2026-08-28T19:30:00+00:00,769.38,-0.005345726973620457,0.0013688650353280707
2026-08-28T19:35:00+00:00,769.545,-0.005132415014576397,0.001370810288488622
2026-08-28T19:40:00+00:00,769.61,-0.005048383030710424,0.0013727555416493953
2026-08-28T19:45:00+00:00,769.26,-0.005500862943834339,0.0013747007948099466
2026-08-28T19:50:00+00:00,769.375,-0.005352190972379267,0.0013766460479702758
2026-08-28T19:55:00+00:00,769.28,-0.005475006948798655,0.001378591301130827
2026-08-28T20:00:00+00:00,769.28,-0.005475006948798655,0.0013805365542916004
2026-08-31T13:30:00+00:00,766.37,-0.009237054226485575,0.0013824818074521517
2026-08-31T13:35:00+00:00,766.33,-0.009288766216556832,0.001384428772387425
2026-08-31T13:40:00+00:00,765.81,-0.00996102208748384,0.001386375737322476
2026-08-31T13:45:00+00:00,766.14,-0.009534398169395497,0.0013883227022575273
2026-08-31T13:50:00+00:00,766.475,-0.009101310252548345,0.0013902696671928005
2026-08-31T13:55:00+00:00,766.22,-0.009430974189252872,0.0013922166321278517
2026-08-31T14:00:00+00:00,765.76,-0.010025662075072828,0.001394163597063125
2026-08-31T14:05:00+00:00,765.54,-0.010310078020465019,0.0013961105619983982
2026-08-31T14:10:00+00:00,765.81,-0.00996102208748384,0.0013980575269334494
2026-08-31T14:15:00+00:00,765.99,-0.009728318132162905,0.0014000044918685006
2026-08-31T14:20:00+00:00,765.0,-0.011008189886427489,0.0014019514568037739
2026-08-31T14:25:00+00:00,764.93,-0.011098685869052383,0.0014038984217390471
2026-08-31T14:30:00+00:00,764.81,-0.011253821839266265,0.0014058453866738763
2026-08-31T14:35:00+00:00,765.535,-0.01031654201922394,0.0014077923516091495
2026-08-31T14:40:00+00:00,765.75,-0.01003859007259067,0.0014097393165444227
2026-08-31T14:45:00+00:00,765.4,-0.010491069985714585,0.001411686281479474
2026-08-31T14:50:00+00:00,765.835,-0.009928702093689123,0.0014136332464147472
2026-08-31T14:55:00+00:00,765.93,-0.009805886117269957,0.0014155802113497984
2026-08-31T15:00:00+00:00,765.81,-0.00996102208748384,0.0014175271762850716
2026-08-31T15:05:00+00:00,765.68,-0.010129086055215564,0.0014194741412201228
2026-08-31T15:10:00+00:00,765.67,-0.010142014052733295,0.001421421106155396
2026-08-31T15:15:00+00:00,765.71,-0.010090302062661927,0.0014233680710906693
2026-08-31T15:20:00+00:00,766.035,-0.009670142143332727,0.0014253150360254985
2026-08-31T15:25:00+00:00,765.92,-0.009818814114787688,0.0014272620009607717
2026-08-31T15:30:00+00:00,765.71,-0.010090302062661927,0.001429208965896045
2026-08-31T15:35:00+00:00,765.545,-0.010303614021706098,0.0014311559308310962
2026-08-31T15:40:00+00:00,765.835,-0.009928702093689123,0.0014331028957663694
2026-08-31T15:45:00+00:00,765.86,-0.00989638209989463,0.0014350498607014206
2026-08-31T15:50:00+00:00,766.07,-0.00962489415202028,0.0014369968256366938
2026-08-31T15:55:00+00:00,765.36,-0.010542781975785842,0.001438943790571745
2026-08-31T16:00:00+00:00,765.105,-0.01087244591249037,0.0014408907555070183
2026-08-31T16:05:00+00:00,765.19,-0.010762557933588823,0.0014428377204420695
2026-08-31T16:10:00+00:00,765.72,-0.010077374065144085,0.0014447846853771207
2026-08-31T16:15:00+00:00,765.43,-0.01045228599316117,0.001446731650312394
2026-08-31T16:20:00+00:00,765.435,-0.010445821994402249,0.0014486786152476672
2026-08-31T16:25:00+00:00,765.86,-0.00989638209989463,0.0014506255801827184
2026-08-31T16:30:00+00:00,765.82,-0.009948094089965887,0.0014525725451177696
2026-08-31T16:35:00+00:00,765.36,-0.010542781975785842,0.0014545195100530428
2026-08-31T16:40:00+00:00,765.425,-0.010458749991920091,0.001456466474988316
2026-08-31T16:45:00+00:00,765.84,-0.009922238094930202,0.0014584134399233672
2026-08-31T16:50:00+00:00,765.81,-0.00996102208748384,0.0014603604048586405
2026-08-31T16:55:00+00:00,765.89,-0.009857598107341214,0.0014623073697936917
2026-08-31T17:00:00+00:00,765.65,-0.010167870047768979,0.0014642543347287429
2026-08-31T17:05:00+00:00,765.585,-0.01025190203163473,0.0014662012996640161
2026-08-31T17:10:00+00:00,765.87,-0.009883454102376787,0.0014681482645992894
2026-08-31T17:15:00+00:00,765.73,-0.010064446067626354,0.0014700952295343406
2026-08-31T17:20:00+00:00,765.8,-0.00997395008500157,0.0014720421944693918
2026-08-31T17:25:00+00:00,765.47,-0.010400574003089691,0.001473989159404665
2026-08-31T17:30:00+00:00,765.29,-0.010633277958410625,0.0014759361243399383
2026-08-31T17:35:00+00:00,765.84,-0.009922238094930202,0.0014778830892749895
2026-08-31T17:40:00+00:00,766.21,-0.009443902186770714,0.0014798300542100407
2026-08-31T17:45:00+00:00,766.31,-0.009314622211592627,0.001481777019145314
2026-08-31T17:50:00+00:00,766.755,-0.008739326322049323,0.001483723984080365
2026-08-31T17:55:00+00:00,766.51,-0.009056062261236009,0.0014856709490156383
2026-08-31T18:00:00+00:00,766.625,-0.008907390289781048,0.0014876179139509116
2026-08-31T18:05:00+00:00,766.67,-0.00884921430095087,0.0014895648788857407
2026-08-31T18:10:00+00:00,766.72,-0.00878457431336166,0.001491511843821014
2026-08-31T18:15:00+00:00,766.7,-0.008810430308397343,0.0014934588087562872
2026-08-31T18:20:00+00:00,766.63,-0.008900926291022127,0.0014954057736915605
2026-08-31T18:25:00+00:00,766.31,-0.009314622211592627,0.0014973527386266117
2026-08-31T18:30:00+00:00,766.03,-0.009676606142091648,0.0014992997035616629
2026-08-31T18:35:00+00:00,765.47,-0.010400574003089691,0.0015012466684969361
2026-08-31T18:40:00+00:00,765.345,-0.010562173972062494,0.0015031936334319873
2026-08-31T18:45:00+00:00,765.42,-0.010465213990678901,0.0015051405983672606
2026-08-31T18:50:00+00:00,765.66,-0.010154942050251137,0.0015070875633023118
2026-08-31T18:55:00+00:00,765.68,-0.010129086055215564,0.001509034528237363
2026-08-31T19:00:00+00:00,765.815,-0.009954558088724808,0.0015109814931726362
2026-08-31T19:05:00+00:00,766.025,-0.00968307014085057,0.0015129284581079094
2026-08-31T19:10:00+00:00,766.18,-0.009482686179324351,0.0015148754230431827
2026-08-31T19:15:00+00:00,766.04,-0.009663678144573806,0.0015168223879780118
2026-08-31T19:20:00+00:00,766.42,-0.009172414238896476,0.001518769352913285
2026-08-31T19:25:00+00:00,766.67,-0.00884921430095087,0.0015207163178485583
2026-08-31T19:30:00+00:00,766.4,-0.00919827023393216,0.0015226632827836095
2026-08-31T19:35:00+00:00,766.63,-0.008900926291022127,0.0015246102477188828
2026-08-31T19:40:00+00:00,767.03,-0.008383806390309223,0.001526557212653934
2026-08-31T19:45:00+00:00,766.87,-0.008590654350594362,0.0015285041775889852
2026-08-31T19:50:00+00:00,767.4,-0.007905470482149735,0.0015304511425242584
2026-08-31T19:55:00+00:00,766.87,-0.008590654350594362,0.0015323981074595316
2026-08-31T20:00:00+00:00,766.87,-0.008590654350594362,0.0015343450723948049
2026-09-01T13:30:00+00:00,761.91,-0.015002941119435342,0.001536292037329634
2026-09-01T13:35:00+00:00,761.8,-0.015145149092131382,0.0015382408524851066
2026-09-01T13:40:00+00:00,761.93,-0.014977085124399658,0.001540189667640357
2026-09-01T13:45:00+00:00,762.06,-0.014809021156668045,0.0015421384827958295
2026-09-01T13:50:00+00:00,761.81,-0.015132221094613652,0.00154408729795108
2026-09-01T13:55:00+00:00,762.02,-0.014860733146739191,0.0015460361131063305
2026-09-01T14:00:00+00:00,762.2,-0.014628029191418368,0.001547984928261803
2026-09-01T14:05:00+00:00,762.88,-0.013748925360206332,0.0015499337434170535
2026-09-01T14:10:00+00:00,763.02,-0.013567933394956766,0.001551882558572526
2026-09-01T14:15:00+00:00,763.305,-0.013199485465698824,0.0015538313737279985
2026-09-01T14:20:00+00:00,763.695,-0.01269529356250354,0.001555780188883027
2026-09-01T14:25:00+00:00,763.76,-0.012611261578637789,0.0015577290040384995
2026-09-01T14:30:00+00:00,764.415,-0.011764477741220358,0.001559677819193972
2026-09-01T14:35:00+00:00,764.27,-0.011951933705228734,0.0015616266343492224
2026-09-01T14:40:00+00:00,764.16,-0.012094141677924775,0.001563575449504695
2026-09-01T14:45:00+00:00,763.935,-0.012385021622075887,0.0015655242646599454
2026-09-01T14:50:00+00:00,763.59,-0.01283103753644077,0.001567473079815196
2026-09-01T14:55:00+00:00,763.465,-0.012992637505413573,0.0015694218949706684
2026-09-01T15:00:00+00:00,763.12,-0.013438653419778568,0.0015713707101259189
2026-09-01T15:05:00+00:00,762.79,-0.0138652773378668,0.0015733195252813914
2026-09-01T15:10:00+00:00,763.05,-0.013529149402403351,0.001575268340436864
2026-09-01T15:15:00+00:00,763.29,-0.013218877461975587,0.0015772171555921144
2026-09-01T15:20:00+00:00,763.445,-0.013018493500449146,0.0015791659707473649
2026-09-01T15:25:00+00:00,763.59,-0.01283103753644077,0.0015811147859028374
2026-09-01T15:30:00+00:00,763.635,-0.012772861547610592,0.0015830636010580879
2026-09-01T15:35:00+00:00,764.04,-0.012249277648138768,0.0015850124162135604
2026-09-01T15:40:00+00:00,764.23,-0.012003645695299991,0.0015869612313688108
2026-09-01T15:45:00+00:00,764.57,-0.011564093779693918,0.0015889100465242834
2026-09-01T15:50:00+00:00,764.51,-0.01164166176480097,0.0015908588616795338
2026-09-01T15:55:00+00:00,764.275,-0.011945469706469813,0.0015928076768347843
2026-09-01T16:00:00+00:00,764.26,-0.011964861702746576,0.0015947564919902568
2026-09-01T16:05:00+00:00,763.865,-0.012475517604700559,0.0015967053071457293
2026-09-01T16:10:00+00:00,763.54,-0.01289567752402998,0.0015986541223009798
2026-09-01T16:15:00+00:00,763.01,-0.013580861392474608,0.0016006029374564523
2026-09-01T16:20:00+00:00,762.845,-0.013794173351518668,0.0016025517526117028
2026-09-01T16:25:00+00:00,762.54,-0.014188477275812406,0.0016045005677669533
2026-09-01T16:30:00+00:00,761.7,-0.01527442906730958,0.0016064493829224258
2026-09-01T16:35:00+00:00,762.205,-0.014621565192659447,0.0016083981980776763
2026-09-01T16:40:00+00:00,761.71,-0.015261501069791739,0.0016103470132331488
2026-09-01T16:45:00+00:00,761.955,-0.014944765130605053,0.0016122958283886213
2026-09-01T16:50:00+00:00,761.89,-0.015028797114470915,0.0016142446435436497
2026-09-01T16:55:00+00:00,762.32,-0.014472893221204375,0.0016161934586991222
2026-09-01T17:00:00+00:00,761.7,-0.01527442906730958,0.0016181422738545947
2026-09-01T17:05:00+00:00,761.725,-0.015242109073514976,0.0016200910890098452
2026-09-01T17:10:00+00:00,762.0,-0.014886589141774875,0.0016220399041653177
2026-09-01T17:15:00+00:00,761.62,-0.015377853047452206,0.0016239887193205682
2026-09-01T17:20:00+00:00,761.62,-0.015377853047452206,0.0016259375344758187
2026-09-01T17:25:00+00:00,761.68,-0.015300285062345265,0.0016278863496312912
2026-09-01T17:30:00+00:00,761.945,-0.014957693128122784,0.0016298351647865417
2026-09-01T17:35:00+00:00,761.915,-0.014996477120676421,0.0016317839799420142
2026-09-01T17:40:00+00:00,762.065,-0.014802557157908902,0.0016337327950974867
2026-09-01T17:45:00+00:00,761.72,-0.015248573072273897,0.0016356816102527372
2026-09-01T17:50:00+00:00,761.52,-0.015507133022630515,0.0016376304254079876
2026-09-01T17:55:00+00:00,761.82,-0.015119293097095698,0.0016395792405634602
2026-09-01T18:00:00+00:00,761.61,-0.015390781044970048,0.0016415280557187106
2026-09-01T18:05:00+00:00,761.655,-0.01533260505613987,0.0016434768708741831
2026-09-01T18:10:00+00:00,761.36,-0.015713980982915654,0.0016454256860294336
2026-09-01T18:15:00+00:00,761.75,-0.015209789079720482,0.0016473745011849061
2026-09-01T18:20:00+00:00,761.69,-0.015287357064827312,0.0016493233163401566
2026-09-01T18:25:00+00:00,761.21,-0.01590790094568295,0.001651272131495407
2026-09-01T18:30:00+00:00,760.77,-0.016476732836467334,0.0016532209466508796
2026-09-01T18:35:00+00:00,760.54,-0.016774076779377256,0.0016551697618063521
2026-09-01T18:40:00+00:00,759.86,-0.017653180610589292,0.0016571185769616026
2026-09-01T18:45:00+00:00,760.175,-0.017245948688777935,0.001659067392117075
2026-09-01T18:50:00+00:00,760.27,-0.017123132712358546,0.0016610162072721035
2026-09-01T18:55:00+00:00,760.74,-0.01651551682902075,0.001662965022427576
2026-09-01T19:00:00+00:00,761.15,-0.015985468930790003,0.0016649138375830486
2026-09-01T19:05:00+00:00,761.12,-0.01602425292334342,0.001666862652738299
2026-09-01T19:10:00+00:00,761.43,-0.015623485000290982,0.0016688114678937715
2026-09-01T19:15:00+00:00,761.4,-0.015662268992844397,0.001670760283049244
2026-09-01T19:20:00+00:00,761.28,-0.01581740496305828,0.0016727090982042725
2026-09-01T19:25:00+00:00,761.43,-0.015623485000290982,0.001674657913359745
2026-09-01T19:30:00+00:00,761.13,-0.016011324925825576,0.0016766067285152175
2026-09-01T19:35:00+00:00,760.83,-0.01639916485136028,0.001678555543670468
2026-09-01T19:40:00+00:00,761.05,-0.0161147489059682,0.0016805043588259405
2026-09-01T19:45:00+00:00,761.26,-0.015843260958093852,0.001682453173981191
2026-09-01T19:50:00+00:00,760.93,-0.016269884876182195,0.0016844019891366635
2026-09-01T19:55:00+00:00,761.63,-0.015364925049934364,0.001686350804291914
2026-09-01T20:00:00+00:00,761.9,-0.015015869116953184,0.0016882996194471644
2026-09-02T13:30:00+00:00,762.39,-0.014382397238579703,0.001690248434602637
2026-09-02T13:35:00+00:00,762.45,-0.014304829253472762,0.0016921989182205888
2026-09-02T13:40:00+00:00,762.8,-0.013852349340348957,0.0016941494018385406
2026-09-02T13:45:00+00:00,762.1,-0.014757309166596566,0.0016960998854562703
2026-09-02T13:50:00+00:00,762.44,-0.014317757250990493,0.0016980503690744442
2026-09-02T13:55:00+00:00,763.035,-0.013548541398680114,0.001700000852692396
2026-09-02T14:00:00+00:00,763.53,-0.012908605521547711,0.0017019513363103478
2026-09-02T14:05:00+00:00,763.73,-0.012650045571191204,0.0017039018199280775
2026-09-02T14:10:00+00:00,764.265,-0.011958397703987655,0.0017058523035460293
2026-09-02T14:15:00+00:00,764.855,-0.011195645850435976,0.0017078027871639812
2026-09-02T14:20:00+00:00,765.185,-0.010769021932347855,0.001709753270782155
2026-09-02T14:25:00+00:00,765.23,-0.010710845943517566,0.0017117037543998848
2026-09-02T14:30:00+00:00,765.53,-0.010323006017982861,0.0017136542380178366
2026-09-02T14:35:00+00:00,765.74,-0.010051518070108512,0.0017156047216357884
2026-09-02T14:40:00+00:00,766.29,-0.0093404782066282,0.0017175552052537402
2026-09-02T14:45:00+00:00,765.825,-0.009941630091206966,0.00171950568887147
2026-09-02T14:50:00+00:00,765.43,-0.01045228599316117,0.0017214561724894217
2026-09-02T14:55:00+00:00,765.32,-0.010594493965857099,0.0017234066561075956
2026-09-02T15:00:00+00:00,765.42,-0.010465213990678901,0.0017253571397255474
2026-09-02T15:05:00+00:00,765.45,-0.010426429998125375,0.0017273076233432771
2026-09-02T15:10:00+00:00,765.53,-0.010323006017982861,0.001729258106961229
2026-09-02T15:15:00+00:00,765.975,-0.009747710128439557,0.0017312085905791808
2026-09-02T15:20:00+00:00,765.91,-0.00983174211230553,0.0017331590741971326
2026-09-02T15:25:00+00:00,766.305,-0.009321086210351548,0.0017351095578148623
2026-09-02T15:30:00+00:00,766.02,-0.00968953413960949,0.0017370600414330362
2026-09-02T15:35:00+00:00,765.84,-0.009922238094930202,0.001739010525050988
2026-09-02T15:40:00+00:00,765.67,-0.010142014052733295,0.0017409610086689398
2026-09-02T15:45:00+00:00,765.06,-0.010930621901320658,0.0017429114922868916
2026-09-02T15:50:00+00:00,765.29,-0.010633277958410625,0.0017448619759046213
2026-09-02T15:55:00+00:00,765.9,-0.009844670109823372,0.0017468124595225731
2026-09-02T16:00:00+00:00,765.81,-0.00996102208748384,0.001748762943140747
2026-09-02T16:05:00+00:00,765.66,-0.010154942050251137,0.0017507134267586988
2026-09-02T16:10:00+00:00,765.69,-0.01011615805769761,0.0017526639103764285
2026-09-02T16:15:00+00:00,765.465,-0.010407038001848612,0.0017546143939943804
2026-09-02T16:20:00+00:00,764.98,-0.011034045881463173,0.0017565648776123322
2026-09-02T16:25:00+00:00,764.81,-0.011253821839266265,0.001758515361230284
2026-09-02T16:30:00+00:00,765.16,-0.01080134192614235,0.0017604658448480137
2026-09-02T16:35:00+00:00,765.14,-0.010827197921178033,0.0017624163284661876
2026-09-02T16:40:00+00:00,764.7,-0.011396029811962194,0.0017643668120841394
2026-09-02T16:45:00+00:00,764.845,-0.011208573847953818,0.0017663172957020912
2026-09-02T16:50:00+00:00,765.14,-0.010827197921178033,0.001768267779319821
2026-09-02T16:55:00+00:00,764.92,-0.011111613866570225,0.0017702182629377727
2026-09-02T17:00:00+00:00,765.465,-0.010407038001848612,0.0017721687465557245
2026-09-02T17:05:00+00:00,764.63,-0.011486525794587088,0.0017741192301736763
2026-09-02T17:10:00+00:00,764.95,-0.011072829874016588,0.0017760697137916281
2026-09-02T17:15:00+00:00,764.6,-0.011525309787140503,0.00177802019740958
2026-09-02T17:20:00+00:00,764.63,-0.011486525794587088,0.0017799706810275318
2026-09-02T17:25:00+00:00,764.685,-0.011415421808239068,0.0017819211646454836
2026-09-02T17:30:00+00:00,764.39,-0.011796797735014852,0.0017838716482632133
2026-09-02T17:35:00+00:00,764.475,-0.011686909756113306,0.0017858221318811651
2026-09-02T17:40:00+00:00,764.8,-0.011266749836784107,0.001787772615499339
2026-09-02T17:45:00+00:00,764.98,-0.011034045881463173,0.0017897230991172908
2026-09-02T17:50:00+00:00,764.99,-0.01102111788394533,0.0017916735827350205
2026-09-02T17:55:00+00:00,765.16,-0.01080134192614235,0.0017936240663529723
2026-09-02T18:00:00+00:00,765.22,-0.010723773941035297,0.0017955745499709241
2026-09-02T18:05:00+00:00,765.12,-0.010853053916213606,0.001797525033588876
2026-09-02T18:10:00+00:00,765.18,-0.010775485931106776,0.0017994755172068277
2026-09-02T18:15:00+00:00,765.61,-0.010219582037840236,0.0018014260008247795
2026-09-02T18:20:00+00:00,765.48,-0.01038764600557196,0.0018033764844427314
2026-09-02T18:25:00+00:00,765.29,-0.010633277958410625,0.0018053269680606832
2026-09-02T18:30:00+00:00,765.26,-0.010672061950964151,0.001807277451678635
2026-09-02T18:35:00+00:00,764.81,-0.011253821839266265,0.0018092279352963647
2026-09-02T18:40:00+00:00,764.72,-0.011370173816926621,0.0018111784189143165
2026-09-02T18:45:00+00:00,764.88,-0.01116332585664137,0.0018131289025324904
2026-09-02T18:50:00+00:00,764.8,-0.011266749836784107,0.0018150793861504422
2026-09-02T18:55:00+00:00,764.79,-0.011279677834301838,0.001817029869768172
2026-09-02T19:00:00+00:00,764.9,-0.011137469861605798,0.0018189803533861237
2026-09-02T19:05:00+00:00,765.2,-0.010749629936070981,0.0018209308370040755
2026-09-02T19:10:00+00:00,765.39,-0.010503997983232427,0.0018228813206220273
2026-09-02T19:15:00+00:00,765.41,-0.010478141988196743,0.001824831804239757
2026-09-02T19:20:00+00:00,765.23,-0.010710845943517566,0.001826782287857931
2026-09-02T19:25:00+00:00,765.43,-0.01045228599316117,0.0018287327714758828
2026-09-02T19:30:00+00:00,765.305,-0.010613885962133973,0.0018306832550938346
2026-09-02T19:35:00+00:00,765.08,-0.010904765906284863,0.0018326337387115643
2026-09-02T19:40:00+00:00,765.345,-0.010562173972062494,0.0018345842223295161
2026-09-02T19:45:00+00:00,765.375,-0.010523389979509079,0.001836534705947468
2026-09-02T19:50:00+00:00,765.23,-0.010710845943517566,0.0018384851895654197
2026-09-02T19:55:00+00:00,765.13,-0.010840125918695764,0.0018404356731833715
2026-09-02T20:00:00+00:00,765.2,-0.010749629936070981,0.0018423861568013233
2026-09-03T13:30:00+00:00,768.99,-0.005849918876815519,0.0018443366404192751
2026-09-03T13:35:00+00:00,769.735,-0.004886783061737621,0.0018462878023266516
2026-09-03T13:40:00+00:00,769.79,-0.004815679075389601,0.001848238964234028
2026-09-03T13:45:00+00:00,769.64,-0.005009599038157009,0.0018501901261414044
2026-09-03T13:50:00+00:00,769.59,-0.005074239025745997,0.001852141288049003
2026-09-03T13:55:00+00:00,769.54,-0.005138879013335207,0.0018540924499561573
2026-09-03T14:00:00+00:00,768.16,-0.006922942670795074,0.0018560436118635337
2026-09-03T14:05:00+00:00,767.78,-0.007414206576472404,0.0018579947737711322
2026-09-03T14:10:00+00:00,768.37,-0.006651454722920724,0.0018599459356782866
2026-09-03T14:15:00+00:00,768.87,-0.006005054847029401,0.001861897097585885
2026-09-03T14:20:00+00:00,768.865,-0.006011518845788322,0.0018638482594930394
2026-09-03T14:25:00+00:00,768.67,-0.006263614797386019,0.001865799421400638
2026-09-03T14:30:00+00:00,767.96,-0.00718150262115147,0.0018677505833080144
2026-09-03T14:35:00+00:00,768.2,-0.0068712306807235946,0.0018697017452151687
2026-09-03T14:40:00+00:00,768.19,-0.006884158678241437,0.0018716529071227672
2026-09-03T14:45:00+00:00,768.75,-0.006160190817243394,0.0018736040690301436
2026-09-03T14:50:00+00:00,768.62,-0.006328254784975007,0.00187555523093752
2026-09-03T14:55:00+00:00,769.265,-0.005494398945075418,0.0018775063928448965
2026-09-03T15:00:00+00:00,770.445,-0.003968895237972059,0.001879457554752273
2026-09-03T15:05:00+00:00,770.73,-0.0036004473087141164,0.0018814087166596494
2026-09-03T15:10:00+00:00,771.5,-0.0026049914998416135,0.0018833598785670258
2026-09-03T15:15:00+00:00,772.02,-0.0019327356289147168,0.0018853110404746243
2026-09-03T15:20:00+00:00,772.11,-0.0018163836512542497,0.0018872622023817787
2026-09-03T15:25:00+00:00,772.93,-0.0007562878547927587,0.001889213364289155
2026-09-03T15:30:00+00:00,772.855,-0.0008532478361763518,0.0018911645261965315
2026-09-03T15:35:00+00:00,772.465,-0.0013574397393715243,0.001893115688103908
2026-09-03T15:40:00+00:00,772.58,-0.0012087677679165632,0.0018950668500115064
2026-09-03T15:45:00+00:00,772.935,-0.0007498238560338377,0.0018970180119186608
2026-09-03T15:50:00+00:00,773.145,-0.00047833590815948845,0.0018989691738262593
2026-09-03T15:55:00+00:00,773.3,-0.0002779519466332703,0.0019009203357336357
2026-09-03T16:00:00+00:00,772.79,-0.0009372798200423249,0.0019028714976407901
2026-09-03T16:05:00+00:00,772.545,-0.0012540157592290102,0.0019048226595483886
2026-09-03T16:10:00+00:00,772.69,-0.001066559795220412,0.001906773821455765
2026-09-03T16:15:00+00:00,772.77,-0.0009631358150778979,0.0019087249833631414
2026-09-03T16:20:00+00:00,772.525,-0.0012798717542645832,0.0019106761452705179
2026-09-03T16:25:00+00:00,772.45,-0.0013768317356481763,0.0019126273071778943
2026-09-03T16:30:00+00:00,772.46,-0.0013639037381304453,0.0019145784690852707
2026-09-03T16:35:00+00:00,772.95,-0.0007304318597569637,0.0019165296309926472
2026-09-03T16:40:00+00:00,773.14,-0.00048479990691840946,0.0019184807929002456
2026-09-03T16:45:00+00:00,773.05,-0.0006011518845788766,0.0019204319548074
2026-09-03T16:50:00+00:00,772.84,-0.0008726398324531148,0.0019223831167147765
2026-09-03T16:55:00+00:00,772.88,-0.0008209278423818578,0.001924334278622153
2026-09-03T17:00:00+00:00,772.77,-0.0009631358150778979,0.0019262854405295293
2026-09-03T17:05:00+00:00,772.43,-0.0014026877306839713,0.0019282366024371278
2026-09-03T17:10:00+00:00,772.39,-0.0014543997207552284,0.0019301877643442822
2026-09-03T17:15:00+00:00,772.335,-0.0015255037071032485,0.0019321389262516586
2026-09-03T17:20:00+00:00,772.295,-0.0015772156971746165,0.001934090088159257
2026-09-03T17:25:00+00:00,772.64,-0.001131199782809622,0.0019360412500664115
2026-09-03T17:30:00+00:00,772.85,-0.0008597118349352728,0.00193799241197401
2026-09-03T17:35:00+00:00,773.01,-0.0006528638746501336,0.0019399435738813864
2026-09-03T17:40:00+00:00,773.07,-0.0005752958895430815,0.0019418947357887628
2026-09-03T17:45:00+00:00,773.0,-0.0006657918721679756,0.0019438458976961392
2026-09-03T17:50:00+00:00,773.4,-0.00014867197145496114,0.0019457970596035157
2026-09-03T17:55:00+00:00,773.26,-0.0003296639367045273,0.001947748221510892
2026-09-03T18:00:00+00:00,773.75,0.0003038079416688433,0.0019496993834182685
2026-09-03T18:05:00+00:00,773.795,0.00036198393049913236,0.001951650545325645
2026-09-03T18:10:00+00:00,773.89,0.00048479990691840946,0.0019536017072330214
2026-09-03T18:15:00+00:00,773.72,0.0002650239491155393,0.001955552869140398
2026-09-03T18:20:00+00:00,773.71,0.00025209595159769727,0.0019575040310477743
2026-09-03T18:25:00+00:00,773.72,0.0002650239491155393,0.0019594551929551507
2026-09-03T18:30:00+00:00,773.855,0.0004395519156059624,0.001961406354862749
2026-09-03T18:35:00+00:00,773.81,0.00038137592677567334,0.0019633575167699036
2026-09-03T18:40:00+00:00,773.6,0.00010988797890165714,0.00196530867867728
2026-09-03T18:45:00+00:00,773.76,0.0003167359391866853,0.0019672598405848785
2026-09-03T18:50:00+00:00,773.57,7.110398634813109e-05,0.001969211002492033
2026-09-03T18:55:00+00:00,773.67,0.0002003839615263292,0.0019711621643996313
2026-09-03T19:00:00+00:00,773.59,9.695998138381512e-05,0.0019731133263070078
2026-09-03T19:05:00+00:00,773.56,5.817598883006703e-05,0.001975064488214384
2026-09-03T19:10:00+00:00,773.39,-0.00016159996897280315,0.0019770156501217606
2026-09-03T19:15:00+00:00,773.59,9.695998138381512e-05,0.001978966812029137
2026-09-03T19:20:00+00:00,773.18,-0.0004330879168471524,0.0019809179739365135
2026-09-03T19:25:00+00:00,773.415,-0.00012927997517830914,0.00198286913584389
2026-09-03T19:30:00+00:00,773.33,-0.0002391679540796332,0.0019848202977512663
2026-09-03T19:35:00+00:00,773.43,-0.00010988797890154611,0.0019867714596586428
2026-09-03T19:40:00+00:00,773.235,-0.00036198393049902133,0.001988722621566019
2026-09-03T19:45:00+00:00,773.26,-0.0003296639367045273,0.0019906737834733956
2026-09-03T19:50:00+00:00,773.22,-0.00038137592677578436,0.001992624945380772
2026-09-03T19:55:00+00:00,773.22,-0.00038137592677578436,0.0019945761072883705
2026-09-03T20:00:00+00:00,773.115,-0.0005171199007129035,0.001996527269195525
2026-09-04T13:30:00+00:00,772.71,-0.001040703800184839,0.0019984784311029014
2026-09-04T13:35:00+00:00,772.505,-0.0013057277493002672,0.002000430761503358
2026-09-04T13:40:00+00:00,772.14,-0.0017775996587008347,0.0020023830919035923
2026-09-04T13:45:00+00:00,772.53,-0.0012734077555057732,0.002004335422304049
2026-09-04T13:50:00+00:00,772.385,-0.0014608637195141494,0.0020062877527045053
2026-09-04T13:55:00+00:00,772.31,-0.0015578237008978535,0.0020082400831047398
2026-09-04T14:00:00+00:00,771.95,-0.0020232316115395,0.0020101924135051963
2026-09-04T14:05:00+00:00,771.55,-0.0025403515122525144,0.002012144743905653
2026-09-04T14:10:00+00:00,771.64,-0.0024239995345920473,0.0020140970743058872
2026-09-04T14:15:00+00:00,770.96,-0.003303103365804083,0.0020160494047063438
2026-09-04T14:20:00+00:00,771.08,-0.003147967395590201,0.0020180017351068003
2026-09-04T14:25:00+00:00,771.21,-0.002979903427858477,0.0020199540655070347
2026-09-04T14:30:00+00:00,770.77,-0.0035487353186428594,0.002021906395907491
2026-09-04T14:35:00+00:00,771.1,-0.003122111400554517,0.0020238587263079477
2026-09-04T14:40:00+00:00,770.3,-0.004156351201980657,0.002025811056708182
2026-09-04T14:45:00+00:00,769.79,-0.004815679075389601,0.0020277633871086387
2026-09-04T14:50:00+00:00,769.56,-0.005113023018299634,0.002029715717509095
2026-09-04T14:55:00+00:00,769.42,-0.0052940149835492,0.0020316680479093296
2026-09-04T15:00:00+00:00,769.49,-0.005203519000924306,0.002033620378309786
2026-09-04T15:05:00+00:00,769.69,-0.004944959050567799,0.0020355727087102427
2026-09-04T15:10:00+00:00,769.87,-0.0047122550952469755,0.002037525039110477
2026-09-04T15:15:00+00:00,769.365,-0.005365118969897109,0.0020394773695109336
2026-09-04T15:20:00+00:00,769.27,-0.005487934946316497,0.00204142969991139
2026-09-04T15:25:00+00:00,769.47,-0.00522937499595999,0.0020433820303116246
2026-09-04T15:30:00+00:00,769.21,-0.005565502931423327,0.002045334360712081
2026-09-04T15:35:00+00:00,769.515,-0.005171199007129812,0.0020472866911123155
2026-09-04T15:40:00+00:00,769.99,-0.004557119125033093,0.002049239021512772
2026-09-04T15:45:00+00:00,769.82,-0.0047768950828360746,0.0020511913519132285
2026-09-04T15:50:00+00:00,769.95,-0.00460883111510435,0.002053143682313463
2026-09-04T15:55:00+00:00,769.95,-0.00460883111510435,0.0020550960127139195
2026-09-04T16:00:00+00:00,770.115,-0.00439551915606029,0.002057048343114376
2026-09-04T16:05:00+00:00,770.34,-0.004104639211909178,0.0020590006735146105
2026-09-04T16:10:00+00:00,770.73,-0.0036004473087141164,0.002060953003915067
2026-09-04T16:15:00+00:00,770.85,-0.0034453113385001233,0.0020629053343155235
2026-09-04T16:20:00+00:00,770.88,-0.0034065273459467083,0.002064857664715758
2026-09-04T16:25:00+00:00,770.67,-0.0036780152938210575,0.0020668099951162144
2026-09-04T16:30:00+00:00,770.9,-0.0033806713509111352,0.002068762325516449
2026-09-04T16:35:00+00:00,770.79,-0.0035228793236071754,0.0020707146559166834
2026-09-04T16:40:00+00:00,770.93,-0.0033418873583577202,0.00207266698631714
2026-09-04T16:45:00+00:00,771.205,-0.002986367426617398,0.0020746193167175964
2026-09-04T16:50:00+00:00,771.105,-0.003115647401795707,0.002076571647117831
2026-09-04T16:55:00+00:00,770.895,-0.0033871353496700563,0.0020785239775182873
2026-09-04T17:00:00+00:00,770.5,-0.0038977912516240387,0.002080476307918744
2026-09-04T17:05:00+00:00,770.42,-0.004001215231766664,0.0020824286383189783
2026-09-04T17:10:00+00:00,770.36,-0.004078783216873605,0.002084380968719435
2026-09-04T17:15:00+00:00,770.28,-0.00418220719701623,0.0020863332991198913
2026-09-04T17:20:00+00:00,770.1,-0.004414911152337053,0.0020882856295201258
2026-09-04T17:25:00+00:00,769.85,-0.0047381110902826595,0.0020902379599205823
2026-09-04T17:30:00+00:00,769.64,-0.005009599038157009,0.0020921902903210388
2026-09-04T17:35:00+00:00,769.645,-0.005003135039398088,0.0020941426207212732
2026-09-04T17:40:00+00:00,769.34,-0.005397438963691714,0.0020960949511217297
2026-09-04T17:45:00+00:00,769.395,-0.005326334977343694,0.0020980472815221862
2026-09-04T17:50:00+00:00,769.39,-0.005332798976102615,0.0020999996119224207
2026-09-04T17:55:00+00:00,769.47,-0.00522937499595999,0.002101951942322877
2026-09-04T18:00:00+00:00,769.31,-0.00543622295624524,0.0021039042727233337
2026-09-04T18:05:00+00:00,769.58,-0.005087167023263839,0.002105856603123568
2026-09-04T18:10:00+00:00,769.655,-0.004990207041880246,0.0021078089335240247
2026-09-04T18:15:00+00:00,769.75,-0.004867391065460858,0.002109761263924481
2026-09-04T18:20:00+00:00,769.91,-0.0046605431051757185,0.0021117135943247156
2026-09-04T18:25:00+00:00,769.875,-0.0047057910964880545,0.002113665924725172
2026-09-04T18:30:00+00:00,769.995,-0.004550655126274172,0.0021156182551256286
2026-09-04T18:35:00+00:00,769.855,-0.0047316470915237385,0.002117570585525863
2026-09-04T18:40:00+00:00,770.15,-0.004350271164747954,0.0021195229159263196
2026-09-04T18:45:00+00:00,770.22,-0.00425977518212306,0.002121475246326776
2026-09-04T18:50:00+00:00,770.25,-0.004220991189569645,0.0021234275767270105
2026-09-04T18:55:00+00:00,770.26,-0.004208063192051914,0.002125379907127467
2026-09-04T19:00:00+00:00,769.71,-0.004919103055532115,0.0021273322375279236
2026-09-04T19:05:00+00:00,769.685,-0.004951423049326831,0.002129284567928158
2026-09-04T19:10:00+00:00,769.615,-0.005041919031951503,0.0021312368983286145
2026-09-04T19:15:00+00:00,769.66,-0.004983743043121325,0.002133189228729071
2026-09-04T19:20:00+00:00,769.77,-0.004841535070425285,0.0021351415591293055
2026-09-04T19:25:00+00:00,769.95,-0.00460883111510435,0.002137093889529762
2026-09-04T19:30:00+00:00,769.985,-0.004563583123792014,0.0021390462199302185
2026-09-04T19:35:00+00:00,769.755,-0.004860927066701937,0.002140998550330453
2026-09-04T19:40:00+00:00,769.9,-0.0046734711026935605,0.0021429508807309094
2026-09-04T19:45:00+00:00,770.13,-0.004376127159783527,0.002144903211131144
2026-09-04T19:50:00+00:00,770.395,-0.004033535225561269,0.0021468555415316004
2026-09-04T19:55:00+00:00,770.18,-0.004311487172194539,0.002148807871932057
2026-09-04T20:00:00+00:00,770.18,-0.004311487172194539,0.0021507602023322914
2026-09-08T13:30:00+00:00,768.825,-0.006063230835859579,0.002152712532732748
2026-09-08T13:35:00+00:00,768.16,-0.006922942670795074,0.002154666700318719
2026-09-08T13:40:00+00:00,767.26,-0.00808646244739919,0.0021566208679046905
2026-09-08T13:45:00+00:00,767.72,-0.007491774561579234,0.00215857503549044
2026-09-08T13:50:00+00:00,767.26,-0.00808646244739919,0.002160529203076411
2026-09-08T13:55:00+00:00,767.44,-0.007853758492078255,0.0021624833706623825
2026-09-08T14:00:00+00:00,766.96,-0.008474302372933895,0.002164437538248354
2026-09-08T14:05:00+00:00,766.42,-0.009172414238896476,0.002166391705834103
2026-09-08T14:10:00+00:00,766.46,-0.009120702248825108,0.0021683458734200745
2026-09-08T14:15:00+00:00,766.58,-0.008965566278611226,0.002170300041006046
2026-09-08T14:20:00+00:00,767.05,-0.008357950395273539,0.002172254208592017
2026-09-08T14:25:00+00:00,766.71,-0.008797502310879501,0.0021742083761777664
2026-09-08T14:30:00+00:00,767.005,-0.008416126384103717,0.0021761625437637377
2026-09-08T14:35:00+00:00,766.9,-0.008551870358040947,0.002178116711349709
2026-09-08T14:40:00+00:00,767.115,-0.008273918411407677,0.0021800708789356804
2026-09-08T14:45:00+00:00,767.26,-0.00808646244739919,0.0021820250465214297
2026-09-08T14:50:00+00:00,767.63,-0.007608126539239701,0.002183979214107401
2026-09-08T14:55:00+00:00,767.65,-0.007582270544204017,0.0021859333816933724
2026-09-08T15:00:00+00:00,767.695,-0.007524094555373728,0.0021878875492793437
2026-09-08T15:05:00+00:00,767.68,-0.007543486551650602,0.002189841716865093
2026-09-08T15:10:00+00:00,768.04,-0.007078078641008956,0.0021917958844510643
2026-09-08T15:15:00+00:00,768.02,-0.007103934636044529,0.0021937500520370357
2026-09-08T15:20:00+00:00,768.0,-0.007129790631080213,0.002195704219623007
2026-09-08T15:25:00+00:00,767.83,-0.007349566588883194,0.0021976583872087563
2026-09-08T15:30:00+00:00,767.785,-0.007407742577713483,0.0021996125547947276
2026-09-08T15:35:00+00:00,767.51,-0.007763262509453583,0.002201566722380699
2026-09-08T15:40:00+00:00,767.96,-0.00718150262115147,0.0022035208899666703
2026-09-08T15:45:00+00:00,767.565,-0.007692158523105452,0.0022054750575526416
2026-09-08T15:50:00+00:00,767.545,-0.007718014518141247,0.002207429225138391
2026-09-08T15:55:00+00:00,767.395,-0.007911934480908545,0.0022093833927243622
2026-09-08T16:00:00+00:00,767.655,-0.007575806545445207,0.0022113375603103336
2026-09-08T16:05:00+00:00,767.37,-0.00794425447470315,0.002213291727896305
2026-09-08T16:10:00+00:00,767.245,-0.008105854443675953,0.002215245895482054
2026-09-08T16:15:00+00:00,766.925,-0.008519550364246342,0.0022172000630680255
2026-09-08T16:20:00+00:00,767.4,-0.007905470482149735,0.002219154230654219
2026-09-08T16:25:00+00:00,767.08,-0.008319166402720013,0.0022211083982401902
2026-09-08T16:30:00+00:00,767.2,-0.00816403043250613,0.0022230625658259395
2026-09-08T16:35:00+00:00,766.97,-0.008461374375416053,0.002225016733411911
2026-09-08T16:40:00+00:00,767.005,-0.008416126384103717,0.002226970900997882
2026-09-08T16:45:00+00:00,767.245,-0.008105854443675953,0.0022289250685838535
2026-09-08T16:50:00+00:00,767.24,-0.008112318442434874,0.002230879236169603
2026-09-08T16:55:00+00:00,766.95,-0.008487230370451737,0.002232833403755574
2026-09-08T17:00:00+00:00,767.87,-0.007297854598811937,0.0022347875713415455
2026-09-08T17:05:00+00:00,767.58,-0.0076727665268288,0.002236741738927517
2026-09-08T17:10:00+00:00,767.635,-0.00760166254048078,0.002238695906513266
2026-09-08T17:15:00+00:00,767.63,-0.007608126539239701,0.0022406500740992374
2026-09-08T17:20:00+00:00,767.68,-0.007543486551650602,0.0022426042416852088
2026-09-08T17:25:00+00:00,767.475,-0.0078085105007659195,0.00224455840927118
2026-09-08T17:30:00+00:00,767.72,-0.007491774561579234,0.0022465125768569294
2026-09-08T17:35:00+00:00,767.695,-0.007524094555373728,0.0022484667444429007
2026-09-08T17:40:00+00:00,767.315,-0.008015358461051059,0.002250420912028872
2026-09-08T17:45:00+00:00,767.59,-0.007659838529310958,0.0022523750796148434
2026-09-08T17:50:00+00:00,767.76,-0.007440062571507977,0.0022543292472008147
2026-09-08T17:55:00+00:00,767.56,-0.007698622521864484,0.002256283414786564
2026-09-08T18:00:00+00:00,767.59,-0.007659838529310958,0.0022582375823725354
2026-09-08T18:05:00+00:00,767.77,-0.007427134573990135,0.0022601917499585067
2026-09-08T18:10:00+00:00,767.76,-0.007440062571507977,0.002262145917544478
2026-09-08T18:15:00+00:00,767.81,-0.007375422583918878,0.0022641000851302273
2026-09-08T18:20:00+00:00,767.61,-0.007633982534275274,0.0022660542527161986
2026-09-08T18:25:00+00:00,767.765,-0.007433598572749056,0.00226800842030217
2026-09-08T18:30:00+00:00,767.525,-0.00774387051317682,0.0022699625878881413
2026-09-08T18:35:00+00:00,767.17,-0.008202814425059657,0.0022719167554738906
2026-09-08T18:40:00+00:00,767.52,-0.007750334511935741,0.002273870923059862
2026-09-08T18:45:00+00:00,766.26,-0.009379262199181615,0.0022758250906458333
2026-09-08T18:50:00+00:00,766.98,-0.008448446377898211,0.0022777792582318046
2026-09-08T18:55:00+00:00,766.79,-0.008694078330736987,0.002279733425817554
2026-09-08T19:00:00+00:00,766.63,-0.008900926291022127,0.0022816875934035252
2026-09-08T19:05:00+00:00,766.825,-0.00864883033942454,0.0022836417609894966
2026-09-08T19:10:00+00:00,766.91,-0.008538942360523105,0.002285595928575468
2026-09-08T19:15:00+00:00,766.715,-0.00879103831212058,0.002287550096161217
2026-09-08T19:20:00+00:00,766.58,-0.008965566278611226,0.0022895042637471885
2026-09-08T19:25:00+00:00,766.97,-0.008461374375416053,0.00229145843133316
2026-09-08T19:30:00+00:00,767.09,-0.008306238405202171,0.002293412598919131
2026-09-08T19:35:00+00:00,766.99,-0.00843551838038048,0.0022953667665048805
2026-09-08T19:40:00+00:00,766.82,-0.00865529433818335,0.002297320934090852
2026-09-08T19:45:00+00:00,766.54,-0.009017278268682594,0.002299275101676823
2026-09-08T19:50:00+00:00,765.71,-0.010090302062661927,0.0023012292692627945
2026-09-08T19:55:00+00:00,766.06,-0.009637822149538233,0.0023031834368485438
2026-09-08T20:00:00+00:00,766.06,-0.009637822149538233,0.002305137604434515
2026-09-09T13:30:00+00:00,764.155,-0.012100605676683696,0.0023070917720204864
2026-09-09T13:35:00+00:00,763.8,-0.012559549588566532,0.0023090462406412104
2026-09-09T13:40:00+00:00,763.75,-0.012624189576155631,0.0023110007092621565
2026-09-09T13:45:00+00:00,763.885,-0.012449661609664986,0.0023129551778828805
2026-09-09T13:50:00+00:00,763.785,-0.012578941584843184,0.0023149096465036045
2026-09-09T13:55:00+00:00,764.13,-0.0121329256704783,0.0023168641151243285
2026-09-09T14:00:00+00:00,763.84,-0.012507837598495164,0.0023188185837452746
2026-09-09T14:05:00+00:00,764.06,-0.012223421653103084,0.0023207730523659986
2026-09-09T14:10:00+00:00,763.885,-0.012449661609664986,0.0023227275209867226
2026-09-09T14:15:00+00:00,763.055,-0.01352268540364443,0.0023246819896074467
2026-09-09T14:20:00+00:00,762.705,-0.013975165316768234,0.0023266364582283927
2026-09-09T14:25:00+00:00,763.98,-0.012326845633245598,0.0023285909268491167
2026-09-09T14:30:00+00:00,763.485,-0.01296678151037789,0.0023305453954698407
2026-09-09T14:35:00+00:00,763.605,-0.012811645540164007,0.0023324998640905648
2026-09-09T14:40:00+00:00,763.72,-0.012662973568709046,0.002334454332711511
2026-09-09T14:45:00+00:00,763.73,-0.012650045571191204,0.002336408801332235
2026-09-09T14:50:00+00:00,763.65,-0.01275346955133383,0.002338363269952959
2026-09-09T14:55:00+00:00,763.78,-0.012585405583602105,0.002340317738573683
2026-09-09T15:00:00+00:00,762.87,-0.013761853357724174,0.002342272207194629
2026-09-09T15:05:00+00:00,762.18,-0.014653885186454052,0.002344226675815353
2026-09-09T15:10:00+00:00,761.63,-0.015364925049934364,0.002346181144436077
2026-09-09T15:15:00+00:00,761.97,-0.01492537313432829,0.002348135613056801
2026-09-09T15:20:00+00:00,761.07,-0.016088892910932517,0.002350090081677747
2026-09-09T15:25:00+00:00,761.54,-0.01548127702759483,0.002352044550298471
2026-09-09T15:30:00+00:00,762.15,-0.014692669179007578,0.002353999018919195
2026-09-09T15:35:00+00:00,762.89,-0.01373599736268849,0.002355953487540141
2026-09-09T15:40:00+00:00,762.23,-0.014589245198864842,0.002357907956160865
2026-09-09T15:45:00+00:00,762.29,-0.014511677213758012,0.002359862424781589
2026-09-09T15:50:00+00:00,762.54,-0.014188477275812406,0.002361816893402313
2026-09-09T15:55:00+00:00,762.18,-0.014653885186454052,0.002363771362023259
2026-09-09T16:00:00+00:00,762.37,-0.014408253233615387,0.0023657258306439832
2026-09-09T16:05:00+00:00,761.58,-0.015429565037523463,0.0023676802992647072
2026-09-09T16:10:00+00:00,761.645,-0.015345533053657712,0.0023696347678854313
2026-09-09T16:15:00+00:00,761.44,-0.015610557002772918,0.0023715892365063773
2026-09-09T16:20:00+00:00,761.74,-0.015222717077238324,0.0023735437051273234
2026-09-09T16:25:00+00:00,761.62,-0.015377853047452206,0.0023754981737480474
2026-09-09T16:30:00+00:00,762.09,-0.014770237164114408,0.0023774526423687714
2026-09-09T16:35:00+00:00,762.25,-0.014563389203829269,0.0023794071109897175
2026-09-09T16:40:00+00:00,762.36,-0.014421181231133118,0.0023813615796104415
2026-09-09T16:45:00+00:00,762.5,-0.014240189265883663,0.0023833160482311655
2026-09-09T16:50:00+00:00,762.685,-0.014001021311803918,0.0023852705168518895
2026-09-09T16:55:00+00:00,762.56,-0.014162621280776722,0.0023872249854728356
2026-09-09T17:00:00+00:00,762.38,-0.014395325236097545,0.0023891794540935596
2026-09-09T17:05:00+00:00,762.65,-0.014046269303116254,0.0023911339227142836
2026-09-09T17:10:00+00:00,763.12,-0.013438653419778568,0.0023930883913350076
2026-09-09T17:15:00+00:00,762.91,-0.013710141367652917,0.0023950428599559537
2026-09-09T17:20:00+00:00,763.19,-0.013348157437153674,0.0023969973285766777
2026-09-09T17:25:00+00:00,762.92,-0.013697213370135075,0.0023989517971974017
2026-09-09T17:30:00+00:00,762.81,-0.013839421342831115,0.0024009062658181257
2026-09-09T17:35:00+00:00,762.44,-0.014317757250990493,0.0024028607344390718
2026-09-09T17:40:00+00:00,762.94,-0.01367135737509928,0.002404815203059796
2026-09-09T17:45:00+00:00,763.09,-0.013477437412331983,0.00240676967168052
2026-09-09T17:50:00+00:00,763.27,-0.01324473345701116,0.002408724140301466
2026-09-09T17:55:00+00:00,763.025,-0.013561469396197845,0.00241067860892219
2026-09-09T18:00:00+00:00,763.08,-0.013490365409849825,0.002412633077542914
2026-09-09T18:05:00+00:00,762.74,-0.013929917325455898,0.002414587546163638
2026-09-09T18:10:00+00:00,762.46,-0.01429190125595492,0.002416542014784584
2026-09-09T18:15:00+00:00,762.525,-0.014207869272089058,0.002418496483405308
2026-09-09T18:20:00+00:00,762.965,-0.013639037381304786,0.002420450952026032
2026-09-09T18:25:00+00:00,762.835,-0.01380710134903651,0.002422405420646756
2026-09-09T18:30:00+00:00,762.74,-0.013929917325455898,0.002424359889267702
2026-09-09T18:35:00+00:00,763.0,-0.01359378938999245,0.002426314357888426
2026-09-09T18:40:00+00:00,763.2,-0.013335229439635832,0.00242826882650915
2026-09-09T18:45:00+00:00,762.97,-0.013632573382545865,0.002430223295129874
2026-09-09T18:50:00+00:00,763.28,-0.013231805459493318,0.00243217776375082
2026-09-09T18:55:00+00:00,762.92,-0.013697213370135075,0.002434132232371544
2026-09-09T19:00:00+00:00,762.68,-0.01400748531056284,0.002436086700992268
2026-09-09T19:05:00+00:00,763.1,-0.013464509414814141,0.0024380411696129922
2026-09-09T19:10:00+00:00,762.96,-0.013645501380063707,0.0024399956382339383
2026-09-09T19:15:00+00:00,763.3,-0.013205949464457745,0.0024419501068546623
2026-09-09T19:20:00+00:00,763.22,-0.013309373444600259,0.0024439045754753863
2026-09-09T19:25:00+00:00,763.12,-0.013438653419778568,0.0024458590440961103
2026-09-09T19:30:00+00:00,763.03,-0.013555005397439035,0.0024478135127170564
2026-09-09T19:35:00+00:00,762.795,-0.013858813339107878,0.0024497679813377804
2026-09-09T19:40:00+00:00,762.84,-0.01380063735027759,0.0024517224499585044
2026-09-09T19:45:00+00:00,762.83,-0.013813565347795431,0.0024536769185794505
2026-09-09T19:50:00+00:00,762.415,-0.014350077244785209,0.0024556313872001745
2026-09-09T19:55:00+00:00,762.425,-0.014337149247267367,0.0024575858558208985
2026-09-09T20:00:00+00:00,762.28,-0.014524605211275854,0.0024595403244416225
2026-09-10T13:30:00+00:00,757.79,-0.020329276096779036,0.0024614947930625686
2026-09-10T13:35:00+00:00,758.43,-0.019501884255638258,0.0024634495627646746
2026-09-10T13:40:00+00:00,758.135,-0.019883260182414042,0.0024654043324665587
2026-09-10T13:45:00+00:00,758.66,-0.019204540312728335,0.0024673591021686647
2026-09-10T13:50:00+00:00,757.32,-0.020936891980116612,0.0024693138718705487
2026-09-10T13:55:00+00:00,756.81,-0.02159621985352589,0.002471268641572655
2026-09-10T14:00:00+00:00,757.26,-0.021014459965223664,0.002473223411274761
2026-09-10T14:05:00+00:00,756.75,-0.02167378783863272,0.002475178180976645
2026-09-10T14:10:00+00:00,757.355,-0.020891643988804276,0.002477132950678751
2026-09-10T14:15:00+00:00,758.08,-0.019954364168762062,0.002479087720380635
2026-09-10T14:20:00+00:00,759.33,-0.01833836447903392,0.002481042490082741
2026-09-10T14:25:00+00:00,758.71,-0.019139900325139125,0.002482997259784847
2026-09-10T14:30:00+00:00,758.995,-0.018771452395881072,0.002484952029486731
2026-09-10T14:35:00+00:00,759.325,-0.01834482847779284,0.002486906799188837
2026-09-10T14:40:00+00:00,758.79,-0.01903647634499661,0.0024888615688909432
2026-09-10T14:45:00+00:00,758.81,-0.019010620349960927,0.0024908163385928273
2026-09-10T14:50:00+00:00,759.16,-0.018558140436837012,0.0024927711082949333
2026-09-10T14:55:00+00:00,759.39,-0.01826079649392709,0.0024947258779968173
2026-09-10T15:00:00+00:00,758.85,-0.01895890835988956,0.0024966806476989234
2026-09-10T15:05:00+00:00,759.07,-0.018674492414497368,0.0024986354174010295
2026-09-10T15:10:00+00:00,759.07,-0.018674492414497368,0.0025005901871029135
2026-09-10T15:15:00+00:00,759.01,-0.01875206039960442,0.0025025449568050195
2026-09-10T15:20:00+00:00,759.3,-0.018377148471587557,0.0025044997265069036
2026-09-10T15:25:00+00:00,759.185,-0.018525820443042518,0.0025064544962090096
2026-09-10T15:30:00+00:00,759.42,-0.018222012501373674,0.0025084092659111157
2026-09-10T15:35:00+00:00,759.22,-0.01848057245173007,0.0025103640356129997
2026-09-10T15:40:00+00:00,759.42,-0.018222012501373674,0.0025123188053151058
2026-09-10T15:45:00+00:00,759.135,-0.018590460430631617,0.0025142735750169898
2026-09-10T15:50:00+00:00,758.65,-0.019217468310246066,0.002516228344719096
2026-09-10T15:55:00+00:00,758.56,-0.019333820287906534,0.002518183114421202
2026-09-10T16:00:00+00:00,758.54,-0.019359676282942218,0.002520137884123086
2026-09-10T16:05:00+00:00,758.095,-0.0199349721724853,0.002522092653825192
2026-09-10T16:10:00+00:00,758.155,-0.01985740418737847,0.002524047423527298
2026-09-10T16:15:00+00:00,758.12,-0.019902652178690805,0.002526002193229182
2026-09-10T16:20:00+00:00,758.05,-0.019993148161315588,0.00252795696293151
2026-09-10T16:25:00+00:00,758.085,-0.01994790017000314,0.002529911732633394
2026-09-10T16:30:00+00:00,757.54,-0.020652476034724643,0.0025318665023355003
2026-09-10T16:35:00+00:00,758.22,-0.019773372203512496,0.0025338212720376063
2026-09-10T16:40:00+00:00,758.86,-0.018945980362371717,0.0025357760417394903
2026-09-10T16:45:00+00:00,758.91,-0.018881340374782618,0.0025377308114415964
2026-09-10T16:50:00+00:00,759.16,-0.018558140436837012,0.0025396855811434804
2026-09-10T16:55:00+00:00,759.205,-0.018499964448006723,0.0025416403508455865
2026-09-10T17:00:00+00:00,758.99,-0.018777916394639993,0.0025435951205476925
2026-09-10T17:05:00+00:00,758.97,-0.018803772389675677,0.0025455498902495766
2026-09-10T17:10:00+00:00,759.035,-0.018719740405809815,0.0025475046599516826
2026-09-10T17:15:00+00:00,758.97,-0.018803772389675677,0.0025494594296535666
2026-09-10T17:20:00+00:00,758.65,-0.019217468310246066,0.0025514141993556727
2026-09-10T17:25:00+00:00,758.635,-0.01923686030652283,0.0025533689690577788
2026-09-10T17:30:00+00:00,758.65,-0.019217468310246066,0.002555323738759663
2026-09-10T17:35:00+00:00,758.06,-0.019980220163797746,0.002557278508461769
2026-09-10T17:40:00+00:00,758.45,-0.019476028260602463,0.002559233278163653
2026-09-10T17:45:00+00:00,758.25,-0.01973458821095908,0.002561188047865759
2026-09-10T17:50:00+00:00,758.36,-0.01959238023826293,0.002563142817567865
2026-09-10T17:55:00+00:00,758.305,-0.01966348422461106,0.002565097587269749
2026-09-10T18:00:00+00:00,757.98,-0.02008364414394026,0.002567052356971855
2026-09-10T18:05:00+00:00,757.74,-0.020393916084368136,0.002569007126673961
2026-09-10T18:10:00+00:00,757.74,-0.020393916084368136,0.002570961896375845
2026-09-10T18:15:00+00:00,757.71,-0.02043270007692155,0.0025729166660779512
2026-09-10T18:20:00+00:00,757.8,-0.020316348099261194,0.0025748714357798352
2026-09-10T18:25:00+00:00,757.69,-0.020458556071957124,0.0025768262054819413
2026-09-10T18:30:00+00:00,757.61,-0.02056198005209975,0.0025787809751840474
2026-09-10T18:35:00+00:00,757.83,-0.02027756410670767,0.0025807357448859314
2026-09-10T18:40:00+00:00,757.82,-0.0202904921042254,0.0025826905145880374
2026-09-10T18:45:00+00:00,757.8,-0.020316348099261194,0.0025846452842899215
2026-09-10T18:50:00+00:00,757.95,-0.020122428136493675,0.0025866000539920275
2026-09-10T18:55:00+00:00,757.775,-0.02034866809305569,0.0025885548236941336
2026-09-10T19:00:00+00:00,757.335,-0.02091749998383996,0.0025905095933960176
2026-09-10T19:05:00+00:00,757.97,-0.020096572141458102,0.0025924643630981237
2026-09-10T19:10:00+00:00,757.83,-0.02027756410670767,0.0025944191328000077
2026-09-10T19:15:00+00:00,757.505,-0.02069772402603698,0.0025963739025021138
2026-09-10T19:20:00+00:00,757.715,-0.02042623607816263,0.00259832867220422
2026-09-10T19:25:00+00:00,757.615,-0.02055551605334094,0.002600283441906104
2026-09-10T19:30:00+00:00,757.925,-0.02015474813028839,0.00260223821160821
2026-09-10T19:35:00+00:00,758.01,-0.020044860151386845,0.002604192981310094
2026-09-10T19:40:00+00:00,758.03,-0.020019004156351272,0.0026061477510122
2026-09-10T19:45:00+00:00,758.15,-0.01986386818613728,0.002608102520714306
2026-09-10T19:50:00+00:00,757.86,-0.020238780114154142,0.00261005729041619
2026-09-10T19:55:00+00:00,757.87,-0.02022585211663641,0.002612012060118296
2026-09-10T20:00:00+00:00,757.87,-0.02022585211663641,0.002613966829820402
2026-09-11T13:30:00+00:00,765.775,-0.010006270078796176,0.002615921599522286
2026-09-11T13:35:00+00:00,765.52,-0.010335934015500703,0.0026178766703519596
2026-09-11T13:40:00+00:00,765.43,-0.01045228599316117,0.002619831741181633
2026-09-11T13:45:00+00:00,764.97,-0.011046973878981015,0.0026217868120113064
2026-09-11T13:50:00+00:00,765.055,-0.01093708590007958,0.0026237418828407577
2026-09-11T13:55:00+00:00,766.27,-0.009366334201663884,0.002625696953670431
2026-09-11T14:00:00+00:00,765.42,-0.010465213990678901,0.0026276520245001045
2026-09-11T14:05:00+00:00,765.34,-0.010568637970821415,0.002629607095329778
2026-09-11T14:10:00+00:00,764.87,-0.011176253854159213,0.0026315621661594513
2026-09-11T14:15:00+00:00,765.74,-0.010051518070108512,0.0026335172369891247
2026-09-11T14:20:00+00:00,765.73,-0.010064446067626354,0.002635472307818576
2026-09-11T14:25:00+00:00,765.83,-0.009935166092448044,0.0026374273786482494
2026-09-11T14:30:00+00:00,764.74,-0.011344317821890937,0.0026393824494779228
2026-09-11T14:35:00+00:00,764.34,-0.011861437722603951,0.002641337520307596
2026-09-11T14:40:00+00:00,764.045,-0.012242813649379847,0.0026432925911372696
2026-09-11T14:45:00+00:00,764.73,-0.011357245819408779,0.002645247661966943
2026-09-11T14:50:00+00:00,764.09,-0.012184637660549558,0.0026472027327963943
2026-09-11T14:55:00+00:00,763.965,-0.01234623762952236,0.0026491578036260677
2026-09-11T15:00:00+00:00,764.66,-0.011447741802033562,0.002651112874455741
2026-09-11T15:05:00+00:00,764.89,-0.01115039785912364,0.0026530679452854145
2026-09-11T15:10:00+00:00,764.59,-0.011538237784658234,0.002655023016115088
2026-09-11T15:15:00+00:00,765.375,-0.010523389979509079,0.0026569780869447612
2026-09-11T15:20:00+00:00,765.86,-0.00989638209989463,0.0026589331577742126
2026-09-11T15:25:00+00:00,765.99,-0.009728318132162905,0.002660888228603886
2026-09-11T15:30:00+00:00,765.905,-0.009838206111064451,0.0026628432994335594
2026-09-11T15:35:00+00:00,765.96,-0.00976710212471632,0.0026647983702632327
2026-09-11T15:40:00+00:00,766.135,-0.009540862168154418,0.002666753441092906
2026-09-11T15:45:00+00:00,765.975,-0.009747710128439557,0.0026687085119225795
2026-09-11T15:50:00+00:00,765.54,-0.010310078020465019,0.002670663582752253
2026-09-11T15:55:00+00:00,765.78,-0.009999806080037255,0.0026726186535817043
2026-09-11T16:00:00+00:00,766.18,-0.009482686179324351,0.0026745737244113776
2026-09-11T16:05:00+00:00,765.85,-0.00990931009741236,0.002676528795241051
2026-09-11T16:10:00+00:00,765.55,-0.010297150022947288,0.0026784838660707244
2026-09-11T16:15:00+00:00,765.52,-0.010335934015500703,0.002680438936900398
2026-09-11T16:20:00+00:00,765.36,-0.010542781975785842,0.0026823940077302932
2026-09-11T16:25:00+00:00,764.87,-0.011176253854159213,0.0026843490785597446
2026-09-11T16:30:00+00:00,765.645,-0.0101743340465279,0.002686304149389418
2026-09-11T16:35:00+00:00,764.92,-0.011111613866570225,0.0026882592202190914
2026-09-11T16:40:00+00:00,765.47,-0.010400574003089691,0.0026902142910487647
2026-09-11T16:45:00+00:00,765.37,-0.010529853978268,0.002692169361878438
2026-09-11T16:50:00+00:00,765.41,-0.010478141988196743,0.0026941244327081115
2026-09-11T16:55:00+00:00,765.645,-0.0101743340465279,0.002696079503537563
2026-09-11T17:00:00+00:00,765.65,-0.010167870047768979,0.0026980345743672363
2026-09-11T17:05:00+00:00,765.74,-0.010051518070108512,0.0026999896451969096
2026-09-11T17:10:00+00:00,765.535,-0.01031654201922394,0.002701944716026583
2026-09-11T17:15:00+00:00,765.87,-0.009883454102376787,0.0027038997868562564
2026-09-11T17:20:00+00:00,766.17,-0.009495614176842082,0.00270585485768593
2026-09-11T17:25:00+00:00,765.995,-0.009721854133403984,0.002707809928515381
2026-09-11T17:30:00+00:00,766.015,-0.009695998138368411,0.0027097649993450545
2026-09-11T17:35:00+00:00,765.815,-0.009954558088724808,0.002711720070174728
2026-09-11T17:40:00+00:00,765.86,-0.00989638209989463,0.0027136751410044013
2026-09-11T17:45:00+00:00,765.9,-0.009844670109823372,0.0027156302118340747
2026-09-11T17:50:00+00:00,765.845,-0.009915774096171281,0.002717585282663748
2026-09-11T17:55:00+00:00,765.745,-0.01004505407134959,0.0027195403534931994
2026-09-11T18:00:00+00:00,765.87,-0.009883454102376787,0.002721495424322873
2026-09-11T18:05:00+00:00,765.69,-0.01011615805769761,0.0027234504951525462
2026-09-11T18:10:00+00:00,765.595,-0.010238974034116888,0.0027254055659822196
2026-09-11T18:15:00+00:00,765.58,-0.01025836603039365,0.002727360636811893
2026-09-11T18:20:00+00:00,765.34,-0.010568637970821415,0.0027293157076415664
2026-09-11T18:25:00+00:00,765.53,-0.010323006017982861,0.0027312707784712398
2026-09-11T18:30:00+00:00,765.43,-0.01045228599316117,0.002733225849300691
2026-09-11T18:35:00+00:00,765.3,-0.010620349960892894,0.0027351809201303645
2026-09-11T18:40:00+00:00,765.13,-0.010840125918695764,0.002737135990960038
2026-09-11T18:45:00+00:00,765.06,-0.010930621901320658,0.0027390910617897113
2026-09-11T18:50:00+00:00,765.05,-0.0109435498988385,0.0027410461326193847
2026-09-11T18:55:00+00:00,765.025,-0.010975869892632995,0.002743001203449058
2026-09-11T19:00:00+00:00,765.12,-0.010853053916213606,0.0027449562742785094
2026-09-11T19:05:00+00:00,764.78,-0.01129260583181968,0.002746911345108183
2026-09-11T19:10:00+00:00,764.84,-0.011215037846712628,0.002748866415937856
2026-09-11T19:15:00+00:00,765.0,-0.011008189886427489,0.0027508214867675296
2026-09-11T19:20:00+00:00,765.21,-0.01073670193855314,0.002752776557597203
2026-09-11T19:25:00+00:00,765.02,-0.010982333891391916,0.0027547316284268764
2026-09-11T19:30:00+00:00,764.965,-0.011053437877739825,0.0027566866992563277
2026-09-11T19:35:00+00:00,764.935,-0.011092221870293462,0.002758641770086001
2026-09-11T19:40:00+00:00,765.02,-0.010982333891391916,0.0027605968409156745
2026-09-11T19:45:00+00:00,764.75,-0.011331389824373095,0.002762551911745348
2026-09-11T19:50:00+00:00,764.67,-0.011434813804515831,0.0027645069825750213
2026-09-11T19:55:00+00:00,764.14,-0.012119997672960459,0.0027664620534046946
2026-09-11T20:00:00+00:00,764.29,-0.011926077710193161,0.002768417124234146
