timestamp,spy_close,spy_cum,cash_cum
2026-08-14T13:30:00+00:00,,0.0,0.0
2026-08-14T13:35:00+00:00,,-0.0002698431055087,1.9471430006134938e-06
2026-08-14T13:40:00+00:00,,0.0001863202395178,3.894289792638617e-06
2026-08-14T13:45:00+00:00,,-0.0002826927771996,5.841440376075369e-06
2026-08-14T13:50:00+00:00,,0.0003726404790356,7.78859475092375e-06
2026-08-14T13:55:00+00:00,,0.0002569934338176,9.73575291718376e-06
2026-08-14T14:00:00+00:00,,0.0004368888374901,1.1682914874633354e-05
2026-08-14T14:05:00+00:00,,0.0003340914639631,1.3630080623716624e-05
2026-08-14T14:10:00+00:00,,7.709803014521732e-05,1.557725016421152e-05
2026-08-14T14:15:00+00:00,,-0.0005204117034809,1.7524423495896002e-05
2026-08-14T14:20:00+00:00,,-0.0010022743918892,1.947160061921416e-05
2026-08-14T14:25:00+00:00,,-0.0010600979144983,2.1418781533943942e-05
2026-08-14T14:30:00+00:00,,-0.0017090063348882,2.336596623986331e-05
2026-08-14T14:35:00+00:00,,-0.00108579725788,2.53131547376384e-05
2026-08-14T14:40:00+00:00,,-0.0014134638859977,2.726034702660307e-05
2026-08-14T14:45:00+00:00,,-0.0012464181540161,2.920754310697937e-05
2026-08-14T14:50:00+00:00,,-0.0015483854387521,3.115474297898935e-05
2026-08-14T14:55:00+00:00,,-0.0018889017385606,3.310194664241095e-05
2026-08-14T15:00:00+00:00,,-0.0017539801858063,3.5049154097244184e-05
2026-08-14T15:05:00+00:00,,-0.0020495226346967,3.699636534371109e-05
2026-08-14T15:10:00+00:00,,-0.0022358428742145,3.8943580381589626e-05
2026-08-14T15:15:00+00:00,,-0.0021715945157602,4.089079921110184e-05
2026-08-14T15:20:00+00:00,,-0.0028654767870681,4.283802183180363e-05
2026-08-14T15:25:00+00:00,,-0.0024928363080324,4.478524824436114e-05
2026-08-14T15:30:00+00:00,,-0.0026598820400139,4.673247844833029e-05
2026-08-14T15:35:00+00:00,,-0.0026727317117047,4.8679712443711054e-05
2026-08-14T15:40:00+00:00,,-0.0028140781003046,5.062695023094754e-05
2026-08-14T15:45:00+00:00,,-0.0030196728473588,5.2574191809373616e-05
2026-08-14T15:50:00+00:00,,-0.0027241303984683,5.452143717965541e-05
2026-08-14T15:55:00+00:00,,-0.0025827840098685,5.646868634134883e-05
2026-08-14T16:00:00+00:00,,-0.0023000912326689,5.841593929467592e-05
2026-08-14T16:05:00+00:00,,-0.0025827840098685,6.0363196039414646e-05
2026-08-14T16:10:00+00:00,,-0.0021715945157602,6.231045657600909e-05
2026-08-14T16:15:00+00:00,,-0.0021073461573056,6.425772090401516e-05
2026-08-14T16:20:00+00:00,,-0.0020045487837786,6.62049890236549e-05
2026-08-14T16:25:00+00:00,,-0.0019852742762422,6.815226093492832e-05
2026-08-14T16:30:00+00:00,,-0.0023707644269689,7.009953663783541e-05
2026-08-14T16:35:00+00:00,,-0.0022165683666782,7.204681613237618e-05
2026-08-14T16:40:00+00:00,,-0.0026727317117047,7.399409941832857e-05
2026-08-14T16:45:00+00:00,,-0.0026920062192411,7.594138649613669e-05
2026-08-14T16:50:00+00:00,,-0.0029746989964407,7.788867736557847e-05
2026-08-14T16:55:00+00:00,,-0.0032188427585675,7.983597202665393e-05
2026-08-14T17:00:00+00:00,,-0.0031353198925767,8.178327047936307e-05
2026-08-14T17:05:00+00:00,,-0.0029811238322861,8.373057272392792e-05
2026-08-14T17:10:00+00:00,,-0.0028269277719954,8.56778787599044e-05
2026-08-14T17:15:00+00:00,,-0.0029040258021407,8.76251885877366e-05
2026-08-14T17:20:00+00:00,,-0.0031031957133494,8.957250220720248e-05
2026-08-14T17:25:00+00:00,,-0.0031738689076494,9.151981961830202e-05
2026-08-14T17:30:00+00:00,,-0.003109620549195,9.346714082125727e-05
2026-08-14T17:35:00+00:00,,-0.0034180126697762,9.541446581584624e-05
2026-08-14T17:40:00+00:00,,-0.0033666139830127,9.736179460206884e-05
2026-08-14T17:45:00+00:00,,-0.0034051629980853,9.930912718014716e-05
2026-08-14T17:50:00+00:00,,-0.0031738689076494,0.0001012564635498
2026-08-14T17:55:00+00:00,,-0.0030453721907405,0.0001032038037112
2026-08-14T18:00:00+00:00,,-0.0028140781003046,0.0001051511476646
2026-08-14T18:05:00+00:00,,-0.0026663068758593,0.0001070984954094
2026-08-14T18:10:00+00:00,,-0.0026213330249411,0.0001090458469463
2026-08-14T18:15:00+00:00,,-0.0025956336815594,0.0001109932022749
2026-08-14T18:20:00+00:00,,-0.0026213330249411,0.0001129405613951
2026-08-14T18:25:00+00:00,,-0.0028719016229135,0.0001148879243073
2026-08-14T18:30:00+00:00,,-0.0030325225190496,0.0001168352910112
2026-08-14T18:35:00+00:00,,-0.0028526271153772,0.0001187826615069
2026-08-14T18:40:00+00:00,,-0.0025827840098685,0.0001207300357943
2026-08-14T18:45:00+00:00,,-0.0025827840098685,0.0001226774138738
2026-08-14T18:50:00+00:00,,-0.0024157382778869,0.0001246247957449
2026-08-14T18:55:00+00:00,,-0.0026598820400139,0.0001265721814078
2026-08-14T19:00:00+00:00,,-0.0028976009662953,0.0001285195708626
2026-08-14T19:05:00+00:00,,-0.0026598820400139,0.0001304669641093
2026-08-14T19:10:00+00:00,,-0.0027755290852318,0.0001324143611478
2026-08-14T19:15:00+00:00,,-0.0028526271153772,0.0001343617619782
2026-08-14T19:20:00+00:00,,-0.0027241303984683,0.0001363091666004
2026-08-14T19:25:00+00:00,,-0.002647032368323,0.0001382565750145
2026-08-14T19:30:00+00:00,,-0.002531385323105,0.0001402039872206
2026-08-14T19:35:00+00:00,,-0.0026341826966321,0.0001421514032184
2026-08-14T19:40:00+00:00,,-0.0026598820400139,0.0001440988230083
2026-08-14T19:45:00+00:00,,-0.0026149081890957,0.00014604624659
2026-08-14T19:50:00+00:00,,-0.0026020585174048,0.0001479936739636
2026-08-14T19:55:00+00:00,,-0.0024799866363415,0.0001499411051291
2026-08-14T20:00:00+00:00,,-0.0028269277719954,0.0001518885400866
2026-08-17T13:30:00+00:00,775.48,0.0,0.0
2026-08-17T13:35:00+00:00,775.34,-0.00018053334708822977,1.9449467549836896e-06
2026-08-17T13:40:00+00:00,775.59,0.00014184762985514077,3.889893510189424e-06
2026-08-17T13:45:00+00:00,775.975,0.0006383143343478004,5.8348402651731135e-06
2026-08-17T13:50:00+00:00,775.81,0.0004255428895649782,7.779787020378848e-06
2026-08-17T13:55:00+00:00,775.19,-0.0003739619332542299,9.724733775362536e-06
2026-08-17T14:00:00+00:00,775.425,-7.092381492757038e-05,1.1669680530346229e-05
2026-08-17T14:05:00+00:00,775.435,-5.802857584991106e-05,1.361462728555196e-05
2026-08-17T14:10:00+00:00,775.63,0.00019342858616600012,1.555957404053565e-05
2026-08-17T14:15:00+00:00,775.405,-9.671429308300006e-05,1.7504520795741385e-05
2026-08-17T14:20:00+00:00,775.235,-0.00031593335740442985,1.9449467550725075e-05
2026-08-17T14:25:00+00:00,775.46,-2.5790478155429675e-05,2.1394414305708764e-05
2026-08-17T14:30:00+00:00,775.565,0.00010960953216088143,2.33393610609145e-05
2026-08-17T14:35:00+00:00,775.08,-0.0005158095631092596,2.5284307815898188e-05
2026-08-17T14:40:00+00:00,775.155,-0.0004190952700263706,2.722925457110392e-05
2026-08-17T14:45:00+00:00,775.305,-0.00022566668386037048,2.917420132608761e-05
2026-08-17T14:50:00+00:00,774.92,-0.0007221333883531411,3.11191480810713e-05
2026-08-17T14:55:00+00:00,775.27,-0.00027080002063240016,3.306409483627704e-05
2026-08-17T15:00:00+00:00,775.515,4.5133336771918664e-05,3.5009041591260726e-05
2026-08-17T15:05:00+00:00,775.37,-0.00014184762985502974,3.695398834646646e-05
2026-08-17T15:10:00+00:00,775.32,-0.00020632382524365944,3.889893510145015e-05
2026-08-17T15:15:00+00:00,775.74,0.0003352762160211409,4.084388185643384e-05
2026-08-17T15:20:00+00:00,775.715,0.0003030381183266595,4.278882861163957e-05
2026-08-17T15:25:00+00:00,775.765,0.0003675143137154002,4.473377536662326e-05
2026-08-17T15:30:00+00:00,775.23,-0.0003223809769432595,4.6678722121829e-05
2026-08-17T15:35:00+00:00,775.02,-0.0005931809975757707,4.862366887681269e-05
2026-08-17T15:40:00+00:00,775.095,-0.0004964667044926596,5.0568615631796376e-05
2026-08-17T15:45:00+00:00,775.11,-0.0004771238458760596,5.251356238700211e-05
2026-08-17T15:50:00+00:00,775.37,-0.00014184762985502974,5.44585091419858e-05
2026-08-17T15:55:00+00:00,775.32,-0.00020632382524365944,5.6403455897191535e-05
2026-08-17T16:00:00+00:00,775.22,-0.00033527621602102986,5.834840265217522e-05
2026-08-17T16:05:00+00:00,775.12,-0.0004642286067984003,6.029334940738096e-05
2026-08-17T16:10:00+00:00,775.395,-0.0001096095321607704,6.223829616236465e-05
2026-08-17T16:15:00+00:00,775.5,2.5790478155540697e-05,6.418324291734834e-05
2026-08-17T16:20:00+00:00,775.37,-0.00014184762985502974,6.612818967255407e-05
2026-08-17T16:25:00+00:00,775.3,-0.00023211430339931116,6.807313642753776e-05
2026-08-17T16:30:00+00:00,775.11,-0.0004771238458760596,7.00180831827435e-05
2026-08-17T16:35:00+00:00,775.28,-0.00025790478155474084,7.196302993772719e-05
2026-08-17T16:40:00+00:00,774.94,-0.0006963429101974894,7.390797669271087e-05
2026-08-17T16:45:00+00:00,775.03,-0.0005802857584980003,7.585292344791661e-05
2026-08-17T16:50:00+00:00,774.87,-0.0007866095837416598,7.77978702029003e-05
2026-08-17T16:55:00+00:00,774.67,-0.0010445143652964006,7.974281695810603e-05
2026-08-17T17:00:00+00:00,774.67,-0.0010445143652964006,8.168776371308972e-05
2026-08-17T17:05:00+00:00,774.58,-0.0011605715169958897,8.363271046807341e-05
2026-08-17T17:10:00+00:00,774.3,-0.0015216382111725713,8.557765722327915e-05
2026-08-17T17:15:00+00:00,774.24,-0.0015990096456388603,8.752260397826284e-05
2026-08-17T17:20:00+00:00,773.75,-0.00223087636044772,8.946755073346857e-05
2026-08-17T17:25:00+00:00,773.58,-0.0024500954247691498,9.141249748845226e-05
2026-08-17T17:30:00+00:00,773.43,-0.002643524010935261,9.335744424343596e-05
2026-08-17T17:35:00+00:00,773.16,-0.00299169546603395,9.530239099864168e-05
2026-08-17T17:40:00+00:00,773.78,-0.002192190643214631,9.724733775362536e-05
2026-08-17T17:45:00+00:00,773.5,-0.0025532573373910905,9.919228450883112e-05
2026-08-17T17:50:00+00:00,773.51,-0.00254036209831332,0.0001011372312638
2026-08-17T17:55:00+00:00,773.41,-0.0026693144890906906,0.0001030821780187
2026-08-17T18:00:00+00:00,773.41,-0.0026693144890906906,0.000105027124774
2026-08-17T18:05:00+00:00,773.37,-0.00272089544540155,0.0001069720715289
2026-08-17T18:10:00+00:00,773.68,-0.0023211430339918904,0.0001089170182841
2026-08-17T18:15:00+00:00,773.57,-0.00246299066384692,0.0001108619650391
2026-08-17T18:20:00+00:00,773.72,-0.00226956207768092,0.0001128069117941
2026-08-17T18:25:00+00:00,773.6,-0.00242430494661372,0.0001147518585493
2026-08-17T18:30:00+00:00,773.3,-0.0028111621189457203,0.0001166968053043
2026-08-17T18:35:00+00:00,773.47,-0.0025919430546241795,0.0001186417520595
2026-08-17T18:40:00+00:00,773.595,-0.0024307525661525498,0.0001205866988145
2026-08-17T18:45:00+00:00,773.71,-0.0022824573167585793,0.0001225316455695
2026-08-17T18:50:00+00:00,773.59,-0.0024372001856913794,0.0001244765923247
2026-08-17T18:55:00+00:00,773.535,-0.002508124000619061,0.0001264215390797
2026-08-17T19:00:00+00:00,773.34,-0.00275958116263475,0.0001283664858349
2026-08-17T19:05:00+00:00,773.325,-0.00277892402125135,0.0001303114325899
2026-08-17T19:10:00+00:00,773.21,-0.0029272192706452094,0.0001322563793448
2026-08-17T19:15:00+00:00,773.405,-0.0026757621086295202,0.0001342013261
2026-08-17T19:20:00+00:00,773.29,-0.0028240573580234907,0.000136146272855
2026-08-17T19:25:00+00:00,773.13,-0.00303038118326715,0.0001380912196102
2026-08-17T19:30:00+00:00,772.97,-0.0032367050085108096,0.0001400361663652
2026-08-17T19:35:00+00:00,773.02,-0.003172228813122291,0.0001419811131202
2026-08-17T19:40:00+00:00,772.995,-0.0032044669108165502,0.0001439260598754
2026-08-17T19:45:00+00:00,773.33,-0.0027724764017124093,0.0001458710066304
2026-08-17T19:50:00+00:00,772.755,-0.0035139526486821504,0.0001478159533856
2026-08-17T19:55:00+00:00,772.62,-0.0036880383762315505,0.0001497609001406
2026-08-17T20:00:00+00:00,772.75,-0.00352040026822098,0.0001517058468956
2026-08-18T13:30:00+00:00,768.57,-0.00891061020271311,0.0
2026-08-18T13:35:00+00:00,769.1,-0.00822716253159328,1.943942133708632e-06
2026-08-18T13:40:00+00:00,768.75,-0.00867849589931402,3.887884267639308e-06
2026-08-18T13:45:00+00:00,768.5,-0.00900087687625728,5.831826401347939e-06
2026-08-18T13:50:00+00:00,768.51,-0.00898798163717962,7.775768535278615e-06
2026-08-18T13:55:00+00:00,768.48,-0.00902666735441271,9.719710668987249e-06
2026-08-18T14:00:00+00:00,768.91,-0.008472172074070361,1.1663652802917923e-05
2026-08-18T14:05:00+00:00,768.61,-0.00885902924640225,1.3607594936626556e-05
2026-08-18T14:10:00+00:00,768.14,-0.00946510548305568,1.555153707055723e-05
2026-08-18T14:15:00+00:00,768.64,-0.00882034352916905,1.7495479204265862e-05
2026-08-18T14:20:00+00:00,768.8,-0.00861401970392539,1.943942133819654e-05
2026-08-18T14:25:00+00:00,768.58,-0.00889771496363545,2.138336347190517e-05
2026-08-18T14:30:00+00:00,768.92,-0.00845927683499259,2.3327305605835846e-05
2026-08-18T14:35:00+00:00,769.085,-0.00824650539020988,2.527124773954448e-05
2026-08-18T14:40:00+00:00,768.4,-0.00912982926703465,2.721518987347516e-05
2026-08-18T14:45:00+00:00,768.47,-0.00903956259349048,2.9159132007183786e-05
2026-08-18T14:50:00+00:00,767.97,-0.00968432454737711,3.110307414111446e-05
2026-08-18T14:55:00+00:00,767.88,-0.00980038169907671,3.304701627482309e-05
2026-08-18T15:00:00+00:00,768.235,-0.00934260071181725,3.499095840875377e-05
2026-08-18T15:05:00+00:00,767.83,-0.00986485789446534,3.69349005424624e-05
2026-08-18T15:10:00+00:00,767.73,-0.00999381028524271,3.887884267639308e-05
2026-08-18T15:15:00+00:00,767.48,-0.01031619126218597,4.082278481010171e-05
2026-08-18T15:20:00+00:00,767.63,-0.01012276267602008,4.276672694403239e-05
2026-08-18T15:25:00+00:00,767.85,-0.00983906741630991,4.4710669077741017e-05
2026-08-18T15:30:00+00:00,767.88,-0.00980038169907671,4.665461121167169e-05
2026-08-18T15:35:00+00:00,767.835,-0.00985841027492651,4.859855334538032e-05
2026-08-18T15:40:00+00:00,768.07,-0.00955537215659974,5.0542495479311e-05
2026-08-18T15:45:00+00:00,768.4,-0.00912982926703465,5.248643761301963e-05
2026-08-18T15:50:00+00:00,768.55,-0.00893640068086865,5.443037974672826e-05
2026-08-18T15:55:00+00:00,768.37,-0.00916851498426785,5.637432188065894e-05
2026-08-18T16:00:00+00:00,768.59,-0.00888481972455768,5.831826401436757e-05
2026-08-18T16:05:00+00:00,768.44,-0.00907824831072368,6.026220614829825e-05
2026-08-18T16:10:00+00:00,768.56,-0.008923505441790991,6.220614828200688e-05
2026-08-18T16:15:00+00:00,768.27,-0.00929746737504522,6.415009041593756e-05
2026-08-18T16:20:00+00:00,768.62,-0.00884613400732448,6.609403254964619e-05
2026-08-18T16:25:00+00:00,768.23,-0.00934904833135608,6.803797468357686e-05
2026-08-18T16:30:00+00:00,768.31,-0.00924588641873425,6.99819168172855e-05
2026-08-18T16:35:00+00:00,768.52,-0.00897508639810185,7.192585895121617e-05
2026-08-18T16:40:00+00:00,768.36,-0.00918141022334551,7.38698010849248e-05
2026-08-18T16:45:00+00:00,768.76,-0.00866560066023625,7.581374321885548e-05
2026-08-18T16:50:00+00:00,768.825,-0.00858178160623091,7.775768535256411e-05
2026-08-18T16:55:00+00:00,768.63,-0.00883323876824682,7.970162748649479e-05
2026-08-18T17:00:00+00:00,768.645,-0.00881389590963022,8.164556962020342e-05
2026-08-18T17:05:00+00:00,768.71,-0.00873007685562488,8.35895117541341e-05
2026-08-18T17:10:00+00:00,768.64,-0.00882034352916905,8.553345388784273e-05
2026-08-18T17:15:00+00:00,768.39,-0.00914272450611242,8.74773960217734e-05
2026-08-18T17:20:00+00:00,768.24,-0.00933615309227831,8.942133815548203e-05
2026-08-18T17:25:00+00:00,768.29,-0.009271676896889791,9.136528028941272e-05
2026-08-18T17:30:00+00:00,768.24,-0.00933615309227831,9.330922242312134e-05
2026-08-18T17:35:00+00:00,768.215,-0.00936839118997268,9.525316455705202e-05
2026-08-18T17:40:00+00:00,768.12,-0.00949089596121111,9.719710669076063e-05
2026-08-18T17:45:00+00:00,768.0,-0.00964563883014391,9.914104882469132e-05
2026-08-18T17:50:00+00:00,768.09,-0.00952958167844431,0.0001010849909583
2026-08-18T17:55:00+00:00,767.63,-0.01012276267602008,0.0001030289330923
2026-08-18T18:00:00+00:00,767.635,-0.01011631505648114,0.000104972875226
2026-08-18T18:05:00+00:00,767.46,-0.0103419817403414,0.0001069168173597
2026-08-18T18:10:00+00:00,768.01,-0.00963274359106625,0.0001088607594936
2026-08-18T18:15:00+00:00,768.31,-0.00924588641873425,0.0001108047016273
2026-08-18T18:20:00+00:00,768.265,-0.00930391499458405,0.0001127486437613
2026-08-18T18:25:00+00:00,768.32,-0.00923299117965648,0.000114692585895
2026-08-18T18:30:00+00:00,768.23,-0.00934904833135608,0.0001166365280289
2026-08-18T18:35:00+00:00,768.32,-0.00923299117965648,0.0001185804701626
2026-08-18T18:40:00+00:00,768.13,-0.00947800072213345,0.0001205244122965
2026-08-18T18:45:00+00:00,768.07,-0.00955537215659974,0.0001224683544303
2026-08-18T18:50:00+00:00,767.8,-0.00990354361169865,0.0001244122965642
2026-08-18T18:55:00+00:00,767.75,-0.00996801980708728,0.0001263562386979
2026-08-18T19:00:00+00:00,767.795,-0.00990999123123748,0.0001283001808318
2026-08-18T19:05:00+00:00,767.82,-0.009877753133542999,0.0001302441229655
2026-08-18T19:10:00+00:00,767.62,-0.01013565791509774,0.0001321880650995
2026-08-18T19:15:00+00:00,767.84,-0.00985196265538757,0.0001341320072332
2026-08-18T19:20:00+00:00,768.15,-0.009452210243978021,0.0001360759493671
2026-08-18T19:25:00+00:00,768.06,-0.009568267395677621,0.0001380198915008
2026-08-18T19:30:00+00:00,767.905,-0.00976814360138245,0.0001399638336347
2026-08-18T19:35:00+00:00,767.96,-0.00969721978645477,0.0001419077757685
2026-08-18T19:40:00+00:00,767.9,-0.00977459122092128,0.0001438517179024
2026-08-18T19:45:00+00:00,767.93,-0.00973590550368808,0.0001457956600361
2026-08-18T19:50:00+00:00,767.415,-0.01040001031619131,0.00014773960217
2026-08-18T19:55:00+00:00,767.365,-0.01046448651157994,0.0001496835443037
2026-08-18T20:00:00+00:00,767.35,-0.01048382937019654,0.0001516274864377
2026-08-19T13:30:00+00:00,770.045,-0.007008562438747701,0.0
2026-08-19T13:35:00+00:00,769.54,-0.0076597720121731605,1.943224547273914e-06
2026-08-19T13:40:00+00:00,770.15,-0.006873162428431501,3.8864490943257834e-06
2026-08-19T13:45:00+00:00,768.55,-0.00893640068086865,5.8296736415996975e-06
2026-08-19T13:50:00+00:00,769.72,-0.00742765770877396,7.772898188873612e-06
2026-08-19T13:55:00+00:00,770.045,-0.007008562438747701,9.716122735925481e-06
2026-08-19T14:00:00+00:00,769.73,-0.00741476246969619,1.1659347283199395e-05
2026-08-19T14:05:00+00:00,769.775,-0.00735673389384639,1.3602571830473309e-05
2026-08-19T14:10:00+00:00,768.76,-0.00866560066023625,1.554579637752518e-05
2026-08-19T14:15:00+00:00,769.795,-0.00733094341569096,1.7489020924799092e-05
2026-08-19T14:20:00+00:00,769.72,-0.00742765770877396,1.9432245472073006e-05
2026-08-19T14:25:00+00:00,769.965,-0.0071117243513694195,2.1375470019124876e-05
2026-08-19T14:30:00+00:00,770.08,-0.00696342910197556,2.331869456639879e-05
2026-08-19T14:35:00+00:00,771.14,-0.0055965337597359,2.5261919113672704e-05
2026-08-19T14:40:00+00:00,771.08,-0.0056739051942023,2.7205143660946618e-05
2026-08-19T14:45:00+00:00,770.73,-0.00612523856192293,2.9148368207998487e-05
2026-08-19T14:50:00+00:00,771.36,-0.0053128385000258405,3.10915927552724e-05
2026-08-19T14:55:00+00:00,772.19,-0.004242533656573899,3.3034817302546315e-05
2026-08-19T15:00:00+00:00,772.16,-0.00428121937380721,3.4978041849598185e-05
2026-08-19T15:05:00+00:00,771.53,-0.005093619435704411,3.69212663968721e-05
2026-08-19T15:10:00+00:00,771.78,-0.00477123845876104,3.886449094414601e-05
2026-08-19T15:15:00+00:00,771.505,-0.00512585753339867,4.080771549119788e-05
2026-08-19T15:20:00+00:00,771.2,-0.0055191623252695,4.2750940038471796e-05
2026-08-19T15:25:00+00:00,771.065,-0.0056932480528189,4.469416458574571e-05
2026-08-19T15:30:00+00:00,770.79,-0.006047867127456641,4.663738913279758e-05
2026-08-19T15:35:00+00:00,770.56,-0.006344457626244471,4.8580613680071494e-05
2026-08-19T15:40:00+00:00,770.5,-0.00642182906071076,5.052383822734541e-05
2026-08-19T15:45:00+00:00,770.46,-0.00647341001702173,5.246706277439728e-05
2026-08-19T15:50:00+00:00,770.11,-0.00692474338474236,5.441028732167119e-05
2026-08-19T15:55:00+00:00,770.62,-0.00626708619177796,5.6353511868945105e-05
2026-08-19T16:00:00+00:00,771.29,-0.005403105173570011,5.8296736415996975e-05
2026-08-19T16:05:00+00:00,771.48,-0.00515809563109304,6.023996096327089e-05
2026-08-19T16:10:00+00:00,771.6,-0.00500335276216024,6.21831855105448e-05
2026-08-19T16:15:00+00:00,771.85,-0.00468097178521687,6.412641005759667e-05
2026-08-19T16:20:00+00:00,771.36,-0.0053128385000258405,6.606963460487059e-05
2026-08-19T16:25:00+00:00,770.745,-0.00610589570330633,6.80128591521445e-05
2026-08-19T16:30:00+00:00,770.73,-0.00612523856192293,6.995608369919637e-05
2026-08-19T16:35:00+00:00,770.51,-0.0064089338216331004,7.189930824647028e-05
2026-08-19T16:40:00+00:00,770.395,-0.006557229071027071,7.38425327937442e-05
2026-08-19T16:45:00+00:00,770.22,-0.00678289575488733,7.578575734101811e-05
2026-08-19T16:50:00+00:00,769.88,-0.00722133388353019,7.772898188806998e-05
2026-08-19T16:55:00+00:00,769.73,-0.00741476246969619,7.96722064353439e-05
2026-08-19T17:00:00+00:00,769.9,-0.00719554340537476,8.161543098261781e-05
2026-08-19T17:05:00+00:00,769.5,-0.00771135296848402,8.355865552966968e-05
2026-08-19T17:10:00+00:00,769.835,-0.00727936245937999,8.550188007694359e-05
2026-08-19T17:15:00+00:00,769.54,-0.0076597720121731605,8.74451046242175e-05
2026-08-19T17:20:00+00:00,769.265,-0.00801439108681079,8.938832917126938e-05
2026-08-19T17:25:00+00:00,769.54,-0.0076597720121731605,9.133155371854329e-05
2026-08-19T17:30:00+00:00,769.22,-0.00807241966266048,9.32747782658172e-05
2026-08-19T17:35:00+00:00,769.245,-0.00804018156496622,9.521800281286907e-05
2026-08-19T17:40:00+00:00,769.58,-0.00760819105586219,9.716122736014299e-05
2026-08-19T17:45:00+00:00,769.55,-0.007646876773095501,9.91044519074169e-05
2026-08-19T17:50:00+00:00,769.6,-0.0075824005777066494,0.00010104767645446877
2026-08-19T17:55:00+00:00,769.41,-0.007827410120183731,0.00010299090100174269
2026-08-19T18:00:00+00:00,770.12,-0.00691184814566459,0.0001049341255490166
2026-08-19T18:05:00+00:00,768.985,-0.00837545778098725,0.00010687735009606847
2026-08-19T18:10:00+00:00,769.44,-0.00778872440295042,0.00010882057464334238
2026-08-19T18:15:00+00:00,769.34,-0.00791767679372779,0.0001107637991906163
2026-08-19T18:20:00+00:00,769.29,-0.007982152989116531,0.00011270702373766817
2026-08-19T18:25:00+00:00,769.58,-0.00760819105586219,0.00011465024828494208
2026-08-19T18:30:00+00:00,769.97,-0.00710527673183059,0.000116593472832216
2026-08-19T18:35:00+00:00,769.82,-0.00729870531799659,0.00011853669737926786
2026-08-19T18:40:00+00:00,769.8,-0.007324495796152131,0.00012047992192654178
2026-08-19T18:45:00+00:00,769.775,-0.00735673389384639,0.0001224231464738157
2026-08-19T18:50:00+00:00,769.68,-0.007479238665084931,0.0001243663710210896
2026-08-19T18:55:00+00:00,769.52,-0.00768556249032859,0.00012630959556814148
2026-08-19T19:00:00+00:00,769.62,-0.00755661009955122,0.0001282528201154154
2026-08-19T19:05:00+00:00,769.96,-0.00711817197090836,0.0001301960446626893
2026-08-19T19:10:00+00:00,769.685,-0.007472791045546101,0.00013213926920974117
2026-08-19T19:15:00+00:00,770.01,-0.0070536957755197305,0.0001340824937570151
2026-08-19T19:20:00+00:00,769.94,-0.00714396244906379,0.000136025718304289
2026-08-19T19:25:00+00:00,769.625,-0.00755016248001239,0.00013796894285134087
2026-08-19T19:30:00+00:00,770.175,-0.00684092433073713,0.00013991216739861478
2026-08-19T19:35:00+00:00,769.22,-0.00807241966266048,0.0001418553919458887
2026-08-19T19:40:00+00:00,769.005,-0.00834966730283182,0.00014379861649294057
2026-08-19T19:45:00+00:00,768.74,-0.00869139113839168,0.00014574184104021448
2026-08-19T19:50:00+00:00,768.74,-0.00869139113839168,0.0001476850655874884
2026-08-19T19:55:00+00:00,769.09,-0.00824005777067105,0.00014962829013454026
2026-08-19T20:00:00+00:00,769.13,-0.00818847681436019,0.00015157151468181418
2026-08-20T13:30:00+00:00,767.05,-0.01087068654252854,0.0001535147392290881
2026-08-20T13:35:00+00:00,767.285,-0.010567648424201881,0.00015545835180197365
2026-08-20T13:40:00+00:00,767.41,-0.01040645793573014,0.0001574019643748592
2026-08-20T13:45:00+00:00,767.13,-0.01076752462990671,0.00015934557694774476
2026-08-20T13:50:00+00:00,766.96,-0.01098674369422803,0.00016128918952063032
2026-08-20T13:55:00+00:00,766.57,-0.01148965801825963,0.00016323280209351587
2026-08-20T14:00:00+00:00,766.005,-0.0122182390261516,0.00016517641466640143
2026-08-20T14:05:00+00:00,766.645,-0.01139294372517674,0.00016712002723950903
2026-08-20T14:10:00+00:00,765.99,-0.0122375818847682,0.00016906363981239458
2026-08-20T14:15:00+00:00,765.455,-0.01292747717542675,0.00017100725238528014
2026-08-20T14:20:00+00:00,766.75,-0.01125754371486054,0.0001729508649581657
2026-08-20T14:25:00+00:00,766.22,-0.01194099138598026,0.00017489447753105125
2026-08-20T14:30:00+00:00,766.105,-0.01208928663537423,0.0001768380901039368
2026-08-20T14:35:00+00:00,766.96,-0.01098674369422803,0.00017878170267682236
2026-08-20T14:40:00+00:00,767.15,-0.010741734151751281,0.00018072531524970792
2026-08-20T14:45:00+00:00,766.73,-0.01128333419301597,0.00018266892782259347
2026-08-20T14:50:00+00:00,766.74,-0.0112704389539382,0.00018461254039547903
2026-08-20T14:55:00+00:00,767.2,-0.01067725795636243,0.00018655615296858663
2026-08-20T15:00:00+00:00,767.895,-0.00978103884046011,0.00018849976554147219
2026-08-20T15:05:00+00:00,766.57,-0.01148965801825963,0.00019044337811435774
2026-08-20T15:10:00+00:00,766.705,-0.01131557229071023,0.00019238699068746534
2026-08-20T15:15:00+00:00,766.845,-0.011135038943622,0.0001943306032603509
2026-08-20T15:20:00+00:00,766.32,-0.01181203899520289,0.00019627421583323645
2026-08-20T15:25:00+00:00,766.69,-0.01133491514932683,0.000198217828406122
2026-08-20T15:30:00+00:00,766.045,-0.012166658069840741,0.00020016144097900757
2026-08-20T15:35:00+00:00,765.61,-0.01272760096972203,0.00020210505355189312
2026-08-20T15:40:00+00:00,765.38,-0.01302419146850986,0.00020404866612477868
2026-08-20T15:45:00+00:00,765.53,-0.01283076288234386,0.00020599227869766423
2026-08-20T15:50:00+00:00,765.835,-0.01243745809047292,0.0002079358912705498
2026-08-20T15:55:00+00:00,765.81,-0.0124696961881674,0.00020987950384343534
2026-08-20T16:00:00+00:00,765.54,-0.012817867643266201,0.0002118231164163209
2026-08-20T16:05:00+00:00,765.9,-0.0123536390364678,0.00021376672898920646
2026-08-20T16:10:00+00:00,765.51,-0.01285655336049929,0.000215710341562092
2026-08-20T16:15:00+00:00,765.615,-0.01272115335018309,0.0002176539541351996
2026-08-20T16:20:00+00:00,766.045,-0.012166658069840741,0.00021959756670808517
2026-08-20T16:25:00+00:00,765.745,-0.01255351524217263,0.00022154117928097072
2026-08-20T16:30:00+00:00,766.1,-0.01209573425491306,0.00022348479185385628
2026-08-20T16:35:00+00:00,766.29,-0.0118507247124362,0.00022542840442674184
2026-08-20T16:40:00+00:00,766.625,-0.01141873420333217,0.0002273720169996274
2026-08-20T16:45:00+00:00,766.36,-0.01176045803889203,0.00022931562957251295
2026-08-20T16:50:00+00:00,766.16,-0.01201836282044677,0.0002312592421453985
2026-08-20T16:55:00+00:00,766.4,-0.01170887708258117,0.00023320285471828406
2026-08-20T17:00:00+00:00,766.02,-0.012198896167535,0.00023514646729116961
2026-08-20T17:05:00+00:00,765.68,-0.012637334296177971,0.00023709007986405517
2026-08-20T17:10:00+00:00,765.51,-0.01285655336049929,0.00023903369243694073
2026-08-20T17:15:00+00:00,764.865,-0.01368829628101309,0.00024097730500982628
2026-08-20T17:20:00+00:00,765.08,-0.01341104864084175,0.00024292091758271184
2026-08-20T17:25:00+00:00,764.74,-0.01384948676948472,0.00024486453015581944
2026-08-20T17:30:00+00:00,764.61,-0.01401712487749518,0.000246808142728705
2026-08-20T17:35:00+00:00,764.51,-0.01414607726827255,0.00024875175530159055
2026-08-20T17:40:00+00:00,764.44,-0.01423634394181661,0.00025069536787469815
2026-08-20T17:45:00+00:00,764.72,-0.01387527724764015,0.0002526389804475837
2026-08-20T17:50:00+00:00,764.755,-0.01383014391086812,0.00025458259302046926
2026-08-20T17:55:00+00:00,764.54,-0.014107391551039461,0.0002565262055933548
2026-08-20T18:00:00+00:00,764.105,-0.01466833445092075,0.00025846981816624037
2026-08-20T18:05:00+00:00,763.73,-0.01515190591633564,0.00026041343073912593
2026-08-20T18:10:00+00:00,763.585,-0.01533888688296281,0.0002623570433120115
2026-08-20T18:15:00+00:00,763.67,-0.01522927735080215,0.00026430065588489704
2026-08-20T18:20:00+00:00,763.62,-0.01529375354619078,0.0002662442684577826
2026-08-20T18:25:00+00:00,763.53,-0.01540981069789038,0.00026818788103066815
2026-08-20T18:30:00+00:00,763.32,-0.01568061071852267,0.00027013149360377575
2026-08-20T18:35:00+00:00,763.51,-0.01543560117604581,0.0002720751061766613
2026-08-20T18:40:00+00:00,763.58,-0.01534533450250164,0.00027401871874954686
2026-08-20T18:45:00+00:00,763.73,-0.01515190591633564,0.0002759623313224324
2026-08-20T18:50:00+00:00,763.6,-0.01531954402434621,0.000277905943895318
2026-08-20T18:55:00+00:00,763.26,-0.01575798215298918,0.00027984955646820353
2026-08-20T19:00:00+00:00,763.42,-0.015551658327745521,0.0002817931690410891
2026-08-20T19:05:00+00:00,763.6,-0.01531954402434621,0.00028373678161397464
2026-08-20T19:10:00+00:00,763.55,-0.01538402021973495,0.0002856803941868602
2026-08-20T19:15:00+00:00,763.32,-0.01568061071852267,0.00028762400675974575
2026-08-20T19:20:00+00:00,763.67,-0.01522927735080215,0.0002895676193326313
2026-08-20T19:25:00+00:00,763.49,-0.01546139165420124,0.00029151123190551687
2026-08-20T19:30:00+00:00,763.19,-0.01584824882653324,0.0002934548444784024
2026-08-20T19:35:00+00:00,763.49,-0.01546139165420124,0.00029539845705151
2026-08-20T19:40:00+00:00,763.04,-0.01604167741269935,0.0002973420696243956
2026-08-20T19:45:00+00:00,763.37,-0.01561613452313404,0.00029928568219728113
2026-08-20T19:50:00+00:00,762.9,-0.01622221075978758,0.0003012292947701667
2026-08-20T19:55:00+00:00,762.62,-0.01658327745396404,0.00030317290734305224
2026-08-20T20:00:00+00:00,762.72,-0.01645432506318667,0.0003051165199159378
2026-08-21T13:30:00+00:00,764.89,-0.01365605818331872,0.00030706013248882336
2026-08-21T13:35:00+00:00,765.08,-0.01341104864084175,0.00030900467152972233
2026-08-21T13:40:00+00:00,765.15,-0.01332078196729769,0.0003109492105706213
2026-08-21T13:45:00+00:00,764.965,-0.01355934389023572,0.0003128937496115203
2026-08-21T13:50:00+00:00,764.38,-0.01431371537628312,0.0003148382886526413
2026-08-21T13:55:00+00:00,764.57,-0.01406870583380615,0.00031678282769354027
2026-08-21T14:00:00+00:00,764.905,-0.013636715324702231,0.00031872736673443924
2026-08-21T14:05:00+00:00,765.24,-0.01320472481559809,0.0003206719057753382
2026-08-21T14:10:00+00:00,764.72,-0.01387527724764015,0.00032261644481645924
2026-08-21T14:15:00+00:00,764.59,-0.01404291535565072,0.0003245609838573582
2026-08-21T14:20:00+00:00,764.755,-0.01383014391086812,0.0003265055228982572
2026-08-21T14:25:00+00:00,764.64,-0.01397843916026209,0.00032845006193915616
2026-08-21T14:30:00+00:00,764.48,-0.01418476298550575,0.0003303946009802772
2026-08-21T14:35:00+00:00,764.335,-0.01437174395213281,0.0003323391400209541
2026-08-21T14:40:00+00:00,764.55,-0.01409449631196169,0.0003342836790620751
2026-08-21T14:45:00+00:00,765.04,-0.013462629597152831,0.0003362282181029741
2026-08-21T14:50:00+00:00,764.94,-0.01359158198792998,0.0003381727571440951
2026-08-21T14:55:00+00:00,765.815,-0.01246324856862846,0.00034011729618477204
2026-08-21T15:00:00+00:00,766.24,-0.01191520090782483,0.00034206183522589306
2026-08-21T15:05:00+00:00,765.825,-0.01245035332955069,0.00034400637426679204
2026-08-21T15:10:00+00:00,765.7,-0.01261154381802232,0.000345950913307691
2026-08-21T15:15:00+00:00,765.595,-0.01274694382833852,0.00034789545234859
2026-08-21T15:20:00+00:00,765.505,-0.01286300098003823,0.000349839991389711
2026-08-21T15:25:00+00:00,765.92,-0.012327848558312371,0.00035178453043061
2026-08-21T15:30:00+00:00,766.47,-0.011618610409037,0.00035372906947150895
2026-08-21T15:35:00+00:00,767.04,-0.01088358178160631,0.0003556736085124079
2026-08-21T15:40:00+00:00,767.3,-0.010548305565585281,0.00035761814755352894
2026-08-21T15:45:00+00:00,767.01,-0.01092226749883951,0.0003595626865944279
2026-08-21T15:50:00+00:00,767.68,-0.010058286480631451,0.00036150722563510485
2026-08-21T15:55:00+00:00,767.2,-0.01067725795636243,0.00036345176467622586
2026-08-21T16:00:00+00:00,766.74,-0.0112704389539382,0.00036539630371712484
2026-08-21T16:05:00+00:00,766.35,-0.0117733532779698,0.0003673408427580238
2026-08-21T16:10:00+00:00,766.335,-0.0117926961365864,0.0003692853817989228
2026-08-21T16:15:00+00:00,766.025,-0.01219244854799617,0.0003712299208400438
2026-08-21T16:20:00+00:00,766.17,-0.012005467581369,0.0003731744598809428
2026-08-21T16:25:00+00:00,766.445,-0.01165084850673126,0.00037511899892184175
2026-08-21T16:30:00+00:00,766.04,-0.01217310568937957,0.0003770635379627407
2026-08-21T16:35:00+00:00,766.55,-0.01151544849641517,0.00037900807700386174
2026-08-21T16:40:00+00:00,766.38,-0.0117346675607366,0.0003809526160447607
2026-08-21T16:45:00+00:00,766.18,-0.011992572342291341,0.0003828971550856597
2026-08-21T16:50:00+00:00,766.02,-0.012198896167535,0.00038484169412655866
2026-08-21T16:55:00+00:00,766.3,-0.011837829473358541,0.0003867862331676797
2026-08-21T17:00:00+00:00,766.33,-0.01179914375612523,0.0003887307722083566
2026-08-21T17:05:00+00:00,766.375,-0.01174111518027543,0.00039067531124947763
2026-08-21T17:10:00+00:00,766.15,-0.01203125805952443,0.0003926198502903766
2026-08-21T17:15:00+00:00,766.14,-0.0120441532986022,0.0003945643893314976
2026-08-21T17:20:00+00:00,765.845,-0.01242456285139526,0.00039650892837217455
2026-08-21T17:25:00+00:00,765.81,-0.0124696961881674,0.00039845346741329557
2026-08-21T17:30:00+00:00,765.545,-0.012811420023727371,0.00040039800645419454
2026-08-21T17:35:00+00:00,765.575,-0.01277273430649406,0.0004023425454950935
2026-08-21T17:40:00+00:00,765.655,-0.01266957239387223,0.0004042870845359925
2026-08-21T17:45:00+00:00,765.695,-0.01261799143756126,0.0004062316235771135
2026-08-21T17:50:00+00:00,765.59,-0.01275339144787746,0.0004081761626180125
2026-08-21T17:55:00+00:00,765.505,-0.01286300098003823,0.00041012070165891146
2026-08-21T18:00:00+00:00,765.66,-0.0126631247743334,0.00041206524069981043
2026-08-21T18:05:00+00:00,765.33,-0.01308866766389849,0.0004140097797407094
2026-08-21T18:10:00+00:00,765.34,-0.01307577242482072,0.0004159543187818304
2026-08-21T18:15:00+00:00,765.47,-0.01290813431681026,0.00041789885782250735
2026-08-21T18:20:00+00:00,765.495,-0.01287589621911589,0.00041984339686362837
2026-08-21T18:25:00+00:00,765.285,-0.013146696239748401,0.00042178793590452734
2026-08-21T18:30:00+00:00,765.175,-0.01328854386960343,0.0004237324749454263
2026-08-21T18:35:00+00:00,765.225,-0.01322406767421469,0.0004256770139863253
2026-08-21T18:40:00+00:00,765.41,-0.01298550575127666,0.0004276215530274463
2026-08-21T18:45:00+00:00,765.65,-0.01267602001341106,0.0004295660920683453
2026-08-21T18:50:00+00:00,765.885,-0.0123729818950844,0.00043151063110924426
2026-08-21T18:55:00+00:00,766.22,-0.01194099138598026,0.00043345517015014323
2026-08-21T19:00:00+00:00,766.03,-0.01218600092845723,0.00043539970919126425
2026-08-21T19:05:00+00:00,766.11,-0.0120828390158354,0.0004373442482321632
2026-08-21T19:10:00+00:00,766.04,-0.01217310568937957,0.0004392887872730622
2026-08-21T19:15:00+00:00,765.97,-0.01226337236292363,0.00044123332631396117
2026-08-21T19:20:00+00:00,766.225,-0.01193454376644143,0.0004431778653550822
2026-08-21T19:25:00+00:00,766.04,-0.01217310568937957,0.0004451224043957591
2026-08-21T19:30:00+00:00,766.085,-0.01211507711352966,0.00044706694343688014
2026-08-21T19:35:00+00:00,766.275,-0.0118700675710528,0.0004490114824777791
2026-08-21T19:40:00+00:00,766.46,-0.01163150564811466,0.00045095602151890013
2026-08-21T19:45:00+00:00,766.66,-0.01137360086656014,0.00045290056055957706
2026-08-21T19:50:00+00:00,765.89,-0.01236653427554546,0.0004548450996006981
2026-08-21T19:55:00+00:00,765.64,-0.01268891525248883,0.00045678963864159705
2026-08-21T20:00:00+00:00,765.54,-0.012817867643266201,0.00045873417768271807
2026-08-24T13:30:00+00:00,763.5,-0.01544849641512358,0.000460678716723395
2026-08-24T13:35:00+00:00,763.36,-0.01562902976221181,0.0004626235543898627
2026-08-24T13:40:00+00:00,762.19,-0.0171377727343065,0.0004645683920565524
2026-08-24T13:45:00+00:00,763.105,-0.01595785835869401,0.0004665132297230201
2026-08-24T13:50:00+00:00,763.485,-0.01546783927374018,0.00046845806738970985
2026-08-24T13:55:00+00:00,763.39,-0.01559034404497861,0.00047040290505617754
2026-08-24T14:00:00+00:00,762.97,-0.0161319440862433,0.0004723477427228673
2026-08-24T14:05:00+00:00,762.76,-0.01640274410687581,0.00047429258038933497
2026-08-24T14:10:00+00:00,762.96,-0.01614483932532107,0.0004762374180560247
2026-08-24T14:15:00+00:00,762.85,-0.0162866869551761,0.0004781822557224924
2026-08-24T14:20:00+00:00,762.825,-0.01631892505287047,0.00048012709338918214
2026-08-24T14:25:00+00:00,762.905,-0.01621576314024864,0.00048207193105564983
2026-08-24T14:30:00+00:00,763.62,-0.01529375354619078,0.00048401676872233956
2026-08-24T14:35:00+00:00,763.655,-0.01524862020941875,0.00048596160638880725
2026-08-24T14:40:00+00:00,763.755,-0.01511966781864138,0.00048790644405571904
2026-08-24T14:45:00+00:00,763.83,-0.01502295352555838,0.0004898512817221867
2026-08-24T14:50:00+00:00,763.6,-0.01531954402434621,0.0004917961193888765
2026-08-24T14:55:00+00:00,763.68,-0.015216382111724491,0.0004937409570553442
2026-08-24T15:00:00+00:00,763.04,-0.01604167741269935,0.0004956857947220339
2026-08-24T15:05:00+00:00,763.005,-0.01608681074947127,0.0004976306323885016
2026-08-24T15:10:00+00:00,762.71,-0.01646722030226433,0.0004995754700551913
2026-08-24T15:15:00+00:00,762.675,-0.01651235363903658,0.000501520307721659
2026-08-24T15:20:00+00:00,763.095,-0.01597075359777167,0.0005034651453883487
2026-08-24T15:25:00+00:00,763.72,-0.01516480115541341,0.0005054099830548164
2026-08-24T15:30:00+00:00,763.8,-0.015061639242791691,0.0005073548207215062
2026-08-24T15:35:00+00:00,764.03,-0.01476504874400375,0.0005092996583879739
2026-08-24T15:40:00+00:00,764.25,-0.01448135348429358,0.0005112444960546636
2026-08-24T15:45:00+00:00,764.265,-0.01446201062567709,0.0005131893337211313
2026-08-24T15:50:00+00:00,764.32,-0.01439108681074941,0.000515134171387599
2026-08-24T15:55:00+00:00,764.53,-0.01412028679011712,0.0005170790090542887
2026-08-24T16:00:00+00:00,764.96,-0.01356579150977455,0.0005190238467207564
2026-08-24T16:05:00+00:00,764.51,-0.01414607726827255,0.0005209686843874461
2026-08-24T16:10:00+00:00,764.655,-0.01395909630164549,0.0005229135220539138
2026-08-24T16:15:00+00:00,765.065,-0.01343039149945835,0.0005248583597206036
2026-08-24T16:20:00+00:00,764.855,-0.01370119152009075,0.0005268031973870713
2026-08-24T16:25:00+00:00,764.88,-0.01366895342239649,0.000528748035053761
2026-08-24T16:30:00+00:00,764.56,-0.014081601072884031,0.0005306928727202287
2026-08-24T16:35:00+00:00,764.35,-0.01435240109351632,0.0005326377103869184
2026-08-24T16:40:00+00:00,764.31,-0.01440398204982729,0.0005345825480533861
2026-08-24T16:45:00+00:00,764.35,-0.01435240109351632,0.0005365273857200759
2026-08-24T16:50:00+00:00,764.15,-0.01461030587507095,0.0005384722233867656
2026-08-24T16:55:00+00:00,764.19,-0.01455872491875998,0.0005404170610534553
2026-08-24T17:00:00+00:00,764.02,-0.01477794398308152,0.000542361898719923
2026-08-24T17:05:00+00:00,764.45,-0.01422344870273895,0.0005443067363866128
2026-08-24T17:10:00+00:00,764.515,-0.01413962964873372,0.0005462515740530804
2026-08-24T17:15:00+00:00,764.21,-0.01453293444060455,0.0005481964117197702
2026-08-24T17:20:00+00:00,763.6,-0.01531954402434621,0.0005501412493862379
2026-08-24T17:25:00+00:00,763.4,-0.01557744880590095,0.0005520860870529276
2026-08-24T17:30:00+00:00,763.36,-0.01562902976221181,0.0005540309247193953
2026-08-24T17:35:00+00:00,763.39,-0.01559034404497861,0.000555975762386085
2026-08-24T17:40:00+00:00,763.15,-0.01589982978284421,0.0005579206000525527
2026-08-24T17:45:00+00:00,763.21,-0.01582245834837781,0.0005598654377192425
2026-08-24T17:50:00+00:00,763.2,-0.01583535358745547,0.0005618102753857102
2026-08-24T17:55:00+00:00,763.31,-0.01569350595760055,0.0005637551130523999
2026-08-24T18:00:00+00:00,763.54,-0.015396915458812721,0.0005656999507188676
2026-08-24T18:05:00+00:00,763.94,-0.01488110589570324,0.0005676447883853353
2026-08-24T18:10:00+00:00,764.25,-0.01448135348429358,0.000569589626052025
2026-08-24T18:15:00+00:00,764.235,-0.01450069634291018,0.0005715344637184927
2026-08-24T18:20:00+00:00,764.615,-0.01401067725795635,0.0005734793013851824
2026-08-24T18:25:00+00:00,764.825,-0.01373987723732395,0.0005754241390516501
2026-08-24T18:30:00+00:00,764.69,-0.01391396296487335,0.0005773689767183399
2026-08-24T18:35:00+00:00,764.23,-0.01450714396244901,0.0005793138143848076
2026-08-24T18:40:00+00:00,764.33,-0.01437819157167175,0.0005812586520514973
2026-08-24T18:45:00+00:00,764.33,-0.01437819157167175,0.000583203489717965
2026-08-24T18:50:00+00:00,764.15,-0.01461030587507095,0.0005851483273846547
2026-08-24T18:55:00+00:00,764.01,-0.01479083922215918,0.0005870931650511224
2026-08-24T19:00:00+00:00,763.92,-0.014906896373858891,0.0005890380027180342
2026-08-24T19:05:00+00:00,763.9,-0.01493268685201432,0.0005909828403845019
2026-08-24T19:10:00+00:00,764.2,-0.01454582967968221,0.0005929276780511916
2026-08-24T19:15:00+00:00,764.1,-0.01467478207045958,0.0005948725157176593
2026-08-24T19:20:00+00:00,764.02,-0.01477794398308152,0.000596817353384349
2026-08-24T19:25:00+00:00,763.985,-0.01482307731985355,0.0005987621910508167
2026-08-24T19:30:00+00:00,763.74,-0.01513901067725798,0.0006007070287175065
2026-08-24T19:35:00+00:00,763.66,-0.015242172589879921,0.0006026518663839742
2026-08-24T19:40:00+00:00,763.69,-0.01520348687264661,0.0006045967040506639
2026-08-24T19:45:00+00:00,763.77,-0.01510032496002478,0.0006065415417171316
2026-08-24T19:50:00+00:00,763.74,-0.01513901067725798,0.0006084863793838213
2026-08-24T19:55:00+00:00,763.52,-0.01542270593696815,0.000610431217050289
2026-08-24T20:00:00+00:00,763.58,-0.01534533450250164,0.0006123760547169788
2026-08-25T13:30:00+00:00,766.72,-0.01129622943209363,0.0006143208923834464
2026-08-25T13:35:00+00:00,766.18,-0.011992572342291341,0.0006162655717951715
2026-08-25T13:40:00+00:00,766.195,-0.01197322948367463,0.0006182102512064525
2026-08-25T13:45:00+00:00,766.515,-0.0115605818331872,0.0006201549306181775
2026-08-25T13:50:00+00:00,766.01,-0.01221179140661266,0.0006220996100294585
2026-08-25T13:55:00+00:00,765.69,-0.01262443905710009,0.0006240442894411835
2026-08-25T14:00:00+00:00,765.46,-0.01292102955588792,0.0006259889688526865
2026-08-25T14:05:00+00:00,765.25,-0.01319182957652032,0.0006279336482641895
2026-08-25T14:10:00+00:00,765.185,-0.01327564863052566,0.0006298783276756925
2026-08-25T14:15:00+00:00,765.47,-0.01290813431681026,0.0006318230070871955
2026-08-25T14:20:00+00:00,765.1,-0.01338525816268632,0.0006337676864986985
2026-08-25T14:25:00+00:00,764.7,-0.01390106772579558,0.0006357123659104236
2026-08-25T14:30:00+00:00,764.5,-0.01415897250735032,0.0006376570453217045
2026-08-25T14:35:00+00:00,765.02,-0.01348842007530826,0.0006396017247334296
2026-08-25T14:40:00+00:00,764.19,-0.01455872491875998,0.0006415464041449326
2026-08-25T14:45:00+00:00,764.26,-0.01446845824521592,0.0006434910835564356
2026-08-25T14:50:00+00:00,764.715,-0.01388172486717898,0.0006454357629679386
2026-08-25T14:55:00+00:00,764.705,-0.01389462010625675,0.0006473804423794416
2026-08-25T15:00:00+00:00,764.45,-0.01422344870273895,0.0006493251217909446
2026-08-25T15:05:00+00:00,764.66,-0.013952648682106661,0.0006512698012026696
2026-08-25T15:10:00+00:00,764.56,-0.014081601072884031,0.0006532144806139506
2026-08-25T15:15:00+00:00,764.85,-0.01370763913962969,0.0006551591600256756
2026-08-25T15:20:00+00:00,764.795,-0.01377856295455726,0.0006571038394369566
2026-08-25T15:25:00+00:00,765.33,-0.01308866766389849,0.0006590485188486817
2026-08-25T15:30:00+00:00,765.085,-0.01340460102130292,0.0006609931982601847
2026-08-25T15:35:00+00:00,765.155,-0.01331433434775886,0.0006629378776716877
2026-08-25T15:40:00+00:00,765.2,-0.01325630577190895,0.0006648825570831907
2026-08-25T15:45:00+00:00,764.69,-0.01391396296487335,0.0006668272364946937
2026-08-25T15:50:00+00:00,765.21,-0.01324341053283129,0.0006687719159061967
2026-08-25T15:55:00+00:00,765.47,-0.01290813431681026,0.0006707165953179217
2026-08-25T16:00:00+00:00,765.555,-0.0127985247846496,0.0006726612747292027
2026-08-25T16:05:00+00:00,765.35,-0.01306287718574306,0.0006746059541409277
2026-08-25T16:10:00+00:00,765.5,-0.01286944859957706,0.0006765506335522087
2026-08-25T16:15:00+00:00,765.5,-0.01286944859957706,0.0006784953129639337
2026-08-25T16:20:00+00:00,765.61,-0.01272760096972203,0.0006804399923754367
2026-08-25T16:25:00+00:00,765.76,-0.01253417238355603,0.0006823846717869397
2026-08-25T16:30:00+00:00,765.72,-0.01258575333986689,0.0006843293511984427
2026-08-25T16:35:00+00:00,765.88,-0.01237942951462323,0.0006862740306099457
2026-08-25T16:40:00+00:00,765.53,-0.01283076288234386,0.0006882187100214487
2026-08-25T16:45:00+00:00,765.625,-0.01270825811110543,0.0006901633894331738
2026-08-25T16:50:00+00:00,765.41,-0.01298550575127666,0.0006921080688444547
2026-08-25T16:55:00+00:00,765.76,-0.01253417238355603,0.0006940527482561798
2026-08-25T17:00:00+00:00,765.35,-0.01306287718574306,0.0006959974276676828
2026-08-25T17:05:00+00:00,765.11,-0.01337236292360866,0.0006979421070791858
2026-08-25T17:10:00+00:00,765.29,-0.01314024862020946,0.0006998867864906888
2026-08-25T17:15:00+00:00,765.275,-0.01315959147882606,0.0007018314659021918
2026-08-25T17:20:00+00:00,765.05,-0.01344973435807506,0.0007037761453136948
2026-08-25T17:25:00+00:00,764.81,-0.01375922009594066,0.0007057208247254199
2026-08-25T17:30:00+00:00,764.84,-0.01372053437870735,0.0007076655041367008
2026-08-25T17:35:00+00:00,764.91,-0.01363026770516329,0.0007096101835484259
2026-08-25T17:40:00+00:00,764.86,-0.01369474390055192,0.0007115548629597068
2026-08-25T17:45:00+00:00,764.9,-0.01364316294424106,0.0007134995423714319
2026-08-25T17:50:00+00:00,765.135,-0.01334012482591429,0.0007154442217829349
2026-08-25T17:55:00+00:00,765.055,-0.013443286738536231,0.0007173889011944379
2026-08-25T18:00:00+00:00,764.82,-0.01374632485686278,0.0007193335806059409
2026-08-25T18:05:00+00:00,764.91,-0.01363026770516329,0.0007212782600174439
2026-08-25T18:10:00+00:00,764.83,-0.01373342961778512,0.0007232229394289469
2026-08-25T18:15:00+00:00,764.84,-0.01372053437870735,0.0007251676188406719
2026-08-25T18:20:00+00:00,764.91,-0.01363026770516329,0.0007271122982519529
2026-08-25T18:25:00+00:00,764.96,-0.01356579150977455,0.0007290569776636779
2026-08-25T18:30:00+00:00,765.36,-0.01304998194666529,0.0007310016570749589
2026-08-25T18:35:00+00:00,765.29,-0.01314024862020946,0.000732946336486684
2026-08-25T18:40:00+00:00,765.55,-0.01280497240418843,0.000734891015898187
2026-08-25T18:45:00+00:00,765.78,-0.0125083819054006,0.00073683569530969
2026-08-25T18:50:00+00:00,765.685,-0.01263088667663903,0.000738780374721193
2026-08-25T18:55:00+00:00,765.645,-0.01268246763295,0.000740725054132918
2026-08-25T19:00:00+00:00,765.49,-0.01288234383865483,0.000742669733544199
2026-08-25T19:05:00+00:00,765.37,-0.01303708670758763,0.000744614412955924
2026-08-25T19:10:00+00:00,765.125,-0.01335302006499206,0.000746559092367205
2026-08-25T19:15:00+00:00,765.015,-0.01349486769484709,0.00074850377177893
2026-08-25T19:20:00+00:00,765.04,-0.013462629597152831,0.000750448451190433
2026-08-25T19:25:00+00:00,765.18,-0.013282096250064601,0.000752393130601936
2026-08-25T19:30:00+00:00,765.13,-0.01334657244545312,0.000754337810013439
2026-08-25T19:35:00+00:00,765.19,-0.01326920101098672,0.000756282489424942
2026-08-25T19:40:00+00:00,765.37,-0.01303708670758763,0.0007582271688366671
2026-08-25T19:45:00+00:00,765.475,-0.01290168669727132,0.0007601718482481701
2026-08-25T19:50:00+00:00,766.12,-0.01206994377675763,0.0007621165276596731
2026-08-25T19:55:00+00:00,765.79,-0.01249548666632283,0.0007640612070711761
2026-08-25T20:00:00+00:00,765.85,-0.01241811523185643,0.0007660058864826791
2026-08-26T13:30:00+00:00,765.62,-0.01271470573064426,0.0007679505658941821
2026-08-26T13:35:00+00:00,765.58,-0.01276628668695512,0.0007698947441385773
2026-08-26T13:40:00+00:00,766.325,-0.01180559137566406,0.0007718389223827504
2026-08-26T13:45:00+00:00,766.005,-0.0122182390261516,0.0007737831006271456
2026-08-26T13:50:00+00:00,766.6,-0.01145097230102643,0.0007757272788715408
2026-08-26T13:55:00+00:00,766.88,-0.01108990560684997,0.000777671457115936
2026-08-26T14:00:00+00:00,766.94,-0.011012534172383459,0.0007796156353601091
2026-08-26T14:05:00+00:00,766.56,-0.011502553257337511,0.0007815598136045043
2026-08-26T14:10:00+00:00,766.17,-0.012005467581369,0.0007835039918488995
2026-08-26T14:15:00+00:00,765.96,-0.01227626760200129,0.0007854481700930727
2026-08-26T14:20:00+00:00,765.43,-0.01295971527312123,0.0007873923483374679
2026-08-26T14:25:00+00:00,765.1,-0.01338525816268632,0.000789336526581641
2026-08-26T14:30:00+00:00,765.135,-0.01334012482591429,0.0007912807048262582
2026-08-26T14:35:00+00:00,765.23,-0.01321762005467586,0.0007932248830706534
2026-08-26T14:40:00+00:00,765.42,-0.012972610512199001,0.0007951690613148266
2026-08-26T14:45:00+00:00,765.465,-0.01291458193634909,0.0007971132395592218
2026-08-26T14:50:00+00:00,765.635,-0.01269536287202766,0.0007990574178033949
2026-08-26T14:55:00+00:00,765.87,-0.012392324753701,0.0008010015960477901
2026-08-26T15:00:00+00:00,766.14,-0.0120441532986022,0.0008029457742919632
2026-08-26T15:05:00+00:00,766.365,-0.0117540104193532,0.0008048899525363584
2026-08-26T15:10:00+00:00,766.285,-0.011857172331975141,0.0008068341307809757
2026-08-26T15:15:00+00:00,765.72,-0.01258575333986689,0.0008087783090251488
2026-08-26T15:20:00+00:00,765.8,-0.012482591427245171,0.000810722487269544
2026-08-26T15:25:00+00:00,765.85,-0.01241811523185643,0.0008126666655137171
2026-08-26T15:30:00+00:00,765.21,-0.01324341053283129,0.0008146108437581123
2026-08-26T15:35:00+00:00,765.48,-0.01289523907773249,0.0008165550220022855
2026-08-26T15:40:00+00:00,766.045,-0.012166658069840741,0.0008184992002466807
2026-08-26T15:45:00+00:00,766.24,-0.01191520090782483,0.0008204433784912979
2026-08-26T15:50:00+00:00,765.34,-0.01307577242482072,0.000822387556735471
2026-08-26T15:55:00+00:00,765.34,-0.01307577242482072,0.0008243317349798662
2026-08-26T16:00:00+00:00,765.25,-0.01319182957652032,0.0008262759132240394
2026-08-26T16:05:00+00:00,765.18,-0.013282096250064601,0.0008282200914684346
2026-08-26T16:10:00+00:00,765.055,-0.013443286738536231,0.0008301642697128297
2026-08-26T16:15:00+00:00,764.975,-0.01354644865115795,0.0008321084479570029
2026-08-26T16:20:00+00:00,764.935,-0.013598029607469031,0.0008340526262013981
2026-08-26T16:25:00+00:00,764.82,-0.01374632485686278,0.0008359968044457933
2026-08-26T16:30:00+00:00,764.86,-0.01369474390055192,0.0008379409826901885
2026-08-26T16:35:00+00:00,764.21,-0.01453293444060455,0.0008398851609343616
2026-08-26T16:40:00+00:00,763.99,-0.01481662970031461,0.0008418293391787568
2026-08-26T16:45:00+00:00,764.095,-0.01468122968999841,0.000843773517423152
2026-08-26T16:50:00+00:00,764.185,-0.01456517253829892,0.0008457176956673251
2026-08-26T16:55:00+00:00,764.71,-0.01388817248671792,0.0008476618739117203
2026-08-26T17:00:00+00:00,764.88,-0.01366895342239649,0.0008496060521558935
2026-08-26T17:05:00+00:00,765.05,-0.01344973435807506,0.0008515502304005107
2026-08-26T17:10:00+00:00,765.12,-0.01335946768453089,0.0008534944086446838
2026-08-26T17:15:00+00:00,765.325,-0.01309511528343732,0.000855438586889079
2026-08-26T17:20:00+00:00,765.655,-0.01266957239387223,0.0008573827651334742
2026-08-26T17:25:00+00:00,765.67,-0.01265022953525563,0.0008593269433776474
2026-08-26T17:30:00+00:00,765.74,-0.01255996286171146,0.0008612711216220426
2026-08-26T17:35:00+00:00,765.64,-0.01268891525248883,0.0008632152998662157
2026-08-26T17:40:00+00:00,765.735,-0.01256641048125029,0.0008651594781108329
2026-08-26T17:45:00+00:00,765.495,-0.01287589621911589,0.0008671036563552281
2026-08-26T17:50:00+00:00,765.72,-0.01258575333986689,0.0008690478345994013
2026-08-26T17:55:00+00:00,765.68,-0.012637334296177971,0.0008709920128437965
2026-08-26T18:00:00+00:00,765.53,-0.01283076288234386,0.0008729361910879696
2026-08-26T18:05:00+00:00,765.765,-0.0125277247640172,0.0008748803693323648
2026-08-26T18:10:00+00:00,765.41,-0.01298550575127666,0.0008768245475765379
2026-08-26T18:15:00+00:00,765.71,-0.01259864857894466,0.0008787687258209331
2026-08-26T18:20:00+00:00,765.57,-0.01277918192603289,0.0008807129040655504
2026-08-26T18:25:00+00:00,765.56,-0.012792077165110771,0.0008826570823097235
2026-08-26T18:30:00+00:00,765.74,-0.01255996286171146,0.0008846012605541187
2026-08-26T18:35:00+00:00,765.72,-0.01258575333986689,0.0008865454387982918
2026-08-26T18:40:00+00:00,765.87,-0.012392324753701,0.000888489617042687
2026-08-26T18:45:00+00:00,766.325,-0.01180559137566406,0.0008904337952868602
2026-08-26T18:50:00+00:00,766.49,-0.01159281993088157,0.0008923779735312554
2026-08-26T18:55:00+00:00,766.5,-0.0115799246918038,0.0008943221517758726
2026-08-26T19:00:00+00:00,767.255,-0.01060633414143497,0.0008962663300200457
2026-08-26T19:05:00+00:00,766.955,-0.01099319131376697,0.0008982105082644409
2026-08-26T19:10:00+00:00,766.96,-0.01098674369422803,0.0009001546865086141
2026-08-26T19:15:00+00:00,767.19,-0.0106901531954402,0.0009020988647530093
2026-08-26T19:20:00+00:00,767.07,-0.010844896064373,0.0009040430429974045
2026-08-26T19:25:00+00:00,766.885,-0.01108345798731114,0.0009059872212415776
2026-08-26T19:30:00+00:00,766.85,-0.01112859132408317,0.0009079313994859728
2026-08-26T19:35:00+00:00,766.655,-0.01138004848609897,0.000909875577730368
2026-08-26T19:40:00+00:00,766.705,-0.01131557229071023,0.0009118197559747632
2026-08-26T19:45:00+00:00,767.12,-0.01078041986898437,0.0009137639342189363
2026-08-26T19:50:00+00:00,766.18,-0.011992572342291341,0.0009157081124633315
2026-08-26T19:55:00+00:00,765.94,-0.01230205808015672,0.0009176522907077267
2026-08-26T20:00:00+00:00,766.66,-0.01137360086656014,0.0009195964689518998
2026-08-27T13:30:00+00:00,767.45,-0.01035487697941917,0.000921540647196295
2026-08-27T13:35:00+00:00,768.2,-0.00938773404858928,0.0009234840602585503
2026-08-27T13:40:00+00:00,769.16,-0.00814979109712699,0.0009254274733210277
2026-08-27T13:45:00+00:00,768.06,-0.009568267395677621,0.000927370886383283
2026-08-27T13:50:00+00:00,769.24,-0.00804662918450505,0.0009293142994455383
2026-08-27T13:55:00+00:00,768.31,-0.00924588641873425,0.0009312577125077937
2026-08-27T14:00:00+00:00,768.81,-0.00860112446484762,0.000933201125570049
2026-08-27T14:05:00+00:00,768.46,-0.00905245783256814,0.0009351445386323043
2026-08-27T14:10:00+00:00,768.62,-0.00884613400732448,0.0009370879516945596
2026-08-27T14:15:00+00:00,769.165,-0.00814334347758816,0.000939031364757037
2026-08-27T14:20:00+00:00,769.44,-0.00778872440295042,0.0009409747778192923
2026-08-27T14:25:00+00:00,769.67,-0.007492133904162701,0.0009429181908815476
2026-08-27T14:30:00+00:00,769.4,-0.00784030535926139,0.000944861603944025
2026-08-27T14:35:00+00:00,769.34,-0.00791767679372779,0.0009468050170062803
2026-08-27T14:40:00+00:00,769.61,-0.00756950533862899,0.0009487484300683136
2026-08-27T14:45:00+00:00,770.23,-0.00677000051580956,0.0009506918431307909
2026-08-27T14:50:00+00:00,770.13,-0.00689895290658693,0.0009526352561930462
2026-08-27T14:55:00+00:00,770.315,-0.0066603909836487896,0.0009545786692553015
2026-08-27T15:00:00+00:00,770.615,-0.0062735338113169,0.0009565220823175569
2026-08-27T15:05:00+00:00,770.55,-0.006357352865322241,0.0009584654953800342
2026-08-27T15:10:00+00:00,770.83,-0.0059962861711455595,0.0009604089084422895
2026-08-27T15:15:00+00:00,770.94,-0.00585443854129053,0.0009623523215045449
2026-08-27T15:20:00+00:00,770.76,-0.00608655284468973,0.0009642957345670222
2026-08-27T15:25:00+00:00,770.305,-0.006673286222726671,0.0009662391476292775
2026-08-27T15:30:00+00:00,770.205,-0.006802238613503819,0.0009681825606913108
2026-08-27T15:35:00+00:00,769.825,-0.007292257698457649,0.0009701259737537882
2026-08-27T15:40:00+00:00,769.64,-0.00753081962139579,0.0009720693868160435
2026-08-27T15:45:00+00:00,769.68,-0.007479238665084931,0.0009740127998782988
2026-08-27T15:50:00+00:00,770.82,-0.00600918141022333,0.0009759562129407762
2026-08-27T15:55:00+00:00,770.69,-0.006176819518233789,0.0009778996260030315
2026-08-27T16:00:00+00:00,770.85,-0.00597049569299013,0.0009798430390652868
2026-08-27T16:05:00+00:00,770.53,-0.006383143343477671,0.0009817864521275421
2026-08-27T16:10:00+00:00,770.6,-0.0062928766699335,0.0009837298651900195
2026-08-27T16:15:00+00:00,770.61,-0.00627998143085573,0.0009856732782520528
2026-08-27T16:20:00+00:00,770.52,-0.00639603858255533,0.000987616691314308
2026-08-27T16:25:00+00:00,770.875,-0.0059382575952958705,0.0009895601043767854
2026-08-27T16:30:00+00:00,771.115,-0.00562877185743027,0.0009915035174390407
2026-08-27T16:35:00+00:00,771.495,-0.00513875277247644,0.000993446930501296
2026-08-27T16:40:00+00:00,771.655,-0.004932428947232781,0.0009953903435637734
2026-08-27T16:45:00+00:00,771.71,-0.0048615051323050995,0.0009973337566260287
2026-08-27T16:50:00+00:00,771.915,-0.004597152731211751,0.000999277169688284
2026-08-27T16:55:00+00:00,771.97,-0.00452622891628407,0.0010012205827505394
2026-08-27T17:00:00+00:00,772.0,-0.004487543199050981,0.0010031639958127947
2026-08-27T17:05:00+00:00,772.23,-0.00419095270026304,0.00100510740887505
2026-08-27T17:10:00+00:00,772.19,-0.004242533656573899,0.0010070508219373053
2026-08-27T17:15:00+00:00,772.14,-0.004307009851962751,0.0010089942349997827
2026-08-27T17:20:00+00:00,772.17,-0.004268324134729551,0.001010937648062038
2026-08-27T17:25:00+00:00,771.71,-0.0048615051323050995,0.0010128810611242933
2026-08-27T17:30:00+00:00,771.79,-0.004758343219683381,0.0010148244741867707
2026-08-27T17:35:00+00:00,771.765,-0.00479058131737764,0.001016767887249026
2026-08-27T17:40:00+00:00,771.64,-0.00495177180584927,0.0010187113003112813
2026-08-27T17:45:00+00:00,771.35,-0.0053257337391035,0.0010206547133735366
2026-08-27T17:50:00+00:00,771.345,-0.0053321813586423294,0.001022598126435792
2026-08-27T17:55:00+00:00,771.23,-0.0054804766080363,0.0010245415394980473
2026-08-27T18:00:00+00:00,770.535,-0.006376695723938841,0.0010264849525603026
2026-08-27T18:05:00+00:00,770.5,-0.00642182906071076,0.00102842836562278
2026-08-27T18:10:00+00:00,770.27,-0.006718419559498701,0.0010303717786850353
2026-08-27T18:15:00+00:00,770.27,-0.006718419559498701,0.0010323151917472906
2026-08-27T18:20:00+00:00,770.1,-0.00693763862382013,0.001034258604809768
2026-08-27T18:25:00+00:00,769.46,-0.00776293392479499,0.0010362020178720233
2026-08-27T18:30:00+00:00,769.5,-0.00771135296848402,0.0010381454309342786
2026-08-27T18:35:00+00:00,769.985,-0.00708593387321399,0.001040088843996534
2026-08-27T18:40:00+00:00,769.92,-0.0071697529272193306,0.0010420322570587892
2026-08-27T18:45:00+00:00,769.575,-0.00761463867540102,0.0010439756701210445
2026-08-27T18:50:00+00:00,769.34,-0.00791767679372779,0.0010459190831832998
2026-08-27T18:55:00+00:00,769.69,-0.007466343426007049,0.0010478624962457772
2026-08-27T19:00:00+00:00,770.0,-0.00706659101459739,0.0010498059093080325
2026-08-27T19:05:00+00:00,770.15,-0.006873162428431501,0.0010517493223702878
2026-08-27T19:10:00+00:00,769.89,-0.007208438644452531,0.0010536927354327652
2026-08-27T19:15:00+00:00,770.19,-0.006821581472120419,0.0010556361484950205
2026-08-27T19:20:00+00:00,770.0,-0.00706659101459739,0.0010575795615570538
2026-08-27T19:25:00+00:00,769.96,-0.00711817197090836,0.0010595229746195312
2026-08-27T19:30:00+00:00,770.44,-0.00649920049517716,0.0010614663876817865
2026-08-27T19:35:00+00:00,770.58,-0.00631866714808893,0.0010634098007440418
2026-08-27T19:40:00+00:00,770.595,-0.00629932428947233,0.0010653532138065192
2026-08-27T19:45:00+00:00,770.8,-0.0060349718883788706,0.0010672966268687745
2026-08-27T19:50:00+00:00,771.25,-0.00545468612988087,0.0010692400399310298
2026-08-27T19:55:00+00:00,771.18,-0.005544952803425041,0.001071183452993285
2026-08-27T20:00:00+00:00,770.83,-0.0059962861711455595,0.0010731268660557625
2026-08-28T13:30:00+00:00,771.985,-0.00450688605766747,0.0010750702791177957
2026-08-28T13:35:00+00:00,772.25,-0.00416516222210761,0.0010770152335888294
2026-08-28T13:40:00+00:00,772.61,-0.00370093361530921,0.0010789601880600852
2026-08-28T13:45:00+00:00,772.155,-0.004287666993346151,0.001080905142531119
2026-08-28T13:50:00+00:00,771.72,-0.00484860989322744,0.0010828500970023747
2026-08-28T13:55:00+00:00,771.67,-0.004913086088616181,0.0010847950514734084
2026-08-28T14:00:00+00:00,771.73,-0.00483571465414967,0.0010867400059446641
2026-08-28T14:05:00+00:00,771.075,-0.00568035281374113,0.0010886849604156978
2026-08-28T14:10:00+00:00,770.22,-0.00678289575488733,0.0010906299148867316
2026-08-28T14:15:00+00:00,771.41,-0.005248362304637211,0.0010925748693579873
2026-08-28T14:20:00+00:00,771.58,-0.00502914324031567,0.001094519823829021
2026-08-28T14:25:00+00:00,771.29,-0.005403105173570011,0.0010964647783000547
2026-08-28T14:30:00+00:00,772.14,-0.004307009851962751,0.0010984097327713105
2026-08-28T14:35:00+00:00,772.38,-0.003997524114097151,0.0011003546872425662
2026-08-28T14:40:00+00:00,773.46,-0.00260483829370195,0.0011022996417136
2026-08-28T14:45:00+00:00,773.75,-0.00223087636044772,0.0011042445961846337
2026-08-28T14:50:00+00:00,774.545,-0.0012057048537680304,0.0011061895506556674
2026-08-28T14:55:00+00:00,774.84,-0.0008252953009748598,0.0011081345051269231
2026-08-28T15:00:00+00:00,774.89,-0.0007608191055862301,0.0011100794595979568
2026-08-28T15:05:00+00:00,774.18,-0.0016763810801052603,0.0011120244140689906
2026-08-28T15:10:00+00:00,774.2,-0.0016505906019497196,0.0011139693685404684
2026-08-28T15:15:00+00:00,774.28,-0.001547428689328001,0.001115914323011502
2026-08-28T15:20:00+00:00,774.77,-0.0009155619745190302,0.0011178592774825358
2026-08-28T15:25:00+00:00,774.93,-0.0007092381492753708,0.0011198042319535695
2026-08-28T15:30:00+00:00,774.46,-0.0013153143859286898,0.0011217491864248252
2026-08-28T15:35:00+00:00,773.685,-0.0023146954144530607,0.001123694140895859
2026-08-28T15:40:00+00:00,772.82,-0.0034301335946768097,0.0011256390953668927
2026-08-28T15:45:00+00:00,772.28,-0.00412647650487441,0.0011275840498383705
2026-08-28T15:50:00+00:00,772.13,-0.00431990509104041,0.0011295290043094042
2026-08-28T15:55:00+00:00,771.08,-0.0056739051942023,0.0011314739587804379
2026-08-28T16:00:00+00:00,770.82,-0.00600918141022333,0.0011334189132514716
2026-08-28T16:05:00+00:00,771.6,-0.00500335276216024,0.0011353638677227273
2026-08-28T16:10:00+00:00,770.97,-0.00581575282405733,0.001137308822193761
2026-08-28T16:15:00+00:00,770.22,-0.00678289575488733,0.0011392537766647948
2026-08-28T16:20:00+00:00,769.525,-0.0076791148707897605,0.0011411987311358285
2026-08-28T16:25:00+00:00,769.6,-0.0075824005777066494,0.0011431436856073063
2026-08-28T16:30:00+00:00,769.64,-0.00753081962139579,0.00114508864007834
2026-08-28T16:35:00+00:00,770.3,-0.006679733842265501,0.0011470335945493737
2026-08-28T16:40:00+00:00,769.63,-0.0075437148604735604,0.0011489785490206295
2026-08-28T16:45:00+00:00,770.4,-0.00655078145148813,0.0011509235034916632
2026-08-28T16:50:00+00:00,769.86,-0.00724712436168562,0.0011528684579626969
2026-08-28T16:55:00+00:00,769.7,-0.00745344818692939,0.0011548134124337306
2026-08-28T17:00:00+00:00,769.04,-0.00830453396605979,0.0011567583669052084
2026-08-28T17:05:00+00:00,768.495,-0.00900732449579622,0.001158703321376242
2026-08-28T17:10:00+00:00,769.33,-0.00793057203280545,0.0011606482758472758
2026-08-28T17:15:00+00:00,769.145,-0.00816913395574359,0.0011625932303185316
2026-08-28T17:20:00+00:00,768.92,-0.00845927683499259,0.0011645381847895653
2026-08-28T17:25:00+00:00,768.83,-0.00857533398669208,0.001166483139260599
2026-08-28T17:30:00+00:00,769.34,-0.00791767679372779,0.0011684280937316327
2026-08-28T17:35:00+00:00,768.93,-0.008446381595914931,0.0011703730482028885
2026-08-28T17:40:00+00:00,768.91,-0.008472172074070361,0.0011723180026741442
2026-08-28T17:45:00+00:00,769.7,-0.00745344818692939,0.001174262957145178
2026-08-28T17:50:00+00:00,769.495,-0.0077178005880229605,0.0011762079116164337
2026-08-28T17:55:00+00:00,769.55,-0.007646876773095501,0.0011781528660874674
2026-08-28T18:00:00+00:00,769.595,-0.00758884819724559,0.001180097820558501
2026-08-28T18:05:00+00:00,769.56,-0.007633981534017731,0.0011820427750295348
2026-08-28T18:10:00+00:00,769.215,-0.00807886728219942,0.0011839877295007906
2026-08-28T18:15:00+00:00,769.4,-0.00784030535926139,0.0011859326839718243
2026-08-28T18:20:00+00:00,769.08,-0.00825295300974882,0.00118787763844308
2026-08-28T18:25:00+00:00,769.06,-0.008278743487904361,0.0011898225929141137
2026-08-28T18:30:00+00:00,769.395,-0.00784675297880022,0.0011917675473853695
2026-08-28T18:35:00+00:00,769.14,-0.00817558157528242,0.0011937125018564032
2026-08-28T18:40:00+00:00,769.3,-0.00796925775003876,0.001195657456327437
2026-08-28T18:45:00+00:00,768.77,-0.00865270542115859,0.0011976024107986927
2026-08-28T18:50:00+00:00,768.55,-0.00893640068086865,0.0011995473652697264
2026-08-28T18:55:00+00:00,768.685,-0.008762314953319361,0.0012014923197409821
2026-08-28T19:00:00+00:00,768.79,-0.008626914943003161,0.0012034372742120159
2026-08-28T19:05:00+00:00,769.34,-0.00791767679372779,0.0012053822286832716
2026-08-28T19:10:00+00:00,769.19,-0.00811110537989368,0.0012073271831543053
2026-08-28T19:15:00+00:00,769.23,-0.00805952442358282,0.001209272137625339
2026-08-28T19:20:00+00:00,769.25,-0.00803373394542739,0.0012112170920965948
2026-08-28T19:25:00+00:00,769.515,-0.007692010109867531,0.0012131620465676285
2026-08-28T19:30:00+00:00,769.38,-0.00786609583741682,0.0012151070010386622
2026-08-28T19:35:00+00:00,769.545,-0.007653324392634331,0.001217051955509918
2026-08-28T19:40:00+00:00,769.61,-0.00756950533862899,0.0012189969099811737
2026-08-28T19:45:00+00:00,769.26,-0.00802083870634962,0.0012209418644522074
2026-08-28T19:50:00+00:00,769.375,-0.00787254345695576,0.0012228868189232411
2026-08-28T19:55:00+00:00,769.28,-0.00799504822819419,0.0012248317733942748
2026-08-28T20:00:00+00:00,769.28,-0.00799504822819419,0.0012267767278655306
2026-08-31T13:30:00+00:00,766.37,-0.01174756279981437,0.0012287216823365643
2026-08-31T13:35:00+00:00,766.33,-0.01179914375612523,0.0012306683483194192
2026-08-31T13:40:00+00:00,765.81,-0.0124696961881674,0.001232615014302496
2026-08-31T13:45:00+00:00,766.14,-0.0120441532986022,0.001234561680285129
2026-08-31T13:50:00+00:00,766.475,-0.01161216278949806,0.0012365083462679838
2026-08-31T13:55:00+00:00,766.22,-0.01194099138598026,0.0012384550122510607
2026-08-31T14:00:00+00:00,765.76,-0.01253417238355603,0.0012404016782339156
2026-08-31T14:05:00+00:00,765.54,-0.012817867643266201,0.0012423483442167704
2026-08-31T14:10:00+00:00,765.81,-0.0124696961881674,0.0012442950101996253
2026-08-31T14:15:00+00:00,765.99,-0.0122375818847682,0.0012462416761824802
2026-08-31T14:20:00+00:00,765.0,-0.01351421055346369,0.001248188342165335
2026-08-31T14:25:00+00:00,764.93,-0.01360447722700786,0.001250135008148412
2026-08-31T14:30:00+00:00,764.81,-0.01375922009594066,0.0012520816741310448
2026-08-31T14:35:00+00:00,765.535,-0.01282431526280503,0.0012540283401138996
2026-08-31T14:40:00+00:00,765.75,-0.0125470676226338,0.0012559750060969765
2026-08-31T14:45:00+00:00,765.4,-0.01299840099035443,0.0012579216720798314
2026-08-31T14:50:00+00:00,765.835,-0.01243745809047292,0.0012598683380626863
2026-08-31T14:55:00+00:00,765.93,-0.0123149533192346,0.0012618150040455411
2026-08-31T15:00:00+00:00,765.81,-0.0124696961881674,0.001263761670028396
2026-08-31T15:05:00+00:00,765.68,-0.012637334296177971,0.0012657083360112509
2026-08-31T15:10:00+00:00,765.67,-0.01265022953525563,0.0012676550019943278
2026-08-31T15:15:00+00:00,765.71,-0.01259864857894466,0.0012696016679771827
2026-08-31T15:20:00+00:00,766.035,-0.0121795533089184,0.0012715483339600375
2026-08-31T15:25:00+00:00,765.92,-0.012327848558312371,0.0012734949999428924
2026-08-31T15:30:00+00:00,765.71,-0.01259864857894466,0.0012754416659257473
2026-08-31T15:35:00+00:00,765.545,-0.012811420023727371,0.0012773883319088242
2026-08-31T15:40:00+00:00,765.835,-0.01243745809047292,0.001279334997891679
2026-08-31T15:45:00+00:00,765.86,-0.01240521999277866,0.0012812816638743119
2026-08-31T15:50:00+00:00,766.07,-0.01213441997214626,0.0012832283298573888
2026-08-31T15:55:00+00:00,765.36,-0.01304998194666529,0.0012851749958402436
2026-08-31T16:00:00+00:00,765.105,-0.01337881054314749,0.0012871216618230985
2026-08-31T16:05:00+00:00,765.19,-0.01326920101098672,0.0012890683278059534
2026-08-31T16:10:00+00:00,765.72,-0.01258575333986689,0.0012910149937888082
2026-08-31T16:15:00+00:00,765.43,-0.01295971527312123,0.001292961659771663
2026-08-31T16:20:00+00:00,765.435,-0.012953267653582401,0.00129490832575474
2026-08-31T16:25:00+00:00,765.86,-0.01240521999277866,0.0012968549917375949
2026-08-31T16:30:00+00:00,765.82,-0.01245680094908952,0.0012988016577202277
2026-08-31T16:35:00+00:00,765.36,-0.01304998194666529,0.0013007483237033046
2026-08-31T16:40:00+00:00,765.425,-0.01296616289266006,0.0013026949896861595
2026-08-31T16:45:00+00:00,765.84,-0.01243101047093409,0.0013046416556690144
2026-08-31T16:50:00+00:00,765.81,-0.0124696961881674,0.0013065883216520913
2026-08-31T16:55:00+00:00,765.89,-0.01236653427554546,0.001308534987634724
2026-08-31T17:00:00+00:00,765.65,-0.01267602001341106,0.001310481653617579
2026-08-31T17:05:00+00:00,765.585,-0.01275983906741629,0.0013124283196006559
2026-08-31T17:10:00+00:00,765.87,-0.012392324753701,0.0013143749855835107
2026-08-31T17:15:00+00:00,765.73,-0.01257285810078923,0.0013163216515663656
2026-08-31T17:20:00+00:00,765.8,-0.012482591427245171,0.0013182683175492205
2026-08-31T17:25:00+00:00,765.47,-0.01290813431681026,0.0013202149835320753
2026-08-31T17:30:00+00:00,765.29,-0.01314024862020946,0.0013221616495149302
2026-08-31T17:35:00+00:00,765.84,-0.01243101047093409,0.0013241083154980071
2026-08-31T17:40:00+00:00,766.21,-0.01195388662505803,0.00132605498148064
2026-08-31T17:45:00+00:00,766.31,-0.01182493423428077,0.0013280016474634948
2026-08-31T17:50:00+00:00,766.755,-0.0112510960953216,0.0013299483134465717
2026-08-31T17:55:00+00:00,766.51,-0.01156702945272614,0.0013318949794294266
2026-08-31T18:00:00+00:00,766.625,-0.01141873420333217,0.0013338416454122815
2026-08-31T18:05:00+00:00,766.67,-0.01136070562748237,0.0013357883113951363
2026-08-31T18:10:00+00:00,766.72,-0.01129622943209363,0.0013377349773779912
2026-08-31T18:15:00+00:00,766.7,-0.01132201991024906,0.001339681643360846
2026-08-31T18:20:00+00:00,766.63,-0.01141228658379334,0.001341628309343923
2026-08-31T18:25:00+00:00,766.31,-0.01182493423428077,0.0013435749753267778
2026-08-31T18:30:00+00:00,766.03,-0.01218600092845723,0.0013455216413094107
2026-08-31T18:35:00+00:00,765.47,-0.01290813431681026,0.0013474683072924876
2026-08-31T18:40:00+00:00,765.345,-0.01306932480528189,0.0013494149732753424
2026-08-31T18:45:00+00:00,765.42,-0.012972610512199001,0.0013513616392584193
2026-08-31T18:50:00+00:00,765.66,-0.0126631247743334,0.0013533083052410522
2026-08-31T18:55:00+00:00,765.68,-0.012637334296177971,0.001355254971223907
2026-08-31T19:00:00+00:00,765.815,-0.01246324856862846,0.001357201637206984
2026-08-31T19:05:00+00:00,766.025,-0.01219244854799617,0.0013591483031898388
2026-08-31T19:10:00+00:00,766.18,-0.011992572342291341,0.0013610949691726937
2026-08-31T19:15:00+00:00,766.04,-0.01217310568937957,0.0013630416351555485
2026-08-31T19:20:00+00:00,766.42,-0.011683086604425741,0.0013649883011384034
2026-08-31T19:25:00+00:00,766.67,-0.01136070562748237,0.0013669349671212583
2026-08-31T19:30:00+00:00,766.4,-0.01170887708258117,0.0013688816331043352
2026-08-31T19:35:00+00:00,766.63,-0.01141228658379334,0.00137082829908719
2026-08-31T19:40:00+00:00,767.03,-0.01089647702068397,0.0013727749650698229
2026-08-31T19:45:00+00:00,766.87,-0.01110280084592774,0.0013747216310528998
2026-08-31T19:50:00+00:00,767.4,-0.01041935317480791,0.0013766682970357547
2026-08-31T19:55:00+00:00,766.87,-0.01110280084592774,0.0013786149630186095
2026-08-31T20:00:00+00:00,766.87,-0.01110280084592774,0.0013805616290016864
2026-09-01T13:30:00+00:00,761.91,-0.01749883942848307,0.0013825082949843193
2026-09-01T13:35:00+00:00,761.8,-0.0176406870583381,0.0013844568109033784
2026-09-01T13:40:00+00:00,761.93,-0.01747304895032764,0.0013864053268224374
2026-09-01T13:45:00+00:00,762.06,-0.01730541084231707,0.0013883538427412745
2026-09-01T13:50:00+00:00,761.81,-0.01762779181926044,0.0013903023586601115
2026-09-01T13:55:00+00:00,762.02,-0.01735699179862804,0.0013922508745791706
2026-09-01T14:00:00+00:00,762.2,-0.01712487749522873,0.0013941993904982297
2026-09-01T14:05:00+00:00,762.88,-0.01624800123794301,0.0013961479064172888
2026-09-01T14:10:00+00:00,763.02,-0.01606746789085478,0.001398096422336348
2026-09-01T14:15:00+00:00,763.305,-0.01569995357713938,0.001400044938255185
2026-09-01T14:20:00+00:00,763.695,-0.01519703925310767,0.001401993454174022
2026-09-01T14:25:00+00:00,763.76,-0.01511322019910255,0.001403941970093081
2026-09-01T14:30:00+00:00,764.415,-0.01426858203951109,0.0014058904860121402
2026-09-01T14:35:00+00:00,764.27,-0.01445556300613815,0.0014078390019311993
2026-09-01T14:40:00+00:00,764.16,-0.014597410635993291,0.0014097875178500363
2026-09-01T14:45:00+00:00,763.935,-0.014887553515242291,0.0014117360337690954
2026-09-01T14:50:00+00:00,763.59,-0.01533243926342398,0.0014136845496879324
2026-09-01T14:55:00+00:00,763.465,-0.01549362975189561,0.0014156330656069915
2026-09-01T15:00:00+00:00,763.12,-0.01593851550007741,0.0014175815815260506
2026-09-01T15:05:00+00:00,762.79,-0.01636405838964261,0.0014195300974448877
2026-09-01T15:10:00+00:00,763.05,-0.01602878217362158,0.0014214786133639468
2026-09-01T15:15:00+00:00,763.29,-0.01571929643575598,0.0014234271292830059
2026-09-01T15:20:00+00:00,763.445,-0.01551942023005104,0.001425375645201843
2026-09-01T15:25:00+00:00,763.59,-0.01533243926342398,0.001427324161120902
2026-09-01T15:30:00+00:00,763.635,-0.01527441068757418,0.001429272677039961
2026-09-01T15:35:00+00:00,764.04,-0.014752153504926091,0.0014312211929587981
2026-09-01T15:40:00+00:00,764.23,-0.01450714396244901,0.0014331697088778572
2026-09-01T15:45:00+00:00,764.57,-0.01406870583380615,0.0014351182247969163
2026-09-01T15:50:00+00:00,764.51,-0.01414607726827255,0.0014370667407157534
2026-09-01T15:55:00+00:00,764.275,-0.01444911538659932,0.0014390152566348124
2026-09-01T16:00:00+00:00,764.26,-0.01446845824521592,0.0014409637725536495
2026-09-01T16:05:00+00:00,763.865,-0.01497782018878635,0.0014429122884727086
2026-09-01T16:10:00+00:00,763.54,-0.015396915458812721,0.0014448608043917677
2026-09-01T16:15:00+00:00,763.01,-0.01608036312993244,0.0014468093203108268
2026-09-01T16:20:00+00:00,762.845,-0.01629313457471504,0.0014487578362296638
2026-09-01T16:25:00+00:00,762.54,-0.01668643936658598,0.0014507063521485009
2026-09-01T16:30:00+00:00,761.7,-0.01776963944911536,0.00145265486806756
2026-09-01T16:35:00+00:00,762.205,-0.0171184298756899,0.001454603383986619
2026-09-01T16:40:00+00:00,761.71,-0.01775674421003759,0.0014565518999056781
2026-09-01T16:45:00+00:00,761.955,-0.01744081085263316,0.0014585004158247372
2026-09-01T16:50:00+00:00,761.89,-0.0175246299066385,0.0014604489317435743
2026-09-01T16:55:00+00:00,762.32,-0.01697013462629593,0.0014623974476624113
2026-09-01T17:00:00+00:00,761.7,-0.01776963944911536,0.0014643459635814704
2026-09-01T17:05:00+00:00,761.725,-0.0177374013514211,0.0014662944795005295
2026-09-01T17:10:00+00:00,762.0,-0.01738278227678347,0.0014682429954195886
2026-09-01T17:15:00+00:00,761.62,-0.0178728013617373,0.0014701915113386477
2026-09-01T17:20:00+00:00,761.62,-0.0178728013617373,0.0014721400272572627
2026-09-01T17:25:00+00:00,761.68,-0.0177954299272709,0.0014740885431763218
2026-09-01T17:30:00+00:00,761.945,-0.01745370609171093,0.0014760370590953809
2026-09-01T17:35:00+00:00,761.915,-0.01749239180894424,0.00147798557501444
2026-09-01T17:40:00+00:00,762.065,-0.01729896322277813,0.001479934090933499
2026-09-01T17:45:00+00:00,761.72,-0.01774384897095993,0.001481882606852336
2026-09-01T17:50:00+00:00,761.52,-0.01800175375251467,0.0014838311227711731
2026-09-01T17:55:00+00:00,761.82,-0.01761489658018256,0.0014857796386902322
2026-09-01T18:00:00+00:00,761.61,-0.01788569660081496,0.0014877281546092913
2026-09-01T18:05:00+00:00,761.655,-0.01782766802496527,0.0014896766705283504
2026-09-01T18:10:00+00:00,761.36,-0.01820807757775833,0.0014916251864474095
2026-09-01T18:15:00+00:00,761.75,-0.01770516325372673,0.0014935737023662465
2026-09-01T18:20:00+00:00,761.69,-0.01778253468819302,0.0014955222182850836
2026-09-01T18:25:00+00:00,761.21,-0.01840150616392422,0.0014974707342041427
2026-09-01T18:30:00+00:00,760.77,-0.01896889668334456,0.0014994192501232018
2026-09-01T18:35:00+00:00,760.54,-0.01926548718213239,0.0015013677660422609
2026-09-01T18:40:00+00:00,759.86,-0.02014236343941822,0.001503316281961098
2026-09-01T18:45:00+00:00,760.175,-0.01973616340846962,0.001505264797880157
2026-09-01T18:50:00+00:00,760.27,-0.01961365863723119,0.001507213313798994
2026-09-01T18:55:00+00:00,760.74,-0.01900758240057776,0.0015091618297180531
2026-09-01T19:00:00+00:00,761.15,-0.01847887759839073,0.0015111103456371122
2026-09-01T19:05:00+00:00,761.12,-0.01851756331562393,0.0015130588615559493
2026-09-01T19:10:00+00:00,761.43,-0.01811781090421427,0.0015150073774750084
2026-09-01T19:15:00+00:00,761.4,-0.01815649662144736,0.0015169558933940674
2026-09-01T19:20:00+00:00,761.28,-0.01831123949038016,0.0015189044093129045
2026-09-01T19:25:00+00:00,761.43,-0.01811781090421427,0.0015208529252319636
2026-09-01T19:30:00+00:00,761.13,-0.01850466807654616,0.0015228014411510227
2026-09-01T19:35:00+00:00,760.83,-0.01889152524887805,0.0015247499570698597
2026-09-01T19:40:00+00:00,761.05,-0.0186078299891681,0.0015266984729889188
2026-09-01T19:45:00+00:00,761.26,-0.0183370299685357,0.001528646988907978
2026-09-01T19:50:00+00:00,760.93,-0.0187625728581009,0.001530595504827037
2026-09-01T19:55:00+00:00,761.63,-0.01785990612265953,0.001532544020745874
2026-09-01T20:00:00+00:00,761.9,-0.01751173466756084,0.001534492536664711
2026-09-02T13:30:00+00:00,762.39,-0.01687986795275187,0.0015364410525837702
2026-09-02T13:35:00+00:00,762.45,-0.01680249651828536,0.0015383912367092911
2026-09-02T13:40:00+00:00,762.8,-0.01635116315056484,0.00154034142083459
2026-09-02T13:45:00+00:00,762.1,-0.0172538298860061,0.001542291604959889
2026-09-02T13:50:00+00:00,762.44,-0.01681539175736313,0.0015442417890851878
2026-09-02T13:55:00+00:00,763.035,-0.01604812503223818,0.0015461919732107088
2026-09-02T14:00:00+00:00,763.53,-0.01540981069789038,0.0015481421573360077
2026-09-02T14:05:00+00:00,763.73,-0.01515190591633564,0.0015500923414613066
2026-09-02T14:10:00+00:00,764.265,-0.01446201062567709,0.0015520425255866055
2026-09-02T14:15:00+00:00,764.855,-0.01370119152009075,0.0015539927097121264
2026-09-02T14:20:00+00:00,765.185,-0.01327564863052566,0.0015559428938376474
2026-09-02T14:25:00+00:00,765.23,-0.01321762005467586,0.0015578930779627242
2026-09-02T14:30:00+00:00,765.53,-0.01283076288234386,0.0015598432620882452
2026-09-02T14:35:00+00:00,765.74,-0.01255996286171146,0.001561793446213544
2026-09-02T14:40:00+00:00,766.29,-0.0118507247124362,0.001563743630339065
2026-09-02T14:45:00+00:00,765.825,-0.01245035332955069,0.001565693814464142
2026-09-02T14:50:00+00:00,765.43,-0.01295971527312123,0.0015676439985896629
2026-09-02T14:55:00+00:00,765.32,-0.01310156290297615,0.0015695941827151838
2026-09-02T15:00:00+00:00,765.42,-0.012972610512199001,0.0015715443668404827
2026-09-02T15:05:00+00:00,765.45,-0.01293392479496569,0.0015734945509657816
2026-09-02T15:10:00+00:00,765.53,-0.01283076288234386,0.0015754447350910805
2026-09-02T15:15:00+00:00,765.975,-0.01225692474338469,0.0015773949192166015
2026-09-02T15:20:00+00:00,765.91,-0.01234074379739003,0.0015793451033419004
2026-09-02T15:25:00+00:00,766.305,-0.011831381853819711,0.0015812952874671993
2026-09-02T15:30:00+00:00,766.02,-0.012198896167535,0.0015832454715924982
2026-09-02T15:35:00+00:00,765.84,-0.01243101047093409,0.0015851956557180191
2026-09-02T15:40:00+00:00,765.67,-0.01265022953525563,0.00158714583984354
2026-09-02T15:45:00+00:00,765.06,-0.013436839118997401,0.001589096023968839
2026-09-02T15:50:00+00:00,765.29,-0.01314024862020946,0.0015910462080941379
2026-09-02T15:55:00+00:00,765.9,-0.0123536390364678,0.0015929963922194368
2026-09-02T16:00:00+00:00,765.81,-0.0124696961881674,0.0015949465763449577
2026-09-02T16:05:00+00:00,765.66,-0.0126631247743334,0.0015968967604702566
2026-09-02T16:10:00+00:00,765.69,-0.01262443905710009,0.0015988469445955555
2026-09-02T16:15:00+00:00,765.465,-0.01291458193634909,0.0016007971287208544
2026-09-02T16:20:00+00:00,764.98,-0.01354000103161912,0.0016027473128463754
2026-09-02T16:25:00+00:00,764.81,-0.01375922009594066,0.0016046974969718963
2026-09-02T16:30:00+00:00,765.16,-0.01330788672822003,0.0016066476810969732
2026-09-02T16:35:00+00:00,765.14,-0.01333367720637546,0.0016085978652224941
2026-09-02T16:40:00+00:00,764.7,-0.01390106772579558,0.001610548049347793
2026-09-02T16:45:00+00:00,764.845,-0.01371408675916852,0.001612498233473314
2026-09-02T16:50:00+00:00,765.14,-0.01333367720637546,0.0016144484175983909
2026-09-02T16:55:00+00:00,764.92,-0.013617372466085631,0.0016163986017239118
2026-09-02T17:00:00+00:00,765.465,-0.01291458193634909,0.0016183487858494328
2026-09-02T17:05:00+00:00,764.63,-0.01399133439933975,0.0016202989699747317
2026-09-02T17:10:00+00:00,764.95,-0.01357868674885232,0.0016222491541000306
2026-09-02T17:15:00+00:00,764.6,-0.01403002011657295,0.0016241993382253295
2026-09-02T17:20:00+00:00,764.63,-0.01399133439933975,0.0016261495223508504
2026-09-02T17:25:00+00:00,764.685,-0.01392041058441229,0.0016280997064761493
2026-09-02T17:30:00+00:00,764.39,-0.01430082013720535,0.0016300498906014482
2026-09-02T17:35:00+00:00,764.475,-0.01419121060504458,0.0016320000747267471
2026-09-02T17:40:00+00:00,764.8,-0.013772115335018431,0.001633950258852268
2026-09-02T17:45:00+00:00,764.98,-0.01354000103161912,0.001635900442977789
2026-09-02T17:50:00+00:00,764.99,-0.01352710579254146,0.0016378506271028659
2026-09-02T17:55:00+00:00,765.16,-0.01330788672822003,0.0016398008112283868
2026-09-02T18:00:00+00:00,765.22,-0.01323051529375352,0.0016417509953536857
2026-09-02T18:05:00+00:00,765.12,-0.01335946768453089,0.0016437011794792067
2026-09-02T18:10:00+00:00,765.18,-0.013282096250064601,0.0016456513636045056
2026-09-02T18:15:00+00:00,765.61,-0.01272760096972203,0.0016476015477298045
2026-09-02T18:20:00+00:00,765.48,-0.01289523907773249,0.0016495517318551034
2026-09-02T18:25:00+00:00,765.29,-0.01314024862020946,0.0016515019159806243
2026-09-02T18:30:00+00:00,765.26,-0.01317893433744266,0.0016534521001061453
2026-09-02T18:35:00+00:00,764.81,-0.01375922009594066,0.0016554022842312222
2026-09-02T18:40:00+00:00,764.72,-0.01387527724764015,0.001657352468356743
2026-09-02T18:45:00+00:00,764.88,-0.01366895342239649,0.001659302652482042
2026-09-02T18:50:00+00:00,764.8,-0.013772115335018431,0.001661252836607563
2026-09-02T18:55:00+00:00,764.79,-0.01378501057409609,0.0016632030207326398
2026-09-02T19:00:00+00:00,764.9,-0.01364316294424106,0.0016651532048581608
2026-09-02T19:05:00+00:00,765.2,-0.01325630577190895,0.0016671033889836817
2026-09-02T19:10:00+00:00,765.39,-0.01301129622943209,0.0016690535731089806
2026-09-02T19:15:00+00:00,765.41,-0.01298550575127666,0.0016710037572342795
2026-09-02T19:20:00+00:00,765.23,-0.01321762005467586,0.0016729539413595784
2026-09-02T19:25:00+00:00,765.43,-0.01295971527312123,0.0016749041254850994
2026-09-02T19:30:00+00:00,765.305,-0.01312090576159286,0.0016768543096103983
2026-09-02T19:35:00+00:00,765.08,-0.01341104864084175,0.0016788044937356972
2026-09-02T19:40:00+00:00,765.345,-0.01306932480528189,0.001680754677860996
2026-09-02T19:45:00+00:00,765.375,-0.01303063908804869,0.001682704861986517
2026-09-02T19:50:00+00:00,765.23,-0.01321762005467586,0.001684655046112038
2026-09-02T19:55:00+00:00,765.13,-0.01334657244545312,0.0016866052302371148
2026-09-02T20:00:00+00:00,765.2,-0.01325630577190895,0.0016885554143626358
2026-09-03T13:30:00+00:00,768.99,-0.00836901016144842,0.0016905055984879347
2026-09-03T13:35:00+00:00,769.735,-0.00740831485015736,0.0016924564607987413
2026-09-03T13:40:00+00:00,769.79,-0.007337391035229901,0.001694407323109326
2026-09-03T13:45:00+00:00,769.64,-0.00753081962139579,0.0016963581854199106
2026-09-03T13:50:00+00:00,769.59,-0.00759529581678442,0.0016983090477307172
2026-09-03T13:55:00+00:00,769.54,-0.0076597720121731605,0.0017002599100413018
2026-09-03T14:00:00+00:00,768.16,-0.00943931500490025,0.0017022107723521085
2026-09-03T14:05:00+00:00,767.78,-0.00992933408985408,0.001704161634662693
2026-09-03T14:10:00+00:00,768.37,-0.00916851498426785,0.0017061124969732777
2026-09-03T14:15:00+00:00,768.87,-0.00852375303038122,0.0017080633592840844
2026-09-03T14:20:00+00:00,768.865,-0.00853020064992005,0.001710014221594669
2026-09-03T14:25:00+00:00,768.67,-0.008781657811935961,0.0017119650839052536
2026-09-03T14:30:00+00:00,767.96,-0.00969721978645477,0.0017139159462160602
2026-09-03T14:35:00+00:00,768.2,-0.00938773404858928,0.0017158668085266449
2026-09-03T14:40:00+00:00,768.19,-0.00940062928766694,0.0017178176708374515
2026-09-03T14:45:00+00:00,768.75,-0.00867849589931402,0.0017197685331482582
2026-09-03T14:50:00+00:00,768.62,-0.00884613400732448,0.0017217193954586207
2026-09-03T14:55:00+00:00,769.265,-0.00801439108681079,0.0017236702577694274
2026-09-03T15:00:00+00:00,770.445,-0.006492752875638219,0.001725621120080234
2026-09-03T15:05:00+00:00,770.73,-0.00612523856192293,0.0017275719823908187
2026-09-03T15:10:00+00:00,771.5,-0.005132305152937611,0.0017295228447014033
2026-09-03T15:15:00+00:00,772.02,-0.00446175272089544,0.00173147370701221
2026-09-03T15:20:00+00:00,772.11,-0.00434569556919584,0.0017334245693227945
2026-09-03T15:25:00+00:00,772.93,-0.003288285964821891,0.0017353754316336012
2026-09-03T15:30:00+00:00,772.855,-0.00338500025790478,0.0017373262939439638
2026-09-03T15:35:00+00:00,772.465,-0.0038879145819363803,0.0017392771562547704
2026-09-03T15:40:00+00:00,772.58,-0.00373961933254241,0.001741228018565577
2026-09-03T15:45:00+00:00,772.935,-0.0032818383452830613,0.0017431788808761617
2026-09-03T15:50:00+00:00,773.145,-0.00301103832465055,0.0017451297431869683
2026-09-03T15:55:00+00:00,773.3,-0.0028111621189457203,0.001747080605497553
2026-09-03T16:00:00+00:00,772.79,-0.0034688193119101207,0.0017490314678081376
2026-09-03T16:05:00+00:00,772.545,-0.0037847526693145506,0.0017509823301189442
2026-09-03T16:10:00+00:00,772.69,-0.003597771702687269,0.0017529331924297509
2026-09-03T16:15:00+00:00,772.77,-0.0034946097900655504,0.0017548840547401134
2026-09-03T16:20:00+00:00,772.525,-0.0038105431474699802,0.00175683491705092
2026-09-03T16:25:00+00:00,772.45,-0.003907257440552869,0.0017587857793617268
2026-09-03T16:30:00+00:00,772.46,-0.00389436220147521,0.0017607366416723114
2026-09-03T16:35:00+00:00,772.95,-0.0032624954866662392,0.001762687503983118
2026-09-03T16:40:00+00:00,773.14,-0.003017485944189491,0.0017646383662937026
2026-09-03T16:45:00+00:00,773.05,-0.003133543095889091,0.0017665892286042872
2026-09-03T16:50:00+00:00,772.84,-0.00340434311652138,0.001768540090915094
2026-09-03T16:55:00+00:00,772.88,-0.0033527621602105206,0.0017704909532256785
2026-09-03T17:00:00+00:00,772.77,-0.0034946097900655504,0.0017724418155362631
2026-09-03T17:05:00+00:00,772.43,-0.003933047918708521,0.0017743926778470698
2026-09-03T17:10:00+00:00,772.39,-0.00398462887501938,0.0017763435401576544
2026-09-03T17:15:00+00:00,772.335,-0.00405555268994684,0.001778294402468461
2026-09-03T17:20:00+00:00,772.295,-0.004107133646257921,0.0017802452647790457
2026-09-03T17:25:00+00:00,772.64,-0.003662247898076121,0.0017821961270896303
2026-09-03T17:30:00+00:00,772.85,-0.0033914478774436096,0.001784146989400437
2026-09-03T17:35:00+00:00,773.01,-0.00318512405219995,0.0017860978517112436
2026-09-03T17:40:00+00:00,773.07,-0.003107752617733439,0.0017880487140218282
2026-09-03T17:45:00+00:00,773.0,-0.0031980192912777206,0.0017899995763324128
2026-09-03T17:50:00+00:00,773.4,-0.002682209728168461,0.0017919504386432195
2026-09-03T17:55:00+00:00,773.26,-0.0028627430752566907,0.001793901300953804
2026-09-03T18:00:00+00:00,773.75,-0.00223087636044772,0.0017958521632646107
2026-09-03T18:05:00+00:00,773.795,-0.002172847784598031,0.0017978030255749733
2026-09-03T18:10:00+00:00,773.89,-0.00205034301335949,0.00179975388788578
2026-09-03T18:15:00+00:00,773.72,-0.00226956207768092,0.0018017047501965866
2026-09-03T18:20:00+00:00,773.71,-0.0022824573167585793,0.0018036556125071712
2026-09-03T18:25:00+00:00,773.72,-0.00226956207768092,0.0018056064748177558
2026-09-03T18:30:00+00:00,773.855,-0.00209547635013152,0.0018075573371285625
2026-09-03T18:35:00+00:00,773.81,-0.002153504925981431,0.001809508199439147
2026-09-03T18:40:00+00:00,773.6,-0.00242430494661372,0.0018114590617499537
2026-09-03T18:45:00+00:00,773.76,-0.0022179811213700606,0.0018134099240607604
2026-09-03T18:50:00+00:00,773.57,-0.00246299066384692,0.001815360786371123
2026-09-03T18:55:00+00:00,773.67,-0.0023340382730696607,0.0018173116486819296
2026-09-03T19:00:00+00:00,773.59,-0.0024372001856913794,0.0018192625109927363
2026-09-03T19:05:00+00:00,773.56,-0.0024758859029246905,0.001821213373303321
2026-09-03T19:10:00+00:00,773.39,-0.0026951049672461203,0.0018231642356139055
2026-09-03T19:15:00+00:00,773.59,-0.0024372001856913794,0.0018251150979247122
2026-09-03T19:20:00+00:00,773.18,-0.0029659049878785204,0.0018270659602352968
2026-09-03T19:25:00+00:00,773.415,-0.002662866869551861,0.0018290168225461034
2026-09-03T19:30:00+00:00,773.33,-0.0027724764017124093,0.001830967684856466
2026-09-03T19:35:00+00:00,773.43,-0.002643524010935261,0.0018329185471672726
2026-09-03T19:40:00+00:00,773.235,-0.00289498117295095,0.0018348694094780793
2026-09-03T19:45:00+00:00,773.26,-0.0028627430752566907,0.001836820271788664
2026-09-03T19:50:00+00:00,773.22,-0.00291432403156755,0.0018387711340994706
2026-09-03T19:55:00+00:00,773.22,-0.00291432403156755,0.0018407219964100552
2026-09-03T20:00:00+00:00,773.115,-0.00304972404188375,0.0018426728587206398
2026-09-04T13:30:00+00:00,772.71,-0.0035719812245318394,0.0018446237210314465
2026-09-04T13:35:00+00:00,772.505,-0.00383633362562541,0.001846575751655699
2026-09-04T13:40:00+00:00,772.14,-0.004307009851962751,0.0018485277822799517
2026-09-04T13:45:00+00:00,772.53,-0.0038040955279311506,0.0018504798129042044
2026-09-04T13:50:00+00:00,772.385,-0.00399107649455821,0.001852431843528457
2026-09-04T13:55:00+00:00,772.31,-0.004087790787641321,0.0018543838741527097
2026-09-04T14:00:00+00:00,771.95,-0.004552019394439499,0.0018563359047769623
2026-09-04T14:05:00+00:00,771.55,-0.005067828957548981,0.001858287935401215
2026-09-04T14:10:00+00:00,771.64,-0.00495177180584927,0.0018602399660252456
2026-09-04T14:15:00+00:00,770.96,-0.0058286480631351,0.0018621919966497202
2026-09-04T14:20:00+00:00,771.08,-0.0056739051942023,0.0018641440272739729
2026-09-04T14:25:00+00:00,771.21,-0.0055062670861917296,0.0018660960578980035
2026-09-04T14:30:00+00:00,770.77,-0.006073657605612071,0.0018680480885224782
2026-09-04T14:35:00+00:00,771.1,-0.00564811471604687,0.0018700001191467308
2026-09-04T14:40:00+00:00,770.3,-0.006679733842265501,0.0018719521497707614
2026-09-04T14:45:00+00:00,769.79,-0.007337391035229901,0.001873904180395236
2026-09-04T14:50:00+00:00,769.56,-0.007633981534017731,0.0018758562110194887
2026-09-04T14:55:00+00:00,769.42,-0.00781451488110596,0.0018778082416435193
2026-09-04T15:00:00+00:00,769.49,-0.00772424820756179,0.001879760272267994
2026-09-04T15:05:00+00:00,769.69,-0.007466343426007049,0.0018817123028922467
2026-09-04T15:10:00+00:00,769.87,-0.00723422912260796,0.0018836643335162773
2026-09-04T15:15:00+00:00,769.365,-0.00788543869603342,0.001885616364140752
2026-09-04T15:20:00+00:00,769.27,-0.00800794346727196,0.0018875683947650046
2026-09-04T15:25:00+00:00,769.47,-0.00775003868571722,0.0018895204253890352
2026-09-04T15:30:00+00:00,769.21,-0.00808531490173825,0.0018914724560132878
2026-09-04T15:35:00+00:00,769.515,-0.007692010109867531,0.0018934244866375405
2026-09-04T15:40:00+00:00,769.99,-0.00707948625367516,0.0018953765172617931
2026-09-04T15:45:00+00:00,769.82,-0.00729870531799659,0.0018973285478860458
2026-09-04T15:50:00+00:00,769.95,-0.0071310672099860195,0.0018992805785102984
2026-09-04T15:55:00+00:00,769.95,-0.0071310672099860195,0.001901232609134551
2026-09-04T16:00:00+00:00,770.115,-0.00691829576520353,0.0019031846397588037
2026-09-04T16:05:00+00:00,770.34,-0.00662815288595453,0.0019051366703830563
2026-09-04T16:10:00+00:00,770.73,-0.00612523856192293,0.001907088701007309
2026-09-04T16:15:00+00:00,770.85,-0.00597049569299013,0.0019090407316315616
2026-09-04T16:20:00+00:00,770.88,-0.00593180997575693,0.0019109927622558143
2026-09-04T16:25:00+00:00,770.67,-0.006202609996389441,0.001912944792880067
2026-09-04T16:30:00+00:00,770.9,-0.0059060194976015,0.0019148968235043196
2026-09-04T16:35:00+00:00,770.79,-0.006047867127456641,0.0019168488541285722
2026-09-04T16:40:00+00:00,770.93,-0.005867333780368411,0.0019188008847528248
2026-09-04T16:45:00+00:00,771.205,-0.00551271470573067,0.0019207529153770775
2026-09-04T16:50:00+00:00,771.105,-0.00564166709650793,0.001922704946001108
2026-09-04T16:55:00+00:00,770.895,-0.005912467117140441,0.0019246569766255828
2026-09-04T17:00:00+00:00,770.5,-0.00642182906071076,0.0019266090072498354
2026-09-04T17:05:00+00:00,770.42,-0.0065249909733327005,0.001928561037873866
2026-09-04T17:10:00+00:00,770.36,-0.0066023624077991006,0.0019305130684983407
2026-09-04T17:15:00+00:00,770.28,-0.00670552432042093,0.0019324650991225933
2026-09-04T17:20:00+00:00,770.1,-0.00693763862382013,0.001934417129746624
2026-09-04T17:25:00+00:00,769.85,-0.00726001960076339,0.0019363691603710986
2026-09-04T17:30:00+00:00,769.64,-0.00753081962139579,0.0019383211909953513
2026-09-04T17:35:00+00:00,769.645,-0.00752437200185696,0.0019402732216193819
2026-09-04T17:40:00+00:00,769.34,-0.00791767679372779,0.0019422252522438566
2026-09-04T17:45:00+00:00,769.395,-0.00784675297880022,0.0019441772828681092
2026-09-04T17:50:00+00:00,769.39,-0.00785320059833916,0.0019461293134921398
2026-09-04T17:55:00+00:00,769.47,-0.00775003868571722,0.0019480813441166145
2026-09-04T18:00:00+00:00,769.31,-0.007956362510961101,0.0019500333747408671
2026-09-04T18:05:00+00:00,769.58,-0.00760819105586219,0.0019519854053648977
2026-09-04T18:10:00+00:00,769.655,-0.00751147676277919,0.0019539374359891504
2026-09-04T18:15:00+00:00,769.75,-0.00738897199154076,0.001955889466613625
2026-09-04T18:20:00+00:00,769.91,-0.007182648166297101,0.0019578414972376557
2026-09-04T18:25:00+00:00,769.875,-0.007227781503069131,0.0019597935278619083
2026-09-04T18:30:00+00:00,769.995,-0.0070730386341363305,0.001961745558486383
2026-09-04T18:35:00+00:00,769.855,-0.00725357198122456,0.0019636975891104136
2026-09-04T18:40:00+00:00,770.15,-0.006873162428431501,0.0019656496197346662
2026-09-04T18:45:00+00:00,770.22,-0.00678289575488733,0.001967601650359141
2026-09-04T18:50:00+00:00,770.25,-0.00674421003765413,0.0019695536809831715
2026-09-04T18:55:00+00:00,770.26,-0.00673131479857636,0.001971505711607424
2026-09-04T19:00:00+00:00,769.71,-0.00744055294785162,0.001973457742231899
2026-09-04T19:05:00+00:00,769.685,-0.007472791045546101,0.0019754097728559294
2026-09-04T19:10:00+00:00,769.615,-0.0075630577190901604,0.001977361803480182
2026-09-04T19:15:00+00:00,769.66,-0.00750502914324036,0.0019793138341044347
2026-09-04T19:20:00+00:00,769.77,-0.007363181513385331,0.0019812658647286874
2026-09-04T19:25:00+00:00,769.95,-0.0071310672099860195,0.00198321789535294
2026-09-04T19:30:00+00:00,769.985,-0.00708593387321399,0.0019851699259771927
2026-09-04T19:35:00+00:00,769.755,-0.007382524372001931,0.0019871219566014453
2026-09-04T19:40:00+00:00,769.9,-0.00719554340537476,0.001989073987225698
2026-09-04T19:45:00+00:00,770.13,-0.00689895290658693,0.0019910260178497285
2026-09-04T19:50:00+00:00,770.395,-0.006557229071027071,0.0019929780484742032
2026-09-04T19:55:00+00:00,770.18,-0.006834476711198301,0.001994930079098456
2026-09-04T20:00:00+00:00,770.18,-0.006834476711198301,0.0019968821097224865
2026-09-08T13:30:00+00:00,768.825,-0.00858178160623091,0.001998834140346961
2026-09-08T13:35:00+00:00,768.16,-0.00943931500490025,0.002000788007874732
2026-09-08T13:40:00+00:00,767.26,-0.01059988652189614,0.0020027418754022808
2026-09-08T13:45:00+00:00,767.72,-0.01000670552432037,0.0020046957429300516
2026-09-08T13:50:00+00:00,767.26,-0.01059988652189614,0.0020066496104578224
2026-09-08T13:55:00+00:00,767.44,-0.010367772218496829,0.002008603477985371
2026-09-08T14:00:00+00:00,766.96,-0.01098674369422803,0.002010557345513142
2026-09-08T14:05:00+00:00,766.42,-0.011683086604425741,0.002012511213040691
2026-09-08T14:10:00+00:00,766.46,-0.01163150564811466,0.0020144650805684616
2026-09-08T14:15:00+00:00,766.58,-0.01147676277918186,0.0020164189480962325
2026-09-08T14:20:00+00:00,767.05,-0.01087068654252854,0.0020183728156237812
2026-09-08T14:25:00+00:00,766.71,-0.0113091246711714,0.002020326683151552
2026-09-08T14:30:00+00:00,767.005,-0.01092871511837834,0.002022280550679323
2026-09-08T14:35:00+00:00,766.9,-0.01106411512869454,0.0020242344182068717
2026-09-08T14:40:00+00:00,767.115,-0.0107868674885232,0.0020261882857346425
2026-09-08T14:45:00+00:00,767.26,-0.01059988652189614,0.0020281421532624133
2026-09-08T14:50:00+00:00,767.63,-0.01012276267602008,0.002030096020789962
2026-09-08T14:55:00+00:00,767.65,-0.010096972197864651,0.002032049888317733
2026-09-08T15:00:00+00:00,767.695,-0.01003894362201474,0.0020340037558452817
2026-09-08T15:05:00+00:00,767.68,-0.010058286480631451,0.0020359576233730525
2026-09-08T15:10:00+00:00,768.04,-0.00959405787383305,0.0020379114909008234
2026-09-08T15:15:00+00:00,768.02,-0.00961984835198848,0.002039865358428372
2026-09-08T15:20:00+00:00,768.0,-0.00964563883014391,0.002041819225956143
2026-09-08T15:25:00+00:00,767.83,-0.00986485789446534,0.0020437730934839138
2026-09-08T15:30:00+00:00,767.785,-0.00992288647031525,0.0020457269610114626
2026-09-08T15:35:00+00:00,767.51,-0.01027750554495288,0.0020476808285392334
2026-09-08T15:40:00+00:00,767.96,-0.00969721978645477,0.002049634696067004
2026-09-08T15:45:00+00:00,767.565,-0.0102065817300252,0.002051588563594553
2026-09-08T15:50:00+00:00,767.545,-0.010232372208180851,0.002053542431122324
2026-09-08T15:55:00+00:00,767.395,-0.01042580079434674,0.0020554962986500946
2026-09-08T16:00:00+00:00,767.655,-0.01009052457832571,0.0020574501661776434
2026-09-08T16:05:00+00:00,767.37,-0.01045803889204111,0.0020594040337054142
2026-09-08T16:10:00+00:00,767.245,-0.01061922938051274,0.002061357901232963
2026-09-08T16:15:00+00:00,766.925,-0.011031877031000281,0.002063311768760734
2026-09-08T16:20:00+00:00,767.4,-0.01041935317480791,0.0020652656362887267
2026-09-08T16:25:00+00:00,767.08,-0.01083200082529523,0.0020672195038162755
2026-09-08T16:30:00+00:00,767.2,-0.01067725795636243,0.0020691733713440463
2026-09-08T16:35:00+00:00,766.97,-0.01097384845515037,0.002071127238871817
2026-09-08T16:40:00+00:00,767.005,-0.01092871511837834,0.002073081106399366
2026-09-08T16:45:00+00:00,767.245,-0.01061922938051274,0.0020750349739271368
2026-09-08T16:50:00+00:00,767.24,-0.01062567700005157,0.0020769888414549076
2026-09-08T16:55:00+00:00,766.95,-0.0109996389333058,0.0020789427089824564
2026-09-08T17:00:00+00:00,767.87,-0.00981327693815448,0.002080896576510227
2026-09-08T17:05:00+00:00,767.58,-0.0101872388714086,0.002082850444037776
2026-09-08T17:10:00+00:00,767.635,-0.01011631505648114,0.002084804311565547
2026-09-08T17:15:00+00:00,767.63,-0.01012276267602008,0.0020867581790933176
2026-09-08T17:20:00+00:00,767.68,-0.010058286480631451,0.0020887120466208664
2026-09-08T17:25:00+00:00,767.475,-0.01032263888172491,0.0020906659141486372
2026-09-08T17:30:00+00:00,767.72,-0.01000670552432037,0.002092619781676408
2026-09-08T17:35:00+00:00,767.695,-0.01003894362201474,0.002094573649203957
2026-09-08T17:40:00+00:00,767.315,-0.01052896270696857,0.0020965275167317277
2026-09-08T17:45:00+00:00,767.59,-0.01017434363233094,0.0020984813842594985
2026-09-08T17:50:00+00:00,767.76,-0.00995512456800951,0.0021004352517870473
2026-09-08T17:55:00+00:00,767.56,-0.010213029349564251,0.002102389119314818
2026-09-08T18:00:00+00:00,767.59,-0.01017434363233094,0.002104342986842367
2026-09-08T18:05:00+00:00,767.77,-0.00994222932893185,0.0021062968543701377
2026-09-08T18:10:00+00:00,767.76,-0.00995512456800951,0.0021082507218979085
2026-09-08T18:15:00+00:00,767.81,-0.00989064837262088,0.0021102045894254573
2026-09-08T18:20:00+00:00,767.61,-0.01014855315417551,0.002112158456953228
2026-09-08T18:25:00+00:00,767.765,-0.00994867694847068,0.002114112324480999
2026-09-08T18:30:00+00:00,767.525,-0.01025816268633628,0.0021160661920085477
2026-09-08T18:35:00+00:00,767.17,-0.01071594367359574,0.0021180200595363186
2026-09-08T18:40:00+00:00,767.52,-0.01026461030587511,0.0021199739270640894
2026-09-08T18:45:00+00:00,766.26,-0.0118894104296694,0.002121927794591638
2026-09-08T18:50:00+00:00,766.98,-0.0109609532160726,0.002123881662119409
2026-09-08T18:55:00+00:00,766.79,-0.01120596275854957,0.0021258355296469578
2026-09-08T19:00:00+00:00,766.63,-0.01141228658379334,0.0021277893971747286
2026-09-08T19:05:00+00:00,766.825,-0.01116082942177743,0.0021297432647024994
2026-09-08T19:10:00+00:00,766.91,-0.01105121988961677,0.002131697132230048
2026-09-08T19:15:00+00:00,766.715,-0.01130267705163257,0.002133650999757819
2026-09-08T19:20:00+00:00,766.58,-0.01147676277918186,0.00213560486728559
2026-09-08T19:25:00+00:00,766.97,-0.01097384845515037,0.0021375587348131386
2026-09-08T19:30:00+00:00,767.09,-0.01081910558621757,0.0021395126023409095
2026-09-08T19:35:00+00:00,766.99,-0.01094805797699494,0.0021414664698686803
2026-09-08T19:40:00+00:00,766.82,-0.01116727704131626,0.002143420337396229
2026-09-08T19:45:00+00:00,766.54,-0.01152834373549294,0.002145374204924
2026-09-08T19:50:00+00:00,765.71,-0.01259864857894466,0.0021473280724517707
2026-09-08T19:55:00+00:00,766.06,-0.012147315211224141,0.0021492819399793195
2026-09-08T20:00:00+00:00,766.06,-0.012147315211224141,0.0021512358075070903
2026-09-09T13:30:00+00:00,764.155,-0.01460385825553212,0.002153189675034639
2026-09-09T13:35:00+00:00,763.8,-0.015061639242791691,0.0021551438435509773
2026-09-09T13:40:00+00:00,763.75,-0.01512611543818021,0.0021570980120673156
2026-09-09T13:45:00+00:00,763.885,-0.01495202971063092,0.0021590521805836538
2026-09-09T13:50:00+00:00,763.785,-0.01508098210140818,0.002161006349099992
2026-09-09T13:55:00+00:00,764.13,-0.01463609635322638,0.0021629605176163302
2026-09-09T14:00:00+00:00,763.84,-0.01501005828648061,0.0021649146861326685
2026-09-09T14:05:00+00:00,764.06,-0.014726363026770661,0.0021668688546490067
2026-09-09T14:10:00+00:00,763.885,-0.01495202971063092,0.002168823023165345
2026-09-09T14:15:00+00:00,763.055,-0.01602233455408275,0.002170777191681683
2026-09-09T14:20:00+00:00,762.705,-0.01647366792180327,0.0021727313601980214
2026-09-09T14:25:00+00:00,763.98,-0.01482952493939238,0.0021746855287143596
2026-09-09T14:30:00+00:00,763.485,-0.01546783927374018,0.002176639697230698
2026-09-09T14:35:00+00:00,763.605,-0.01531309640480738,0.002178593865747036
2026-09-09T14:40:00+00:00,763.72,-0.01516480115541341,0.0021805480342633743
2026-09-09T14:45:00+00:00,763.73,-0.01515190591633564,0.0021825022027797125
2026-09-09T14:50:00+00:00,763.65,-0.01525506782895758,0.0021844563712958287
2026-09-09T14:55:00+00:00,763.78,-0.015087429720947121,0.002186410539812167
2026-09-09T15:00:00+00:00,762.87,-0.01626089647702067,0.002188364708328505
2026-09-09T15:05:00+00:00,762.18,-0.01715066797338427,0.0021903188768448434
2026-09-09T15:10:00+00:00,761.63,-0.01785990612265953,0.0021922730453611816
2026-09-09T15:15:00+00:00,761.97,-0.01742146799401656,0.00219422721387752
2026-09-09T15:20:00+00:00,761.07,-0.01858203951101245,0.002196181382393858
2026-09-09T15:25:00+00:00,761.54,-0.01797596327435913,0.0021981355509101963
2026-09-09T15:30:00+00:00,762.15,-0.01718935369061747,0.0022000897194265345
2026-09-09T15:35:00+00:00,762.89,-0.01623510599886524,0.0022020438879428728
2026-09-09T15:40:00+00:00,762.23,-0.01708619177799553,0.002203998056459211
2026-09-09T15:45:00+00:00,762.29,-0.01700882034352924,0.002205952224975549
2026-09-09T15:50:00+00:00,762.54,-0.01668643936658598,0.0022079063934918874
2026-09-09T15:55:00+00:00,762.18,-0.01715066797338427,0.0022098605620082257
2026-09-09T16:00:00+00:00,762.37,-0.0169056584309073,0.002211814730524564
2026-09-09T16:05:00+00:00,761.58,-0.01792438231804816,0.002213768899040902
2026-09-09T16:10:00+00:00,761.645,-0.01784056326404293,0.0022157230675572404
2026-09-09T16:15:00+00:00,761.44,-0.01810491566513639,0.0022176772360735786
2026-09-09T16:20:00+00:00,761.74,-0.0177180584928045,0.002219631404590139
2026-09-09T16:25:00+00:00,761.62,-0.0178728013617373,0.002221585573106477
2026-09-09T16:30:00+00:00,762.09,-0.01726672512508376,0.0022235397416228153
2026-09-09T16:35:00+00:00,762.25,-0.0170604012998401,0.0022254939101391535
2026-09-09T16:40:00+00:00,762.36,-0.01691855366998507,0.0022274480786554918
2026-09-09T16:45:00+00:00,762.5,-0.01673802032289684,0.00222940224717183
2026-09-09T16:50:00+00:00,762.685,-0.01649945839995881,0.0022313564156881682
2026-09-09T16:55:00+00:00,762.56,-0.01666064888843044,0.0022333105842045065
2026-09-09T17:00:00+00:00,762.38,-0.01689276319182964,0.0022352647527208447
2026-09-09T17:05:00+00:00,762.65,-0.01654459173673084,0.002237218921237183
2026-09-09T17:10:00+00:00,763.12,-0.01593851550007741,0.002239173089753521
2026-09-09T17:15:00+00:00,762.91,-0.01620931552070981,0.0022411272582698594
2026-09-09T17:20:00+00:00,763.19,-0.01584824882653324,0.0022430814267861976
2026-09-09T17:25:00+00:00,762.92,-0.01619642028163215,0.0022450355953023138
2026-09-09T17:30:00+00:00,762.81,-0.01633826791148718,0.002246989763818652
2026-09-09T17:35:00+00:00,762.44,-0.01681539175736313,0.0022489439323349902
2026-09-09T17:40:00+00:00,762.94,-0.0161706298034765,0.0022508981008513285
2026-09-09T17:45:00+00:00,763.09,-0.0159772012173105,0.0022528522693676667
2026-09-09T17:50:00+00:00,763.27,-0.01574508691391141,0.002254806437884005
2026-09-09T17:55:00+00:00,763.025,-0.01606102027131584,0.002256760606400343
2026-09-09T18:00:00+00:00,763.08,-0.01599009645638827,0.0022587147749166814
2026-09-09T18:05:00+00:00,762.74,-0.01642853458503124,0.0022606689434330196
2026-09-09T18:10:00+00:00,762.46,-0.0167896012792077,0.002262623111949358
2026-09-09T18:15:00+00:00,762.525,-0.01670578222520247,0.002264577280465696
2026-09-09T18:20:00+00:00,762.965,-0.01613839170578224,0.0022665314489820343
2026-09-09T18:25:00+00:00,762.835,-0.0163060298137927,0.0022684856174983725
2026-09-09T18:30:00+00:00,762.74,-0.01642853458503124,0.0022704397860147107
2026-09-09T18:35:00+00:00,763.0,-0.01609325836901021,0.002272393954531049
2026-09-09T18:40:00+00:00,763.2,-0.01583535358745547,0.002274348123047387
2026-09-09T18:45:00+00:00,762.97,-0.0161319440862433,0.0022763022915637254
2026-09-09T18:50:00+00:00,763.28,-0.01573219167483375,0.0022782564600800637
2026-09-09T18:55:00+00:00,762.92,-0.01619642028163215,0.002280210628596402
2026-09-09T19:00:00+00:00,762.68,-0.01650590601949764,0.00228216479711274
2026-09-09T19:05:00+00:00,763.1,-0.01596430597823284,0.0022841189656290783
2026-09-09T19:10:00+00:00,762.96,-0.01614483932532107,0.0022860731341454166
2026-09-09T19:15:00+00:00,763.3,-0.01570640119667832,0.002288027302661755
2026-09-09T19:20:00+00:00,763.22,-0.01580956310930004,0.002289981471178093
2026-09-09T19:25:00+00:00,763.12,-0.01593851550007741,0.0022919356396944313
2026-09-09T19:30:00+00:00,763.03,-0.01605457265177701,0.0022938898082107695
2026-09-09T19:35:00+00:00,762.795,-0.01635761077010378,0.0022958439767271077
2026-09-09T19:40:00+00:00,762.84,-0.01629958219425387,0.002297798145243446
2026-09-09T19:45:00+00:00,762.83,-0.01631247743333153,0.002299752313759784
2026-09-09T19:50:00+00:00,762.415,-0.01684762985505761,0.0023017064822761224
2026-09-09T19:55:00+00:00,762.425,-0.01683473461597984,0.0023036606507924606
2026-09-09T20:00:00+00:00,762.28,-0.01702171558260701,0.002305614819308577
2026-09-10T13:30:00+00:00,757.79,-0.02281167792850891,0.002307568987824915
2026-09-10T13:35:00+00:00,758.43,-0.02198638262753405,0.002309523457376228
2026-09-10T13:40:00+00:00,758.135,-0.02236679218032711,0.002311477926927541
2026-09-10T13:45:00+00:00,758.66,-0.02168979212874611,0.002313432396478854
2026-09-10T13:50:00+00:00,757.32,-0.02341775416516223,0.002315386866030167
2026-09-10T13:55:00+00:00,756.81,-0.02407541135812663,0.002317341335581702
2026-09-10T14:00:00+00:00,757.26,-0.02349512559962863,0.002319295805133015
2026-09-10T14:05:00+00:00,756.75,-0.02415278279259303,0.0023212502746843278
2026-09-10T14:10:00+00:00,757.355,-0.0233726208283902,0.0023232047442356407
2026-09-10T14:15:00+00:00,758.08,-0.02243771599525457,0.0023251592137869537
2026-09-10T14:20:00+00:00,759.33,-0.02082581111053794,0.0023271136833382666
2026-09-10T14:25:00+00:00,758.71,-0.02162531593335737,0.0023290681528895796
2026-09-10T14:30:00+00:00,758.995,-0.02125780161964208,0.0023310226224408925
2026-09-10T14:35:00+00:00,759.325,-0.02083225873007677,0.0023329770919922055
2026-09-10T14:40:00+00:00,758.79,-0.02152215402073565,0.0023349315615437405
2026-09-10T14:45:00+00:00,758.81,-0.02149636354258022,0.0023368860310950534
2026-09-10T14:50:00+00:00,759.16,-0.02104503017485948,0.0023388405006463664
2026-09-10T14:55:00+00:00,759.39,-0.02074843967607165,0.0023407949701976793
2026-09-10T15:00:00+00:00,758.85,-0.02144478258626914,0.0023427494397489923
2026-09-10T15:05:00+00:00,759.07,-0.02116108732655897,0.0023447039093003053
2026-09-10T15:10:00+00:00,759.07,-0.02116108732655897,0.002346658378851618
2026-09-10T15:15:00+00:00,759.01,-0.02123845876102548,0.002348612848402931
2026-09-10T15:20:00+00:00,759.3,-0.02086449682777125,0.002350567317954466
2026-09-10T15:25:00+00:00,759.185,-0.02101279207716522,0.002352521787505779
2026-09-10T15:30:00+00:00,759.42,-0.02070975395883845,0.002354476257057092
2026-09-10T15:35:00+00:00,759.22,-0.02096765874039308,0.002356430726608405
2026-09-10T15:40:00+00:00,759.42,-0.02070975395883845,0.002358385196159718
2026-09-10T15:45:00+00:00,759.135,-0.02107726827255385,0.002360339665711031
2026-09-10T15:50:00+00:00,758.65,-0.02170268736782388,0.002362294135262344
2026-09-10T15:55:00+00:00,758.56,-0.02181874451952348,0.002364248604813657
2026-09-10T16:00:00+00:00,758.54,-0.02184453499767891,0.00236620307436497
2026-09-10T16:05:00+00:00,758.095,-0.02241837313663797,0.002368157543916505
2026-09-10T16:10:00+00:00,758.155,-0.02234100170217157,0.0023701120134678177
2026-09-10T16:15:00+00:00,758.12,-0.0223861350389436,0.0023720664830191307
2026-09-10T16:20:00+00:00,758.05,-0.02247640171248788,0.0023740209525706657
2026-09-10T16:25:00+00:00,758.085,-0.02243126837571563,0.0023759754221219787
2026-09-10T16:30:00+00:00,757.54,-0.02313405890545217,0.0023779298916732916
2026-09-10T16:35:00+00:00,758.22,-0.02225718264816623,0.0023798843612246046
2026-09-10T16:40:00+00:00,758.86,-0.02143188734719137,0.0023818388307759175
2026-09-10T16:45:00+00:00,758.91,-0.02136741115180285,0.0023837933003272305
2026-09-10T16:50:00+00:00,759.16,-0.02104503017485948,0.0023857477698787655
2026-09-10T16:55:00+00:00,759.205,-0.02098700159900957,0.0023877022394300784
2026-09-10T17:00:00+00:00,758.99,-0.02126424923918091,0.0023896567089813914
2026-09-10T17:05:00+00:00,758.97,-0.02129003971733634,0.0023916111785327043
2026-09-10T17:10:00+00:00,759.035,-0.02120622066333111,0.0023935656480840173
2026-09-10T17:15:00+00:00,758.97,-0.02129003971733634,0.0023955201176353302
2026-09-10T17:20:00+00:00,758.65,-0.02170268736782388,0.002397474587186643
2026-09-10T17:25:00+00:00,758.635,-0.02172203022644048,0.002399429056737956
2026-09-10T17:30:00+00:00,758.65,-0.02170268736782388,0.002401383526289269
2026-09-10T17:35:00+00:00,758.06,-0.02246350647341011,0.002403337995840804
2026-09-10T17:40:00+00:00,758.45,-0.0219605921493784,0.002405292465392117
2026-09-10T17:45:00+00:00,758.25,-0.02221849693093314,0.00240724693494343
2026-09-10T17:50:00+00:00,758.36,-0.022076649301078,0.002409201404494743
2026-09-10T17:55:00+00:00,758.305,-0.02214757311600568,0.002411155874046056
2026-09-10T18:00:00+00:00,757.98,-0.02256666838603183,0.002413110343597369
2026-09-10T18:05:00+00:00,757.74,-0.02287615412389743,0.002415064813148682
2026-09-10T18:10:00+00:00,757.74,-0.02287615412389743,0.0024170192826999948
2026-09-10T18:15:00+00:00,757.71,-0.02291483984113063,0.0024189737522513077
2026-09-10T18:20:00+00:00,757.8,-0.02279878268943114,0.0024209282218028427
2026-09-10T18:25:00+00:00,757.69,-0.02294063031928606,0.0024228826913541557
2026-09-10T18:30:00+00:00,757.61,-0.023043792231908,0.0024248371609054686
2026-09-10T18:35:00+00:00,757.83,-0.02276009697219783,0.0024267916304567816
2026-09-10T18:40:00+00:00,757.82,-0.0227729922112756,0.0024287461000080945
2026-09-10T18:45:00+00:00,757.8,-0.02279878268943114,0.0024307005695594075
2026-09-10T18:50:00+00:00,757.95,-0.02260535410326503,0.0024326550391107205
2026-09-10T18:55:00+00:00,757.775,-0.0228310207871254,0.0024346095086620334
2026-09-10T19:00:00+00:00,757.335,-0.02339841130654563,0.0024365639782135684
2026-09-10T19:05:00+00:00,757.97,-0.0225795636251096,0.0024385184477648814
2026-09-10T19:10:00+00:00,757.83,-0.02276009697219783,0.0024404729173161943
2026-09-10T19:15:00+00:00,757.505,-0.0231791922422242,0.0024424273868675073
2026-09-10T19:20:00+00:00,757.715,-0.0229083922215918,0.0024443818564188202
2026-09-10T19:25:00+00:00,757.615,-0.02303734461236917,0.002446336325970133
2026-09-10T19:30:00+00:00,757.925,-0.02263759220095951,0.002448290795521446
2026-09-10T19:35:00+00:00,758.01,-0.02252798266879874,0.002450245265072759
2026-09-10T19:40:00+00:00,758.03,-0.02250219219064331,0.002452199734624072
2026-09-10T19:45:00+00:00,758.15,-0.02234744932171051,0.002454154204175607
2026-09-10T19:50:00+00:00,757.86,-0.02272141125496463,0.00245610867372692
2026-09-10T19:55:00+00:00,757.87,-0.02270851601588697,0.002458063143278233
2026-09-10T20:00:00+00:00,757.87,-0.02270851601588697,0.002460017612829546
2026-09-11T13:30:00+00:00,765.775,-0.01251482952493943,0.002461972082380859
2026-09-11T13:35:00+00:00,765.52,-0.01284365812142163,0.002463926853013554
2026-09-11T13:40:00+00:00,765.43,-0.01295971527312123,0.002465881623646249
2026-09-11T13:45:00+00:00,764.97,-0.01355289627069689,0.002467836394278944
2026-09-11T13:50:00+00:00,765.055,-0.013443286738536231,0.002469791164911639
2026-09-11T13:55:00+00:00,766.27,-0.01187651519059163,0.002471745935544556
2026-09-11T14:00:00+00:00,765.42,-0.012972610512199001,0.002473700706177251
2026-09-11T14:05:00+00:00,765.34,-0.01307577242482072,0.002475655476809946
2026-09-11T14:10:00+00:00,764.87,-0.01368184866147415,0.002477610247442641
2026-09-11T14:15:00+00:00,765.74,-0.01255996286171146,0.002479565018075336
2026-09-11T14:20:00+00:00,765.73,-0.01257285810078923,0.002481519788708031
2026-09-11T14:25:00+00:00,765.83,-0.01244390571001186,0.002483474559340726
2026-09-11T14:30:00+00:00,764.74,-0.01384948676948472,0.002485429329973421
2026-09-11T14:35:00+00:00,764.34,-0.01436529633259398,0.002487384100606116
2026-09-11T14:40:00+00:00,764.045,-0.01474570588538715,0.002489338871239033
2026-09-11T14:45:00+00:00,764.73,-0.01386238200856249,0.002491293641871728
2026-09-11T14:50:00+00:00,764.09,-0.01468767730953735,0.002493248412504423
2026-09-11T14:55:00+00:00,763.965,-0.01484886779800898,0.002495203183137118
2026-09-11T15:00:00+00:00,764.66,-0.013952648682106661,0.002497157953769813
2026-09-11T15:05:00+00:00,764.89,-0.01365605818331872,0.002499112724402508
2026-09-11T15:10:00+00:00,764.59,-0.01404291535565072,0.002501067495035203
2026-09-11T15:15:00+00:00,765.375,-0.01303063908804869,0.002503022265667898
2026-09-11T15:20:00+00:00,765.86,-0.01240521999277866,0.002504977036300593
2026-09-11T15:25:00+00:00,765.99,-0.0122375818847682,0.002506931806933288
2026-09-11T15:30:00+00:00,765.905,-0.012347191416928971,0.002508886577566205
2026-09-11T15:35:00+00:00,765.96,-0.01227626760200129,0.0025108413481989
2026-09-11T15:40:00+00:00,766.135,-0.01205060091814103,0.002512796118831595
2026-09-11T15:45:00+00:00,765.975,-0.01225692474338469,0.00251475088946429
2026-09-11T15:50:00+00:00,765.54,-0.012817867643266201,0.002516705660096985
2026-09-11T15:55:00+00:00,765.78,-0.0125083819054006,0.00251866043072968
2026-09-11T16:00:00+00:00,766.18,-0.011992572342291341,0.002520615201362375
2026-09-11T16:05:00+00:00,765.85,-0.01241811523185643,0.00252256997199507
2026-09-11T16:10:00+00:00,765.55,-0.01280497240418843,0.002524524742627765
2026-09-11T16:15:00+00:00,765.52,-0.01284365812142163,0.002526479513260682
2026-09-11T16:20:00+00:00,765.36,-0.01304998194666529,0.002528434283893599
2026-09-11T16:25:00+00:00,764.87,-0.01368184866147415,0.002530389054526294
2026-09-11T16:30:00+00:00,765.645,-0.01268246763295,0.002532343825158989
2026-09-11T16:35:00+00:00,764.92,-0.013617372466085631,0.002534298595791684
2026-09-11T16:40:00+00:00,765.47,-0.01290813431681026,0.002536253366424379
2026-09-11T16:45:00+00:00,765.37,-0.01303708670758763,0.002538208137057074
2026-09-11T16:50:00+00:00,765.41,-0.01298550575127666,0.002540162907689769
2026-09-11T16:55:00+00:00,765.645,-0.01268246763295,0.002542117678322464
2026-09-11T17:00:00+00:00,765.65,-0.01267602001341106,0.002544072448955381
2026-09-11T17:05:00+00:00,765.74,-0.01255996286171146,0.002546027219588076
2026-09-11T17:10:00+00:00,765.535,-0.01282431526280503,0.002547981990220771
2026-09-11T17:15:00+00:00,765.87,-0.012392324753701,0.002549936760853466
2026-09-11T17:20:00+00:00,766.17,-0.012005467581369,0.002551891531486161
2026-09-11T17:25:00+00:00,765.995,-0.01223113426522926,0.002553846302118856
2026-09-11T17:30:00+00:00,766.015,-0.01220534378707383,0.0025558010727515512
2026-09-11T17:35:00+00:00,765.815,-0.01246324856862846,0.0025577558433842462
2026-09-11T17:40:00+00:00,765.86,-0.01240521999277866,0.0025597106140169412
2026-09-11T17:45:00+00:00,765.9,-0.0123536390364678,0.0025616653846498583
2026-09-11T17:50:00+00:00,765.845,-0.01242456285139526,0.0025636201552825533
2026-09-11T17:55:00+00:00,765.745,-0.01255351524217263,0.0025655749259152483
2026-09-11T18:00:00+00:00,765.87,-0.012392324753701,0.0025675296965479433
2026-09-11T18:05:00+00:00,765.69,-0.01262443905710009,0.0025694844671806383
2026-09-11T18:10:00+00:00,765.595,-0.01274694382833852,0.0025714392378133333
2026-09-11T18:15:00+00:00,765.58,-0.01276628668695512,0.0025733940084460283
2026-09-11T18:20:00+00:00,765.34,-0.01307577242482072,0.0025753487790787233
2026-09-11T18:25:00+00:00,765.53,-0.01283076288234386,0.0025773035497114183
2026-09-11T18:30:00+00:00,765.43,-0.01295971527312123,0.0025792583203443353
2026-09-11T18:35:00+00:00,765.3,-0.013127353381131801,0.0025812130909770303
2026-09-11T18:40:00+00:00,765.13,-0.01334657244545312,0.0025831678616097253
2026-09-11T18:45:00+00:00,765.06,-0.013436839118997401,0.0025851226322424203
2026-09-11T18:50:00+00:00,765.05,-0.01344973435807506,0.0025870774028751153
2026-09-11T18:55:00+00:00,765.025,-0.013481972455769431,0.0025890321735078103
2026-09-11T19:00:00+00:00,765.12,-0.01335946768453089,0.0025909869441405053
2026-09-11T19:05:00+00:00,764.78,-0.01379790581317386,0.0025929417147732003
2026-09-11T19:10:00+00:00,764.84,-0.01372053437870735,0.0025948964854058953
2026-09-11T19:15:00+00:00,765.0,-0.01351421055346369,0.0025968512560388124
2026-09-11T19:20:00+00:00,765.21,-0.01324341053283129,0.0025988060266715074
2026-09-11T19:25:00+00:00,765.02,-0.01348842007530826,0.0026007607973042024
2026-09-11T19:30:00+00:00,764.965,-0.01355934389023572,0.0026027155679368974
2026-09-11T19:35:00+00:00,764.935,-0.013598029607469031,0.0026046703385695924
2026-09-11T19:40:00+00:00,765.02,-0.01348842007530826,0.0026066251092022874
2026-09-11T19:45:00+00:00,764.75,-0.01383659153040695,0.0026085798798349824
2026-09-11T19:50:00+00:00,764.67,-0.01393975344302889,0.0026105346504676774
2026-09-11T19:55:00+00:00,764.14,-0.01462320111414872,0.0026124894211003724
2026-09-11T20:00:00+00:00,764.29,-0.01442977252798272,0.0026144441917330674
