timestamp,spy_close,spy_cum,cash_cum
2026-08-10T13:30:00+00:00,,0.0,0.0
2026-08-10T13:35:00+00:00,,0.0001812016256375,1.948817115016155e-06
2026-08-10T13:40:00+00:00,,5.177189303928742e-05,3.897638028105277e-06
2026-08-10T13:45:00+00:00,,0.0006600916362506,5.846462738823277e-06
2026-08-10T13:50:00+00:00,,0.0006730346095105,7.795291247614244e-06
2026-08-10T13:55:00+00:00,,0.0011001527270844,9.744123554256134e-06
2026-08-10T14:00:00+00:00,,0.0014625559783594,1.1692959658748949e-05
2026-08-10T14:05:00+00:00,,0.0018055447697444,1.3641799561314729e-05
2026-08-10T14:10:00+00:00,,0.0020644042349409,1.559064326173143e-05
2026-08-10T14:15:00+00:00,,0.0021614765343893,1.7539490759999055e-05
2026-08-10T14:20:00+00:00,,0.0017278869301855,1.9488342056339647e-05
2026-08-10T14:25:00+00:00,,0.0022714918070978,2.1437197150753207e-05
2026-08-10T14:30:00+00:00,,0.0022844347803576,2.338605604301769e-05
2026-08-10T14:35:00+00:00,,0.0022973777536174,2.533491873313309e-05
2026-08-10T14:40:00+00:00,,0.0025627087054438,2.7283785221321463e-05
2026-08-10T14:45:00+00:00,,0.002970412363128,2.9232655507582805e-05
2026-08-10T14:50:00+00:00,,0.0016308146307368,3.118152959169507e-05
2026-08-10T14:55:00+00:00,,0.0011519246201237,3.31304074738803e-05
2026-08-10T15:00:00+00:00,,0.0014237270585799,3.507928915391645e-05
2026-08-10T15:05:00+00:00,,0.001346069219021,3.702817463202557e-05
2026-08-10T15:10:00+00:00,,0.0015143278713984,3.89770639084297e-05
2026-08-10T15:15:00+00:00,,0.001708472470296,4.092595698246271e-05
2026-08-10T15:20:00+00:00,,0.0016825865237761,4.287485385479073e-05
2026-08-10T15:25:00+00:00,,0.0014496130050996,4.482375452519172e-05
2026-08-10T15:30:00+00:00,,0.0009966089410058,4.677265899344363e-05
2026-08-10T15:35:00+00:00,,0.0008542362351477,4.872156725999055e-05
2026-08-10T15:40:00+00:00,,0.0014949134115087,5.06704793243884e-05
2026-08-10T15:45:00+00:00,,0.0012942973259817,5.261939518685921e-05
2026-08-10T15:50:00+00:00,,0.002051461261681,5.456831484762503e-05
2026-08-10T15:55:00+00:00,,0.0021744195076491,5.651723830624178e-05
2026-08-10T16:00:00+00:00,,0.0019996893686418,5.846616556315354e-05
2026-08-10T16:05:00+00:00,,0.0017731873365949,6.041509661791622e-05
2026-08-10T16:10:00+00:00,,0.0015013848981386,6.236403147097391e-05
2026-08-10T16:15:00+00:00,,0.0013848981388004,6.431297012210457e-05
2026-08-10T16:20:00+00:00,,0.0014754989516192,6.626191257153025e-05
2026-08-10T16:25:00+00:00,,0.0009707229944861,6.821085881880684e-05
2026-08-10T16:30:00+00:00,,7.765783955893113e-05,7.015980886437845e-05
2026-08-10T16:35:00+00:00,,-6.471486629899825e-05,7.210876270802302e-05
2026-08-10T16:40:00+00:00,,-0.0006018482565814,7.405772034996261e-05
2026-08-10T16:45:00+00:00,,-0.000142372705858,7.600668178997516e-05
2026-08-10T16:50:00+00:00,,-0.0001164867593383,7.795564702806068e-05
2026-08-10T16:55:00+00:00,,0.0002459164919363,7.990461606444121e-05
2026-08-10T17:00:00+00:00,,5.824337966919835e-05,8.185358889911676e-05
2026-08-10T17:05:00+00:00,,0.0005306619036524,8.380256553186527e-05
2026-08-10T17:10:00+00:00,,0.0005953767699515,8.575154596268675e-05
2026-08-10T17:15:00+00:00,,0.000563019336802,8.770053019180324e-05
2026-08-10T17:20:00+00:00,,0.0006471486629908,8.964951821921474e-05
2026-08-10T17:25:00+00:00,,0.0006406771763609,9.15985100446992e-05
2026-08-10T17:30:00+00:00,,0.000634205689731,9.354750566847868e-05
2026-08-10T17:35:00+00:00,,0.0003235743314953,9.54965050905532e-05
2026-08-10T17:40:00+00:00,,5.177189303928742e-05,9.744550831092268e-05
2026-08-10T17:45:00+00:00,,9.060081281875298e-05,9.939451532936516e-05
2026-08-10T17:50:00+00:00,,1.2942973259821857e-05,0.0001013435261461
2026-08-10T17:55:00+00:00,,0.0001488441924879,0.0001032925407613
2026-08-10T18:00:00+00:00,,0.0001294297325982,0.0001052415591746
2026-08-10T18:05:00+00:00,,0.0004012321710542,0.0001071905813863
2026-08-10T18:10:00+00:00,,3.8828919779465565e-05,0.000109139607396
2026-08-10T18:15:00+00:00,,-5.8243379669087325e-05,0.0001110886372042
2026-08-10T18:20:00+00:00,,-9.060081281875298e-05,0.0001130376708107
2026-08-10T18:25:00+00:00,,-0.0001035437860785,0.0001149867082155
2026-08-10T18:30:00+00:00,,-9.707229944866393e-05,0.0001169357494186
2026-08-10T18:35:00+00:00,,-7.765783955893113e-05,0.0001188847944202
2026-08-10T18:40:00+00:00,,0.000342988791385,0.0001208338432199
2026-08-10T18:45:00+00:00,,0.0002265020320466,0.0001227828958181
2026-08-10T18:50:00+00:00,,0.0006471486629908,0.0001247319522146
2026-08-10T18:55:00+00:00,,0.0007506924490694,0.0001266810124094
2026-08-10T19:00:00+00:00,,0.0007636354223292,0.0001286300764025
2026-08-10T19:05:00+00:00,,0.0009901374543759,0.0001305791441941
2026-08-10T19:10:00+00:00,,0.0008801221816674,0.000132528215784
2026-08-10T19:15:00+00:00,,0.0008865936682973,0.0001344772911722
2026-08-10T19:20:00+00:00,,0.0009966089410058,0.0001364263703589
2026-08-10T19:25:00+00:00,,0.0004400610908337,0.0001383754533441
2026-08-10T19:30:00+00:00,,0.0003624032512747,0.0001403245401276
2026-08-10T19:35:00+00:00,,0.0007377494758096,0.0001422736307095
2026-08-10T19:40:00+00:00,,0.000634205689731,0.0001442227250898
2026-08-10T19:45:00+00:00,,0.0007183350159198,0.0001461718232687
2026-08-10T19:50:00+00:00,,-0.0002976883849757,0.0001481209252458
2026-08-10T19:55:00+00:00,,0.0005177189303926,0.0001500700310215
2026-08-10T20:00:00+00:00,,0.0005177189303926,0.0001520191405957
2026-08-11T13:30:00+00:00,,0.0,0.0
2026-08-11T13:35:00+00:00,,-0.0005623678920252,1.9471430006134938e-06
2026-08-11T13:40:00+00:00,,-0.0001874559640083,3.894289792638617e-06
2026-08-11T13:45:00+00:00,,-0.0008273918411407,5.841440376075369e-06
2026-08-11T13:50:00+00:00,,-0.000807999844864,7.78859475092375e-06
2026-08-11T13:55:00+00:00,,0.0001486719714549,9.73575291718376e-06
2026-08-11T14:00:00+00:00,,0.0004847999069184,1.1682914874633354e-05
2026-08-11T14:05:00+00:00,,0.000368447929258,1.3630080623716624e-05
2026-08-11T14:10:00+00:00,,0.0003231999379456,1.557725016421152e-05
2026-08-11T14:15:00+00:00,,0.0001486719714549,1.7524423495896002e-05
2026-08-11T14:20:00+00:00,,-0.0001098879789015,1.947160061921416e-05
2026-08-11T14:25:00+00:00,,0.0004654079106416,2.1418781533943942e-05
2026-08-11T14:30:00+00:00,,0.000142207972696,2.336596623986331e-05
2026-08-11T14:35:00+00:00,,-0.0002262399565619,2.53131547376384e-05
2026-08-11T14:40:00+00:00,,-0.0001874559640083,2.726034702660307e-05
2026-08-11T14:45:00+00:00,,0.0004977279044362,2.920754310697937e-05
2026-08-11T14:50:00+00:00,,0.0004718719094005,3.115474297898935e-05
2026-08-11T14:55:00+00:00,,0.0001615999689728,3.310194664241095e-05
2026-08-11T15:00:00+00:00,,-5.171199007125704e-05,3.5049154097244184e-05
2026-08-11T15:05:00+00:00,,-0.0008338558398996,3.699636534371109e-05
2026-08-11T15:10:00+00:00,,-0.0010148478051491,3.8943580381589626e-05
2026-08-11T15:15:00+00:00,,-0.0014026877306839,4.089079921110184e-05
2026-08-11T15:20:00+00:00,,-0.0012669437567468,4.283802183180363e-05
2026-08-11T15:25:00+00:00,,-0.0014220797269607,4.478524824436114e-05
2026-08-11T15:30:00+00:00,,-0.0020943355978875,4.673247844833029e-05
2026-08-11T15:35:00+00:00,,-0.0021589755854766,4.8679712443711054e-05
2026-08-11T15:40:00+00:00,,-0.0018099196524954,5.062695023094754e-05
2026-08-11T15:45:00+00:00,,-0.0019521276251914,5.2574191809373616e-05
2026-08-11T15:50:00+00:00,,-0.0021460475879587,5.452143717965541e-05
2026-08-11T15:55:00+00:00,,-0.0019456636264325,5.646868634134883e-05
2026-08-11T16:00:00+00:00,,-0.0019068796338791,5.841593929467592e-05
2026-08-11T16:05:00+00:00,,-0.0015966076934513,6.0363196039414646e-05
2026-08-11T16:10:00+00:00,,-0.0020103036140216,6.231045657600909e-05
2026-08-11T16:15:00+00:00,,-0.0018163836512542,6.425772090401516e-05
2026-08-11T16:20:00+00:00,,-0.0024369275321098,6.62049890236549e-05
2026-08-11T16:25:00+00:00,,-0.00219775957803,6.815226093492832e-05
2026-08-11T16:30:00+00:00,,-0.0024886395221811,7.009953663783541e-05
2026-08-11T16:35:00+00:00,,-0.0021137275941642,7.204681613237618e-05
2026-08-11T16:40:00+00:00,,-0.0025274235147347,7.399409941832857e-05
2026-08-11T16:45:00+00:00,,-0.0026825594849484,7.594138649613669e-05
2026-08-11T16:50:00+00:00,,-0.0027859834650911,7.788867736557847e-05
2026-08-11T16:55:00+00:00,,-0.00308979140676,7.983597202665393e-05
2026-08-11T17:00:00+00:00,,-0.0034970233285716,8.178327047936307e-05
2026-08-11T17:05:00+00:00,,-0.0033935993484289,8.373057272392792e-05
2026-08-11T17:10:00+00:00,,-0.0041563512019806,8.56778787599044e-05
2026-08-11T17:15:00+00:00,,-0.0035681273149195,8.76251885877366e-05
2026-08-11T17:20:00+00:00,,-0.0033806713509111,8.957250220720248e-05
2026-08-11T17:25:00+00:00,,-0.0034323833409823,9.151981961830202e-05
2026-08-11T17:30:00+00:00,,-0.0033160313633219,9.346714082125727e-05
2026-08-11T17:35:00+00:00,,-0.0034970233285716,9.541446581584624e-05
2026-08-11T17:40:00+00:00,,-0.0029023354427516,9.736179460206884e-05
2026-08-11T17:45:00+00:00,,-0.0030316154179298,9.930912718014716e-05
2026-08-11T17:50:00+00:00,,-0.0028894074452338,0.0001012564635498
2026-08-11T17:55:00+00:00,,-0.0029346554365461,0.0001032038037112
2026-08-11T18:00:00+00:00,,-0.0031027194042778,0.0001051511476646
2026-08-11T18:05:00+00:00,,-0.0036392313012675,0.0001070984954094
2026-08-11T18:10:00+00:00,,-0.0034647033347768,0.0001090458469463
2026-08-11T18:15:00+00:00,,-0.0035745913136784,0.0001109932022749
2026-08-11T18:20:00+00:00,,-0.0039753592367309,0.0001129405613951
2026-08-11T18:25:00+00:00,,-0.0051711990071298,0.0001148879243073
2026-08-11T18:30:00+00:00,,-0.0045829751200687,0.0001168352910112
2026-08-11T18:35:00+00:00,,-0.0045183351324796,0.0001187826615069
2026-08-11T18:40:00+00:00,,-0.0048286070729074,0.0001207300357943
2026-08-11T18:45:00+00:00,,-0.004117567209427,0.0001226774138738
2026-08-11T18:50:00+00:00,,-0.0040399992243201,0.0001246247957449
2026-08-11T18:55:00+00:00,,-0.0044278391498547,0.0001265721814078
2026-08-11T19:00:00+00:00,,-0.0044278391498547,0.0001285195708626
2026-08-11T19:05:00+00:00,,-0.0044407671473726,0.0001304669641093
2026-08-11T19:10:00+00:00,,-0.0042985591746765,0.0001324143611478
2026-08-11T19:15:00+00:00,,-0.0039753592367309,0.0001343617619782
2026-08-11T19:20:00+00:00,,-0.0037167992863745,0.0001363091666004
2026-08-11T19:25:00+00:00,,-0.0037685112764458,0.0001382565750145
2026-08-11T19:30:00+00:00,,-0.0035164153248482,0.0001402039872206
2026-08-11T19:35:00+00:00,,-0.0031996793856615,0.0001421514032184
2026-08-11T19:40:00+00:00,,-0.0036198393049907,0.0001440988230083
2026-08-11T19:45:00+00:00,,-0.0040399992243201,0.00014604624659
2026-08-11T19:50:00+00:00,,-0.0040270712268023,0.0001479936739636
2026-08-11T19:55:00+00:00,,-0.0038719352565884,0.0001499411051291
2026-08-11T20:00:00+00:00,,-0.0038072952689992,0.0001518885400866
2026-08-12T13:30:00+00:00,773.17,0.0,0.0
2026-08-12T13:35:00+00:00,772.88,-0.00037507921931778654,1.948965240083922e-06
2026-08-12T13:40:00+00:00,772.81,-0.0004656155826014974,3.897930480167844e-06
2026-08-12T13:45:00+00:00,773.54,0.00047854934878488464,5.846895720251766e-06
2026-08-12T13:50:00+00:00,772.62,-0.0007113571400855223,7.795860960335688e-06
2026-08-12T13:55:00+00:00,772.65,-0.0006725558415354715,9.74482620041961e-06
2026-08-12T14:00:00+00:00,772.12,-0.0013580454492543304,1.1693791440725576e-05
2026-08-12T14:05:00+00:00,772.29,-0.001138171424136969,1.3642756680809498e-05
2026-08-12T14:10:00+00:00,772.43,-0.0009570986975697693,1.559172192089342e-05
2026-08-12T14:15:00+00:00,772.48,-0.000892429866652833,1.7540687160977342e-05
2026-08-12T14:20:00+00:00,772.92,-0.0003233441545843485,1.9489652401061264e-05
2026-08-12T14:25:00+00:00,772.77,-0.0005173506473349354,2.1438617641145186e-05
2026-08-12T14:30:00+00:00,772.045,-0.0014550486956297348,2.3387582881229108e-05
2026-08-12T14:35:00+00:00,772.69,-0.0006208207768019225,2.533654812131303e-05
2026-08-12T14:40:00+00:00,772.99,-0.00023280779130063767,2.728551336139695e-05
2026-08-12T14:45:00+00:00,772.69,-0.0006208207768019225,2.923447860148088e-05
2026-08-12T14:50:00+00:00,772.01,-0.0015003168772714792,3.1183443841564795e-05
2026-08-12T14:55:00+00:00,772.22,-0.0012287077874205687,3.313240908187076e-05
2026-08-12T15:00:00+00:00,771.87,-0.0016813896038386789,3.5081374321954684e-05
2026-08-12T15:05:00+00:00,772.135,-0.0013386447999792495,3.7030339562038606e-05
2026-08-12T15:10:00+00:00,772.17,-0.001293376618337505,3.897930480212253e-05
2026-08-12T15:15:00+00:00,772.08,-0.0014097805139877684,4.092827004220645e-05
2026-08-12T15:20:00+00:00,771.94,-0.001590853240554968,4.287723528229037e-05
2026-08-12T15:25:00+00:00,772.31,-0.0011123038917703054,4.482620052237429e-05
2026-08-12T15:30:00+00:00,771.91,-0.0016296545391052408,4.6775165762458215e-05
2026-08-12T15:35:00+00:00,771.7,-0.0019012636289560403,4.872413100254214e-05
2026-08-12T15:40:00+00:00,771.79,-0.001784859733305777,5.067309624262606e-05
2026-08-12T15:45:00+00:00,772.12,-0.0013580454492543304,5.262206148270998e-05
2026-08-12T15:50:00+00:00,772.0,-0.0015132506434548665,5.457102672301595e-05
2026-08-12T15:55:00+00:00,772.01,-0.0015003168772714792,5.651999196309987e-05
2026-08-12T16:00:00+00:00,772.28,-0.0011511051903203562,5.846895720318379e-05
2026-08-12T16:05:00+00:00,772.325,-0.0010929032424951135,6.041792244326771e-05
2026-08-12T16:10:00+00:00,772.53,-0.0008277610357360077,6.236688768335164e-05
2026-08-12T16:15:00+00:00,772.43,-0.0009570986975697693,6.431585292343556e-05
2026-08-12T16:20:00+00:00,772.51,-0.0008536285681026712,6.626481816351948e-05
2026-08-12T16:25:00+00:00,772.45,-0.0009312311652028837,6.82137834036034e-05
2026-08-12T16:30:00+00:00,772.195,-0.0012610422028789259,7.016274864368732e-05
2026-08-12T16:35:00+00:00,772.73,-0.0005690857120683734,7.211171388377124e-05
2026-08-12T16:40:00+00:00,772.71,-0.000594953244435148,7.406067912407721e-05
2026-08-12T16:45:00+00:00,772.86,-0.00040094675168456106,7.600964436416113e-05
2026-08-12T16:50:00+00:00,773.065,-0.00013580454492534422,7.795860960424505e-05
2026-08-12T16:55:00+00:00,772.96,-0.00027160908985079946,7.990757484432898e-05
2026-08-12T17:00:00+00:00,773.055,-0.0001487383111088425,8.18565400844129e-05
2026-08-12T17:05:00+00:00,773.03,-0.00018107272656719964,8.380550532449682e-05
2026-08-12T17:10:00+00:00,772.945,-0.00029100973912576933,8.575447056458074e-05
2026-08-12T17:15:00+00:00,772.745,-0.0005496850627934036,8.770343580466466e-05
2026-08-12T17:20:00+00:00,772.795,-0.0004850162318765783,8.965240104474859e-05
2026-08-12T17:25:00+00:00,772.75,-0.0005432181797017099,9.160136628483252e-05
2026-08-12T17:30:00+00:00,772.925,-0.0003168772714926549,9.355033152491644e-05
2026-08-12T17:35:00+00:00,772.87,-0.0003880129855011738,9.54992967652224e-05
2026-08-12T17:40:00+00:00,772.875,-0.00038154610240948017,9.744826200530632e-05
2026-08-12T17:45:00+00:00,772.8,-0.00047854934878488464,9.939722724539024e-05
2026-08-12T17:50:00+00:00,772.75,-0.0005432181797017099,0.0001013461924854
2026-08-12T17:55:00+00:00,772.835,-0.0004332811671429182,0.0001032951577255
2026-08-12T18:00:00+00:00,772.89,-0.0003621454531345103,0.0001052441229656
2026-08-12T18:05:00+00:00,772.88,-0.00037507921931778654,0.0001071930882057
2026-08-12T18:10:00+00:00,773.12,-6.466883091682529e-05,0.0001091420534458
2026-08-12T18:15:00+00:00,773.13,-5.173506473343803e-05,0.0001110910186858
2026-08-12T18:20:00+00:00,773.23,7.760259710032358e-05,0.0001130399839259
2026-08-12T18:25:00+00:00,773.09,-0.00010347012946687606,0.000114988949166
2026-08-12T18:30:00+00:00,773.35,0.0002328077913007487,0.0001169379144063
2026-08-12T18:35:00+00:00,773.4,0.000297476622217685,0.0001188868796464
2026-08-12T18:40:00+00:00,773.51,0.00043974805023472285,0.0001208358448865
2026-08-12T18:45:00+00:00,773.525,0.00045914869950980375,0.0001227848101266
2026-08-12T18:50:00+00:00,773.47,0.00038801298550139585,0.0001247337753667
2026-08-12T18:55:00+00:00,773.08,-0.00011640389565026332,0.0001266827406067
2026-08-12T19:00:00+00:00,773.27,0.00012933766183387263,0.0001286317058468
2026-08-12T19:05:00+00:00,773.235,8.406948019201721e-05,0.0001305806710869
2026-08-12T19:10:00+00:00,773.085,-0.00010993701255856969,0.000132529636327
2026-08-12T19:15:00+00:00,773.16,-1.2933766183387263e-05,0.0001344786015671
2026-08-12T19:20:00+00:00,772.88,-0.00037507921931778654,0.0001364275668072
2026-08-12T19:25:00+00:00,772.965,-0.0002651422067591058,0.0001383765320475
2026-08-12T19:30:00+00:00,772.855,-0.0004074136347762547,0.0001403254972875
2026-08-12T19:35:00+00:00,772.89,-0.0003621454531345103,0.0001422744625276
2026-08-12T19:40:00+00:00,772.82,-0.0004526818164179991,0.0001442234277677
2026-08-12T19:45:00+00:00,772.89,-0.0003621454531345103,0.0001461723930078
2026-08-12T19:50:00+00:00,772.25,-0.001189906488870407,0.0001481213582479
2026-08-12T19:55:00+00:00,772.54,-0.0008148272695526204,0.000150070323488
2026-08-12T20:00:00+00:00,772.51,-0.0008536285681026712,0.0001520192887281
2026-08-13T13:30:00+00:00,775.33,0.0027936934956089843,0.0001539682539681
2026-08-13T13:35:00+00:00,776.455,0.004248742191238719,0.0001559158446606
2026-08-13T13:40:00+00:00,775.67,0.003233441545843707,0.0001578634353527
2026-08-13T13:45:00+00:00,776.9,0.004824294786398786,0.0001598110260452
2026-08-13T13:50:00+00:00,777.115,0.00510237075934139,0.0001617586167375
2026-08-13T13:55:00+00:00,777.595,0.005723191536143535,0.0001637062074297
2026-08-13T14:00:00+00:00,778.225,0.006538018805696044,0.000165653798122
2026-08-13T14:05:00+00:00,778.16,0.006453949325504027,0.0001676013888143
2026-08-13T14:10:00+00:00,778.5,0.006893697375738972,0.0001695489795066
2026-08-13T14:15:00+00:00,778.54,0.006945432440472299,0.0001714965701991
2026-08-13T14:20:00+00:00,779.01,0.007553319451091056,0.0001734441608913
2026-08-13T14:25:00+00:00,779.195,0.0077925941254834985,0.0001753917515836
2026-08-13T14:30:00+00:00,779.225,0.00783139542403366,0.0001773393422761
2026-08-13T14:35:00+00:00,779.055,0.007611521398916077,0.0001792869329682
2026-08-13T14:40:00+00:00,778.66,0.007100637634672946,0.0001812345236607
2026-08-13T14:45:00+00:00,777.655,0.005800794133243636,0.0001831821143527
2026-08-13T14:50:00+00:00,777.81,0.006001267509085917,0.0001851297050452
2026-08-13T14:55:00+00:00,777.76,0.005936598678169203,0.0001870772957375
2026-08-13T15:00:00+00:00,777.37,0.0054321817970175434,0.0001890248864298
2026-08-13T15:05:00+00:00,777.225,0.00524464218735865,0.0001909724771222
2026-08-13T15:10:00+00:00,777.1,0.005082970110066531,0.0001929200678145
2026-08-13T15:15:00+00:00,777.11,0.005095903876249697,0.0001948676585068
2026-08-13T15:20:00+00:00,776.96,0.00490189738349911,0.0001968152491991
2026-08-13T15:25:00+00:00,776.24,0.003970666218296115,0.0001987628398916
2026-08-13T15:30:00+00:00,775.73,0.0033110441429440307,0.0002007104305836
2026-08-13T15:35:00+00:00,775.99,0.0036473220637118775,0.0002026580212761
2026-08-13T15:40:00+00:00,775.965,0.0036149876482534093,0.0002046056119682
2026-08-13T15:45:00+00:00,775.915,0.003550318817336473,0.0002065532026607
2026-08-13T15:50:00+00:00,775.635,0.0031881733642020738,0.0002085007933532
2026-08-13T15:55:00+00:00,775.49,0.0030006337545429584,0.0002104483840452
2026-08-13T16:00:00+00:00,775.88,0.0035050506356946176,0.0002123959747377
2026-08-13T16:05:00+00:00,775.965,0.0036149876482534093,0.00021434356543
2026-08-13T16:10:00+00:00,775.715,0.00329164349366895,0.0002162911561223
2026-08-13T16:15:00+00:00,775.835,0.003446848687869597,0.0002182387468145
2026-08-13T16:20:00+00:00,776.065,0.00374432531008706,0.000220186337507
2026-08-13T16:25:00+00:00,776.5,0.004306944139063962,0.0002221339281991
2026-08-13T16:30:00+00:00,776.65,0.004500950631814549,0.0002240815188916
2026-08-13T16:35:00+00:00,776.29,0.004035335049213051,0.0002260291095839
2026-08-13T16:40:00+00:00,776.45,0.0042422753081470255,0.0002279767002761
2026-08-13T16:45:00+00:00,776.61,0.004449215567081,0.0002299242909686
2026-08-13T16:50:00+00:00,776.705,0.004572086345823179,0.0002318718816607
2026-08-13T16:55:00+00:00,776.7,0.004565619462731485,0.0002338194723532
2026-08-13T17:00:00+00:00,776.96,0.00490189738349911,0.0002357670630455
2026-08-13T17:05:00+00:00,777.22,0.0052381753042669565,0.0002377146537377
2026-08-13T17:10:00+00:00,777.17,0.00517350647335002,0.00023966224443
2026-08-13T17:15:00+00:00,777.34,0.005393380498467382,0.0002416098351223
2026-08-13T17:20:00+00:00,777.26,0.0052899103690002836,0.0002435574258148
2026-08-13T17:25:00+00:00,777.1,0.005082970110066531,0.0002455050165071
2026-08-13T17:30:00+00:00,776.915,0.004843695435673867,0.0002474526071993
2026-08-13T17:35:00+00:00,776.77,0.004656155826014974,0.0002494001978916
2026-08-13T17:40:00+00:00,776.62,0.004462149333264387,0.0002513477885841
2026-08-13T17:45:00+00:00,776.765,0.00464968894292328,0.0002532953792762
2026-08-13T17:50:00+00:00,776.77,0.004656155826014974,0.0002552429699687
2026-08-13T17:55:00+00:00,776.745,0.004623821410556506,0.0002571905606609
2026-08-13T18:00:00+00:00,776.91,0.0048372285525821734,0.0002591381513532
2026-08-13T18:05:00+00:00,776.83,0.004733758423115297,0.0002610857420457
2026-08-13T18:10:00+00:00,777.085,0.0050635694607914505,0.0002630333327378
2026-08-13T18:15:00+00:00,776.92,0.004850162318765561,0.0002649809234303
2026-08-13T18:20:00+00:00,776.72,0.0045914869950982595,0.0002669285141225
2026-08-13T18:25:00+00:00,776.98,0.004927764915865884,0.0002688761048148
2026-08-13T18:30:00+00:00,777.23,0.005251109070450344,0.0002708236955071
2026-08-13T18:35:00+00:00,777.365,0.00542571491392585,0.0002727712861996
2026-08-13T18:40:00+00:00,777.62,0.005755525951602003,0.0002747188768916
2026-08-13T18:45:00+00:00,777.75,0.005923664911985815,0.0002766664675841
2026-08-13T18:50:00+00:00,777.88,0.006091803872369628,0.0002786140582766
2026-08-13T18:55:00+00:00,777.76,0.005936598678169203,0.0002805616489687
2026-08-13T19:00:00+00:00,777.89,0.006104737638553015,0.0002825092396612
2026-08-13T19:05:00+00:00,778.34,0.006686757116804998,0.0002844568303532
2026-08-13T19:10:00+00:00,777.94,0.006169406469469951,0.0002864044210457
2026-08-13T19:15:00+00:00,778.14,0.0064280817931374745,0.000288352011738
2026-08-13T19:20:00+00:00,778.32,0.006660889584438223,0.0002902996024303
2026-08-13T19:25:00+00:00,778.03,0.006285810365120215,0.0002922471931225
2026-08-13T19:30:00+00:00,778.04,0.006298744131303602,0.000294194783815
2026-08-13T19:35:00+00:00,777.95,0.006182340235653339,0.0002961423745073
2026-08-13T19:40:00+00:00,777.71,0.005871929847252266,0.0002980899651996
2026-08-13T19:45:00+00:00,777.77,0.00594953244435259,0.0003000375558919
2026-08-13T19:50:00+00:00,777.515,0.005619721406676437,0.0003019851465841
2026-08-13T19:55:00+00:00,777.84,0.006040068807636301,0.0003039327372766
2026-08-13T20:00:00+00:00,777.84,0.006040068807636301,0.0003058803279687
2026-08-14T13:30:00+00:00,778.23,0.006544485688787738,0.0003078279186612
2026-08-14T13:35:00+00:00,778.02,0.006272876598936827,0.0003097737153576
2026-08-14T13:40:00+00:00,778.375,0.006732025298446631,0.0003117195120545
2026-08-14T13:45:00+00:00,778.01,0.00625994283275344,0.0003136653087509
2026-08-14T13:50:00+00:00,778.52,0.006919564908105524,0.0003156111054478
2026-08-14T13:55:00+00:00,778.43,0.006803161012455261,0.0003175569021443
2026-08-14T14:00:00+00:00,778.57,0.006984233739022683,0.0003195026988407
2026-08-14T14:05:00+00:00,778.49,0.006880763609555585,0.0003214484955376
2026-08-14T14:10:00+00:00,778.29,0.006622088285888061,0.000323394292234
2026-08-14T14:15:00+00:00,777.825,0.00602066815836122,0.0003253400889307
2026-08-14T14:20:00+00:00,777.45,0.0055356519264846415,0.0003272858856273
2026-08-14T14:25:00+00:00,777.405,0.005477449978659399,0.000329231682324
2026-08-14T14:30:00+00:00,776.9,0.004824294786398786,0.0003311774790206
2026-08-14T14:35:00+00:00,777.385,0.005451582446292624,0.0003331232757171
2026-08-14T14:40:00+00:00,777.13,0.005121771408616471,0.0003350690724137
2026-08-14T14:45:00+00:00,777.26,0.0052899103690002836,0.0003370148691104
2026-08-14T14:50:00+00:00,777.025,0.004985966863691127,0.000338960665807
2026-08-14T14:55:00+00:00,776.76,0.0046432220598315865,0.0003409064625037
2026-08-14T15:00:00+00:00,776.865,0.004779026604757153,0.0003428522592001
2026-08-14T15:05:00+00:00,776.635,0.004481549982539468,0.0003447980558968
2026-08-14T15:10:00+00:00,776.49,0.0042940103728805745,0.0003467438525934
2026-08-14T15:15:00+00:00,776.54,0.004358679203797289,0.0003486896492901
2026-08-14T15:20:00+00:00,776.0,0.0036602558298952648,0.0003506354459865
2026-08-14T15:25:00+00:00,776.29,0.004035335049213051,0.0003525812426834
2026-08-14T15:30:00+00:00,776.16,0.003867196088829017,0.0003545270393798
2026-08-14T15:35:00+00:00,776.15,0.0038542623226458517,0.0003564728360765
2026-08-14T15:40:00+00:00,776.04,0.0037119908946285918,0.0003584186327731
2026-08-14T15:45:00+00:00,775.88,0.0035050506356946176,0.0003603644294696
2026-08-14T15:50:00+00:00,776.11,0.0038025272579123026,0.0003623102261665
2026-08-14T15:55:00+00:00,776.22,0.0039447986859293405,0.0003642560228629
2026-08-14T16:00:00+00:00,776.44,0.004229341541963638,0.0003662018195595
2026-08-14T16:05:00+00:00,776.22,0.0039447986859293405,0.0003681476162562
2026-08-14T16:10:00+00:00,776.54,0.004358679203797289,0.0003700934129526
2026-08-14T16:15:00+00:00,776.59,0.004423348034714225,0.0003720392096495
2026-08-14T16:20:00+00:00,776.67,0.004526818164181323,0.000373985006346
2026-08-14T16:25:00+00:00,776.685,0.004546218813456182,0.0003759308030426
2026-08-14T16:30:00+00:00,776.385,0.004158205827955008,0.0003778765997393
2026-08-14T16:35:00+00:00,776.505,0.004313411022155655,0.0003798223964357
2026-08-14T16:40:00+00:00,776.15,0.0038542623226458517,0.0003817681931326
2026-08-14T16:45:00+00:00,776.135,0.0038348616733707708,0.000383713989829
2026-08-14T16:50:00+00:00,775.915,0.003550318817336473,0.0003856597865257
2026-08-14T16:55:00+00:00,775.725,0.003304577259852337,0.0003876055832223
2026-08-14T17:00:00+00:00,775.79,0.0033886467400441322,0.0003895513799188
2026-08-14T17:05:00+00:00,775.91,0.0035438519342447794,0.0003914971766156
2026-08-14T17:10:00+00:00,776.03,0.0036990571284452045,0.0003934429733121
2026-08-14T17:15:00+00:00,775.97,0.003621454531345103,0.0003953887700087
2026-08-14T17:20:00+00:00,775.815,0.0034209811555028224,0.0003973345667054
2026-08-14T17:25:00+00:00,775.76,0.0033498454414941925,0.000399280363402
2026-08-14T17:30:00+00:00,775.81,0.0034145142724109068,0.0004012261600985
2026-08-14T17:35:00+00:00,775.57,0.0031041038840100565,0.0004031719567951
2026-08-14T17:40:00+00:00,775.61,0.0031558389487436056,0.0004051177534918
2026-08-14T17:45:00+00:00,775.58,0.003117037650193444,0.0004070635501884
2026-08-14T17:50:00+00:00,775.76,0.0033498454414941925,0.0004090093468851
2026-08-14T17:55:00+00:00,775.86,0.003479183103327843,0.0004109551435815
2026-08-14T18:00:00+00:00,776.04,0.0037119908946285918,0.0004129009402782
2026-08-14T18:05:00+00:00,776.155,0.0038607292057375453,0.0004148467369748
2026-08-14T18:10:00+00:00,776.19,0.0039059973873794007,0.0004167925336715
2026-08-14T18:15:00+00:00,776.21,0.003931864919746175,0.0004187383303682
2026-08-14T18:20:00+00:00,776.19,0.0039059973873794007,0.0004206841270646
2026-08-14T18:25:00+00:00,775.995,0.003653788946803571,0.0004226299237615
2026-08-14T18:30:00+00:00,775.87,0.0034921168695112303,0.0004245757204579
2026-08-14T18:35:00+00:00,776.01,0.00367318959607843,0.0004265215171543
2026-08-14T18:40:00+00:00,776.22,0.0039447986859293405,0.0004284673138512
2026-08-14T18:45:00+00:00,776.22,0.0039447986859293405,0.0004304131105477
2026-08-14T18:50:00+00:00,776.35,0.004112937646313375,0.0004323589072445
2026-08-14T18:55:00+00:00,776.16,0.003867196088829017,0.000434304703941
2026-08-14T19:00:00+00:00,775.975,0.0036279214144367966,0.0004362505006374
2026-08-14T19:05:00+00:00,776.16,0.003867196088829017,0.0004381962973343
2026-08-14T19:10:00+00:00,776.07,0.0037507921931787536,0.0004401420940307
2026-08-14T19:15:00+00:00,776.01,0.00367318959607843,0.0004420878907276
2026-08-14T19:20:00+00:00,776.11,0.0038025272579123026,0.000444033687424
2026-08-14T19:25:00+00:00,776.17,0.003880129855012404,0.0004459794841207
2026-08-14T19:30:00+00:00,776.26,0.0039965337506628895,0.0004479252808173
2026-08-14T19:35:00+00:00,776.18,0.0038930636211957914,0.0004498710775138
2026-08-14T19:40:00+00:00,776.16,0.003867196088829017,0.0004518168742104
2026-08-14T19:45:00+00:00,776.195,0.003912464270471094,0.0004537626709071
2026-08-14T19:50:00+00:00,776.205,0.003925398036654482,0.0004557084676037
2026-08-14T19:55:00+00:00,776.3,0.004048268815396439,0.0004576542643004
2026-08-14T20:00:00+00:00,776.03,0.0036990571284452045,0.0004596000609968
2026-08-17T13:30:00+00:00,775.48,0.0029876999883597932,0.0004615458576935
2026-08-17T13:35:00+00:00,775.34,0.0028066272617923715,0.0004634917021306
2026-08-17T13:40:00+00:00,775.59,0.003129971416376831,0.000465437546568
2026-08-17T13:45:00+00:00,775.975,0.0036279214144367966,0.0004673833910051
2026-08-17T13:50:00+00:00,775.81,0.0034145142724109068,0.0004693292354422
2026-08-17T13:55:00+00:00,775.19,0.0026126207690417846,0.0004712750798794
2026-08-17T14:00:00+00:00,775.425,0.0029165642743509412,0.0004732209243165
2026-08-17T14:05:00+00:00,775.435,0.0029294980405343285,0.0004751667687539
2026-08-17T14:10:00+00:00,775.63,0.00318170648111038,0.000477112613191
2026-08-17T14:15:00+00:00,775.405,0.0028906967419843888,0.0004790584576284
2026-08-17T14:20:00+00:00,775.235,0.0026708227168670273,0.0004810043020655
2026-08-17T14:25:00+00:00,775.46,0.0029618324559930187,0.0004829501465024
2026-08-17T14:30:00+00:00,775.565,0.003097637000918363,0.0004848959909398
2026-08-17T14:35:00+00:00,775.08,0.002470349341024747,0.0004868418353769
2026-08-17T14:40:00+00:00,775.155,0.0025673525873999292,0.0004887876798143
2026-08-17T14:45:00+00:00,775.305,0.002761359080150516,0.0004907335242514
2026-08-17T14:50:00+00:00,774.92,0.0022634090820905506,0.0004926793686885
2026-08-17T14:55:00+00:00,775.27,0.0027160908985086607,0.0004946252131259
2026-08-17T15:00:00+00:00,775.515,0.0030329681700014266,0.0004965710575628
2026-08-17T15:05:00+00:00,775.37,0.0028454285603425333,0.0004985169020002
2026-08-17T15:10:00+00:00,775.32,0.002780759729425819,0.0005004627464373
2026-08-17T15:15:00+00:00,775.74,0.003323977909127418,0.0005024085908744
2026-08-17T15:20:00+00:00,775.715,0.00329164349366895,0.0005043544353118
2026-08-17T15:25:00+00:00,775.765,0.003356312324585886,0.0005063002797489
2026-08-17T15:30:00+00:00,775.23,0.0026643558337753337,0.000508246124186
2026-08-17T15:35:00+00:00,775.02,0.002392746743924423,0.0005101919686232
2026-08-17T15:40:00+00:00,775.095,0.0024897499902998277,0.0005121378130603
2026-08-17T15:45:00+00:00,775.11,0.0025091506395749086,0.0005140836574977
2026-08-17T15:50:00+00:00,775.37,0.0028454285603425333,0.0005160295019348
2026-08-17T15:55:00+00:00,775.32,0.002780759729425819,0.0005179753463722
2026-08-17T16:00:00+00:00,775.22,0.0026514220675919464,0.0005199211908093
2026-08-17T16:05:00+00:00,775.12,0.002522084405758074,0.0005218670352464
2026-08-17T16:10:00+00:00,775.395,0.0028777629758010015,0.0005238128796836
2026-08-17T16:15:00+00:00,775.5,0.0030135675207263457,0.0005257587241207
2026-08-17T16:20:00+00:00,775.37,0.0028454285603425333,0.0005277045685581
2026-08-17T16:25:00+00:00,775.3,0.0027548921970588225,0.0005296504129952
2026-08-17T16:30:00+00:00,775.11,0.0025091506395749086,0.0005315962574325
2026-08-17T16:35:00+00:00,775.28,0.002729024664692048,0.0005335421018697
2026-08-17T16:40:00+00:00,774.94,0.002289276614457547,0.0005354879463066
2026-08-17T16:45:00+00:00,775.03,0.0024056805101078105,0.000537433790744
2026-08-17T16:50:00+00:00,774.87,0.0021987402511738363,0.0005393796351811
2026-08-17T16:55:00+00:00,774.67,0.001940064927506313,0.0005413254796184
2026-08-17T17:00:00+00:00,774.67,0.001940064927506313,0.0005432713240556
2026-08-17T17:05:00+00:00,774.58,0.0018236610318560498,0.0005452171684927
2026-08-17T17:10:00+00:00,774.3,0.0014615155787214285,0.0005471630129301
2026-08-17T17:15:00+00:00,774.24,0.0013839129816211049,0.000549108857367
2026-08-17T17:20:00+00:00,773.75,0.0007501584386357951,0.0005510547018043
2026-08-17T17:25:00+00:00,773.58,0.0005302844135184337,0.0005530005462415
2026-08-17T17:30:00+00:00,773.43,0.0003362779207678468,0.0005549463906786
2026-08-17T17:35:00+00:00,773.16,-1.2933766183387263e-05,0.000556892235116
2026-08-17T17:40:00+00:00,773.78,0.0007889597371859569,0.0005588380795531
2026-08-17T17:45:00+00:00,773.5,0.0004268142840513356,0.0005607839239905
2026-08-17T17:50:00+00:00,773.51,0.00043974805023472285,0.0005627297684274
2026-08-17T17:55:00+00:00,773.41,0.00031041038840107227,0.0005646756128645
2026-08-17T18:00:00+00:00,773.41,0.00031041038840107227,0.0005666214573019
2026-08-17T18:05:00+00:00,773.37,0.0002586753236675232,0.000568567301739
2026-08-17T18:10:00+00:00,773.68,0.0006596220753520843,0.0005705131461763
2026-08-17T18:15:00+00:00,773.57,0.0005173506473350464,0.0005724589906135
2026-08-17T18:20:00+00:00,773.72,0.0007113571400856333,0.0005744048350504
2026-08-17T18:25:00+00:00,773.6,0.0005561519458852082,0.0005763506794878
2026-08-17T18:30:00+00:00,773.3,0.00016813896038381237,0.0005782965239249
2026-08-17T18:35:00+00:00,773.47,0.00038801298550139585,0.0005802423683622
2026-08-17T18:40:00+00:00,773.595,0.0005496850627935146,0.0005821882127994
2026-08-17T18:45:00+00:00,773.71,0.0006984233739022461,0.0005841340572365
2026-08-17T18:50:00+00:00,773.59,0.000543218179701821,0.0005860799016739
2026-08-17T18:55:00+00:00,773.535,0.000472082465693191,0.0005880257461108
2026-08-17T19:00:00+00:00,773.34,0.00021987402511736143,0.0005899715905481
2026-08-17T19:05:00+00:00,773.325,0.00020047337584250258,0.0005919174349853
2026-08-17T19:10:00+00:00,773.21,5.173506473354905e-05,0.0005938632794224
2026-08-17T19:15:00+00:00,773.405,0.00030394350530937864,0.0005958091238598
2026-08-17T19:20:00+00:00,773.29,0.0001552051942004251,0.0005977549682969
2026-08-17T19:25:00+00:00,773.13,-5.173506473343803e-05,0.0005997008127343
2026-08-17T19:30:00+00:00,772.97,-0.0002586753236674122,0.0006016466571712
2026-08-17T19:35:00+00:00,773.02,-0.0001940064927505869,0.0006035925016083
2026-08-17T19:40:00+00:00,772.995,-0.00022634090820905506,0.0006055383460457
2026-08-17T19:45:00+00:00,773.33,0.0002069402589341962,0.0006074841904828
2026-08-17T19:50:00+00:00,772.755,-0.0005367512966100163,0.0006094300349201
2026-08-17T19:55:00+00:00,772.62,-0.0007113571400855223,0.0006113758793573
2026-08-17T20:00:00+00:00,772.75,-0.0005432181797017099,0.0006133217237944
2026-08-18T13:30:00+00:00,768.57,-0.005949532444352368,0.0
2026-08-18T13:35:00+00:00,769.1,-0.005264042836633509,1.9439421337086316e-06
2026-08-18T13:40:00+00:00,768.75,-0.005716724653051619,3.887884267639308e-06
2026-08-18T13:45:00+00:00,768.5,-0.006040068807636079,5.831826401347939e-06
2026-08-18T13:50:00+00:00,768.51,-0.006027135041452691,7.775768535278615e-06
2026-08-18T13:55:00+00:00,768.48,-0.006065936340002742,9.719710668987247e-06
2026-08-18T14:00:00+00:00,768.91,-0.005509784394117756,1.1663652802917923e-05
2026-08-18T14:05:00+00:00,768.61,-0.00589779737961893,1.3607594936626555e-05
2026-08-18T14:10:00+00:00,768.14,-0.006505684390237576,1.555153707055723e-05
2026-08-18T14:15:00+00:00,768.64,-0.005858996081068768,1.7495479204265862e-05
2026-08-18T14:20:00+00:00,768.8,-0.005652055822134905,1.943942133819654e-05
2026-08-18T14:25:00+00:00,768.58,-0.005936598678168981,2.138336347190517e-05
2026-08-18T14:30:00+00:00,768.92,-0.005496850627934369,2.3327305605835846e-05
2026-08-18T14:35:00+00:00,769.085,-0.00528344348590859,2.5271247739544478e-05
2026-08-18T14:40:00+00:00,768.4,-0.00616940646946984,2.7215189873475154e-05
2026-08-18T14:45:00+00:00,768.47,-0.0060788701061861294,2.9159132007183786e-05
2026-08-18T14:50:00+00:00,767.97,-0.0067255584153548265,3.110307414111446e-05
2026-08-18T14:55:00+00:00,767.88,-0.006841962311005312,3.304701627482309e-05
2026-08-18T15:00:00+00:00,768.235,-0.006382813611495508,3.499095840875377e-05
2026-08-18T15:05:00+00:00,767.83,-0.006906631141922137,3.69349005424624e-05
2026-08-18T15:10:00+00:00,767.73,-0.007035968803755899,3.887884267639308e-05
2026-08-18T15:15:00+00:00,767.48,-0.007359312958340247,4.082278481010171e-05
2026-08-18T15:20:00+00:00,767.63,-0.00716530646558966,4.2766726944032385e-05
2026-08-18T15:25:00+00:00,767.85,-0.006880763609555363,4.4710669077741017e-05
2026-08-18T15:30:00+00:00,767.88,-0.006841962311005312,4.665461121167169e-05
2026-08-18T15:35:00+00:00,767.835,-0.0069001642588304435,4.8598553345380324e-05
2026-08-18T15:40:00+00:00,768.07,-0.006596220753521065,5.0542495479311e-05
2026-08-18T15:45:00+00:00,768.4,-0.00616940646946984,5.248643761301963e-05
2026-08-18T15:50:00+00:00,768.55,-0.005975399976719253,5.4430379746728264e-05
2026-08-18T15:55:00+00:00,768.37,-0.006208207768019891,5.637432188065894e-05
2026-08-18T16:00:00+00:00,768.59,-0.005923664911985593,5.831826401436757e-05
2026-08-18T16:05:00+00:00,768.44,-0.00611767140473618,6.026220614829825e-05
2026-08-18T16:10:00+00:00,768.56,-0.005962466210535866,6.220614828200688e-05
2026-08-18T16:15:00+00:00,768.27,-0.006337545429853653,6.415009041593756e-05
2026-08-18T16:20:00+00:00,768.62,-0.0058848636134355425,6.609403254964619e-05
2026-08-18T16:25:00+00:00,768.23,-0.006389280494587091,6.803797468357686e-05
2026-08-18T16:30:00+00:00,768.31,-0.006285810365120215,6.99819168172855e-05
2026-08-18T16:35:00+00:00,768.52,-0.006014201275269304,7.192585895121617e-05
2026-08-18T16:40:00+00:00,768.36,-0.006221141534203278,7.38698010849248e-05
2026-08-18T16:45:00+00:00,768.76,-0.005703790886868343,7.581374321885548e-05
2026-08-18T16:50:00+00:00,768.825,-0.005619721406676326,7.775768535256411e-05
2026-08-18T16:55:00+00:00,768.63,-0.005871929847252155,7.970162748649479e-05
2026-08-18T17:00:00+00:00,768.645,-0.005852529197977074,8.164556962020342e-05
2026-08-18T17:05:00+00:00,768.71,-0.005768459717785168,8.35895117541341e-05
2026-08-18T17:10:00+00:00,768.64,-0.005858996081068768,8.553345388784273e-05
2026-08-18T17:15:00+00:00,768.39,-0.0061823402356532275,8.74773960217734e-05
2026-08-18T17:20:00+00:00,768.24,-0.0063763467284038144,8.942133815548203e-05
2026-08-18T17:25:00+00:00,768.29,-0.006311677897486989,9.136528028941271e-05
2026-08-18T17:30:00+00:00,768.24,-0.0063763467284038144,9.330922242312134e-05
2026-08-18T17:35:00+00:00,768.215,-0.006408681143862172,9.525316455705202e-05
2026-08-18T17:40:00+00:00,768.12,-0.0065315519226042396,9.719710669076065e-05
2026-08-18T17:45:00+00:00,768.0,-0.006686757116804776,9.914104882469132e-05
2026-08-18T17:50:00+00:00,768.09,-0.006570353221154401,0.00010108499095839996
2026-08-18T17:55:00+00:00,767.63,-0.00716530646558966,0.00010302893309233063
2026-08-18T18:00:00+00:00,767.635,-0.007158839582497967,0.00010497287522603926
2026-08-18T18:05:00+00:00,767.46,-0.007385180490707022,0.0001069168173597479
2026-08-18T18:10:00+00:00,768.01,-0.006673823350621388,0.00010886075949367857
2026-08-18T18:15:00+00:00,768.31,-0.006285810365120215,0.0001108047016273872
2026-08-18T18:20:00+00:00,768.265,-0.006344012312945346,0.00011274864376131788
2026-08-18T18:25:00+00:00,768.32,-0.006272876598936716,0.00011469258589502651
2026-08-18T18:30:00+00:00,768.23,-0.006389280494587091,0.00011663652802895719
2026-08-18T18:35:00+00:00,768.32,-0.006272876598936716,0.00011858047016266582
2026-08-18T18:40:00+00:00,768.13,-0.006518618156420963,0.0001205244122965965
2026-08-18T18:45:00+00:00,768.07,-0.006596220753521065,0.00012246835443030513
2026-08-18T18:50:00+00:00,767.8,-0.006945432440472299,0.0001244122965642358
2026-08-18T18:55:00+00:00,767.75,-0.007010101271389124,0.00012635623869794443
2026-08-18T19:00:00+00:00,767.795,-0.0069518993235639925,0.0001283001808318751
2026-08-18T19:05:00+00:00,767.82,-0.006919564908105524,0.00013024412296558374
2026-08-18T19:10:00+00:00,767.62,-0.007178240231773048,0.00013218806509951442
2026-08-18T19:15:00+00:00,767.84,-0.00689369737573875,0.00013413200723322305
2026-08-18T19:20:00+00:00,768.15,-0.006492750624054189,0.00013607594936715373
2026-08-18T19:25:00+00:00,768.06,-0.006609154519704563,0.00013801989150086236
2026-08-18T19:30:00+00:00,767.905,-0.006809627895546844,0.00013996383363479303
2026-08-18T19:35:00+00:00,767.96,-0.006738492181538214,0.00014190777576850166
2026-08-18T19:40:00+00:00,767.9,-0.006816094778638537,0.00014385171790243234
2026-08-18T19:45:00+00:00,767.93,-0.0067772934800884865,0.00014579566003614097
2026-08-18T19:50:00+00:00,767.415,-0.0074433824385322644,0.00014773960217007165
2026-08-18T19:55:00+00:00,767.365,-0.00750805126944909,0.00014968354430378028
2026-08-18T20:00:00+00:00,767.35,-0.007527451918724171,0.00015162748643771096
2026-08-19T13:30:00+00:00,770.045,-0.004041801932304634,0.0001535714285714196
2026-08-19T13:35:00+00:00,769.54,-0.004694957124565136,0.00015551495154242367
2026-08-19T13:40:00+00:00,770.15,-0.0039059973873791787,0.00015745847451320572
2026-08-19T13:45:00+00:00,768.55,-0.005975399976719253,0.00015940199748443185
2026-08-19T13:50:00+00:00,769.72,-0.004462149333264276,0.00016134552045543593
2026-08-19T13:55:00+00:00,770.045,-0.004041801932304634,0.00016328904342621797
2026-08-19T14:00:00+00:00,769.73,-0.004449215567080889,0.00016523256639722206
2026-08-19T14:05:00+00:00,769.775,-0.004391013619255757,0.00016717608936822614
2026-08-19T14:10:00+00:00,768.76,-0.005703790886868343,0.00016911961233900819
2026-08-19T14:15:00+00:00,769.795,-0.0043651460868890934,0.00017106313531023432
2026-08-19T14:20:00+00:00,769.72,-0.004462149333264276,0.0001730066582812384
2026-08-19T14:25:00+00:00,769.965,-0.004145272061771621,0.00017495018125202044
2026-08-19T14:30:00+00:00,770.08,-0.0039965337506627785,0.00017689370422302453
2026-08-19T14:35:00+00:00,771.14,-0.002625554535225061,0.00017883722719402861
2026-08-19T14:40:00+00:00,771.08,-0.0027031571323252734,0.0001807807501650327
2026-08-19T14:45:00+00:00,770.73,-0.0031558389487433836,0.00018272427313603679
2026-08-19T14:50:00+00:00,771.36,-0.002341011679190763,0.00018466779610704087
2026-08-19T14:55:00+00:00,772.19,-0.0012675090859706195,0.00018661131907804496
2026-08-19T15:00:00+00:00,772.16,-0.0013063103845208923,0.000188554842048827
2026-08-19T15:05:00+00:00,771.53,-0.0021211376540735127,0.00019049836501983108
2026-08-19T15:10:00+00:00,771.78,-0.0017977934994890532,0.00019244188799105721
2026-08-19T15:15:00+00:00,771.505,-0.00215347206953187,0.00019438541096183926
2026-08-19T15:20:00+00:00,771.2,-0.0025479519381247373,0.00019632893393284334
2026-08-19T15:25:00+00:00,771.065,-0.0027225577816003543,0.00019827245690384743
2026-08-19T15:30:00+00:00,770.79,-0.003078236351643282,0.00020021597987462947
2026-08-19T15:35:00+00:00,770.56,-0.003375712973860856,0.00020215950284563355
2026-08-19T15:40:00+00:00,770.5,-0.0034533155709610686,0.00020410302581685968
2026-08-19T15:45:00+00:00,770.46,-0.0035050506356945066,0.00020604654878764173
2026-08-19T15:50:00+00:00,770.11,-0.003957732452112617,0.0002079900717586458
2026-08-19T15:55:00+00:00,770.62,-0.0032981103767605324,0.0002099335947296499
2026-08-19T16:00:00+00:00,771.29,-0.002431548042474474,0.00021187711770043194
2026-08-19T16:05:00+00:00,771.48,-0.002185806484990338,0.00021382064067165807
2026-08-19T16:10:00+00:00,771.6,-0.002030601290789802,0.00021576416364266215
2026-08-19T16:15:00+00:00,771.85,-0.0017072571362054534,0.0002177076866134442
2026-08-19T16:20:00+00:00,771.36,-0.002341011679190763,0.00021965120958444828
2026-08-19T16:25:00+00:00,770.745,-0.0031364382994684137,0.00022159473255545237
2026-08-19T16:30:00+00:00,770.73,-0.0031558389487433836,0.0002235382555262344
2026-08-19T16:35:00+00:00,770.51,-0.0034403818047776813,0.00022548177849746054
2026-08-19T16:40:00+00:00,770.395,-0.003589120115886524,0.00022742530146846462
2026-08-19T16:45:00+00:00,770.22,-0.003815461024095468,0.0002293688244394687
2026-08-19T16:50:00+00:00,769.88,-0.004255209074330302,0.00023131234741025075
2026-08-19T16:55:00+00:00,769.73,-0.004449215567080889,0.00023325587038125484
2026-08-19T17:00:00+00:00,769.9,-0.004229341541963527,0.00023519939335225892
2026-08-19T17:05:00+00:00,769.5,-0.004746692189298574,0.000237142916323263
2026-08-19T17:10:00+00:00,769.835,-0.004313411022155433,0.0002390864392942671
2026-08-19T17:15:00+00:00,769.54,-0.004694957124565136,0.00024102996226527118
2026-08-19T17:20:00+00:00,769.265,-0.005050635694607841,0.00024297348523605322
2026-08-19T17:25:00+00:00,769.54,-0.004694957124565136,0.0002449170082070573
2026-08-19T17:30:00+00:00,769.22,-0.005108837642432973,0.00024686053117828344
2026-08-19T17:35:00+00:00,769.245,-0.005076503226974616,0.0002488040541490655
2026-08-19T17:40:00+00:00,769.58,-0.0046432220598314755,0.00025074757712006956
2026-08-19T17:45:00+00:00,769.55,-0.004682023358381748,0.00025269110009107365
2026-08-19T17:50:00+00:00,769.6,-0.004617354527464812,0.0002546346230618557
2026-08-19T17:55:00+00:00,769.41,-0.004863096084948948,0.0002565781460328598
2026-08-19T18:00:00+00:00,770.12,-0.0039447986859293405,0.0002585216690040859
2026-08-19T18:05:00+00:00,768.985,-0.0054127811477423515,0.00026046519197486795
2026-08-19T18:10:00+00:00,769.44,-0.004824294786398675,0.00026240871494587203
2026-08-19T18:15:00+00:00,769.34,-0.004953632448232548,0.0002643522379168761
2026-08-19T18:20:00+00:00,769.29,-0.005018301279149484,0.00026629576088765816
2026-08-19T18:25:00+00:00,769.58,-0.0046432220598314755,0.0002682392838588843
2026-08-19T18:30:00+00:00,769.97,-0.004138805178679927,0.0002701828068298884
2026-08-19T18:35:00+00:00,769.82,-0.004332811671430514,0.0002721263298006704
2026-08-19T18:40:00+00:00,769.8,-0.0043586792037974,0.0002740698527716745
2026-08-19T18:45:00+00:00,769.775,-0.004391013619255757,0.0002760133757426786
2026-08-19T18:50:00+00:00,769.68,-0.004513884397997825,0.0002779568987136827
2026-08-19T18:55:00+00:00,769.52,-0.004720824656931799,0.00027990042168468676
2026-08-19T19:00:00+00:00,769.62,-0.0045914869950980375,0.00028184394465569085
2026-08-19T19:05:00+00:00,769.96,-0.004151738944863204,0.00028378746762669493
2026-08-19T19:10:00+00:00,769.685,-0.004507417514906131,0.000285730990597477
2026-08-19T19:15:00+00:00,770.01,-0.004087070113946489,0.00028767451356848106
2026-08-19T19:20:00+00:00,769.94,-0.004177606477229978,0.00028961803653948515
2026-08-19T19:25:00+00:00,769.625,-0.004585020112006344,0.00029156155951048923
2026-08-19T19:30:00+00:00,770.175,-0.0038736629719208215,0.0002935050824814933
2026-08-19T19:35:00+00:00,769.22,-0.005108837642432973,0.0002954486054524974
2026-08-19T19:40:00+00:00,769.005,-0.005386913615375577,0.00029739212842327944
2026-08-19T19:45:00+00:00,768.74,-0.005729658419235006,0.00029933565139428353
2026-08-19T19:50:00+00:00,768.74,-0.005729658419235006,0.00030127917436550966
2026-08-19T19:55:00+00:00,769.09,-0.005276976602816896,0.0003032226973362917
2026-08-19T20:00:00+00:00,769.13,-0.005225241538083458,0.0003051662203072958
2026-08-20T13:30:00+00:00,767.05,-0.007915464904225455,0.0003071097432782999
2026-08-20T13:35:00+00:00,767.285,-0.007611521398916188,0.0003090536543346456
2026-08-20T13:40:00+00:00,767.41,-0.007449849321623958,0.0003109975653907693
2026-08-20T13:45:00+00:00,767.13,-0.007811994774758468,0.000312941476447115
2026-08-20T13:50:00+00:00,766.96,-0.008031868799875719,0.0003148853875032387
2026-08-20T13:55:00+00:00,766.57,-0.008536285681027378,0.0003168292985595844
2026-08-20T14:00:00+00:00,766.005,-0.009267043470388092,0.00031877320961593014
2026-08-20T14:05:00+00:00,766.645,-0.008439282434652084,0.0003207171206720538
2026-08-20T14:10:00+00:00,765.99,-0.009286444119663173,0.00032266103172839955
2026-08-20T14:15:00+00:00,765.455,-0.009978400610473614,0.0003246049427847453
2026-08-20T14:20:00+00:00,766.75,-0.00830347788972663,0.00032654885384086896
2026-08-20T14:25:00+00:00,766.22,-0.008988967497445488,0.0003284927648972147
2026-08-20T14:30:00+00:00,766.105,-0.00913770580855433,0.00033043667595333837
2026-08-20T14:35:00+00:00,766.96,-0.008031868799875719,0.0003323805870096841
2026-08-20T14:40:00+00:00,767.15,-0.007786127242391694,0.0003343244980660298
2026-08-20T14:45:00+00:00,766.73,-0.008329345422093404,0.0003362684091221535
2026-08-20T14:50:00+00:00,766.74,-0.008316411655910017,0.0003382123201784992
2026-08-20T14:55:00+00:00,767.2,-0.0077214584114747575,0.000340156231235067
2026-08-20T15:00:00+00:00,767.895,-0.006822561661730231,0.0003421001422911907
2026-08-20T15:05:00+00:00,766.57,-0.008536285681027378,0.0003440440533475364
2026-08-20T15:10:00+00:00,766.705,-0.008361679837551761,0.0003459879644036601
2026-08-20T15:15:00+00:00,766.845,-0.008180607110984561,0.0003479318754600058
2026-08-20T15:20:00+00:00,766.32,-0.008859629835611726,0.00034987578651635154
2026-08-20T15:25:00+00:00,766.69,-0.008381080486826842,0.0003518196975724752
2026-08-20T15:30:00+00:00,766.045,-0.009215308405654654,0.00035376360862882095
2026-08-20T15:35:00+00:00,765.61,-0.009777927234631334,0.0003557075196851667
2026-08-20T15:40:00+00:00,765.38,-0.010075403856849019,0.00035765143074129035
2026-08-20T15:45:00+00:00,765.53,-0.009881397364098432,0.0003595953417976361
2026-08-20T15:50:00+00:00,765.835,-0.009486917495505454,0.00036153925285375976
2026-08-20T15:55:00+00:00,765.81,-0.009519251910963922,0.0003634831639101055
2026-08-20T16:00:00+00:00,765.54,-0.009868463597915045,0.0003654270749664512
2026-08-20T16:05:00+00:00,765.9,-0.009402848015313547,0.0003673709860225749
2026-08-20T16:10:00+00:00,765.51,-0.009907264896465207,0.0003693148970789206
2026-08-20T16:15:00+00:00,765.615,-0.009771460351539751,0.00037125880813526635
2026-08-20T16:20:00+00:00,766.045,-0.009215308405654654,0.00037320271919139003
2026-08-20T16:25:00+00:00,765.745,-0.009603321391155828,0.00037514663024773576
2026-08-20T16:30:00+00:00,766.1,-0.009144172691646024,0.00037709054130385944
2026-08-20T16:35:00+00:00,766.29,-0.008898431134162,0.00037903445236020517
2026-08-20T16:40:00+00:00,766.625,-0.008465149967018859,0.0003809783634165509
2026-08-20T16:45:00+00:00,766.36,-0.008807894770878288,0.0003829222744726746
2026-08-20T16:50:00+00:00,766.16,-0.009066570094545812,0.0003848661855290203
2026-08-20T16:55:00+00:00,766.4,-0.00875615970614485,0.000386810096585366
2026-08-20T17:00:00+00:00,766.02,-0.009247642821113011,0.0003887540076414897
2026-08-20T17:05:00+00:00,765.68,-0.009687390871347845,0.00039069791869783543
2026-08-20T17:10:00+00:00,765.51,-0.009907264896465207,0.0003926418297539591
2026-08-20T17:15:00+00:00,764.865,-0.010741492815292797,0.00039458574081030484
2026-08-20T17:20:00+00:00,765.08,-0.010463416842350193,0.00039652965186665057
2026-08-20T17:25:00+00:00,764.74,-0.010903164892585027,0.00039847356292277425
2026-08-20T17:30:00+00:00,764.61,-0.011071303852968839,0.00040041747397912
2026-08-20T17:35:00+00:00,764.51,-0.0112006415148026,0.00040236138503524366
2026-08-20T17:40:00+00:00,764.44,-0.0112911778780862,0.00040430529609181143
2026-08-20T17:45:00+00:00,764.72,-0.01092903242495169,0.00040624920714815715
2026-08-20T17:50:00+00:00,764.755,-0.010883764243309946,0.00040819311820428084
2026-08-20T17:55:00+00:00,764.54,-0.01116184021625255,0.00041013702926062656
2026-08-20T18:00:00+00:00,764.105,-0.01172445904522934,0.0004120809403169723
2026-08-20T18:05:00+00:00,763.73,-0.012209475277105919,0.00041402485137309597
2026-08-20T18:10:00+00:00,763.585,-0.012397014886764812,0.0004159687624294417
2026-08-20T18:15:00+00:00,763.67,-0.012287077874206243,0.0004179126734855654
2026-08-20T18:20:00+00:00,763.62,-0.012351746705122957,0.0004198565845419111
2026-08-20T18:25:00+00:00,763.53,-0.012468150600773442,0.00042180049559825683
2026-08-20T18:30:00+00:00,763.32,-0.012739759690624242,0.0004237444066543805
2026-08-20T18:35:00+00:00,763.51,-0.012494018133140106,0.00042568831771072624
2026-08-20T18:40:00+00:00,763.58,-0.012403481769856506,0.00042763222876707196
2026-08-20T18:45:00+00:00,763.73,-0.012209475277105919,0.00042957613982319565
2026-08-20T18:50:00+00:00,763.6,-0.012377614237489731,0.00043152005087954137
2026-08-20T18:55:00+00:00,763.26,-0.012817362287724565,0.00043346396193566505
2026-08-20T19:00:00+00:00,763.42,-0.012610422028790591,0.0004354078729920108
2026-08-20T19:05:00+00:00,763.6,-0.012377614237489731,0.0004373517840483565
2026-08-20T19:10:00+00:00,763.55,-0.012442283068406668,0.0004392956951044802
2026-08-20T19:15:00+00:00,763.32,-0.012739759690624242,0.0004412396061608259
2026-08-20T19:20:00+00:00,763.67,-0.012287077874206243,0.00044318351721717164
2026-08-20T19:25:00+00:00,763.49,-0.01251988566550688,0.0004451274282732953
2026-08-20T19:30:00+00:00,763.19,-0.012907898651008054,0.00044707133932964105
2026-08-20T19:35:00+00:00,763.49,-0.01251988566550688,0.00044901525038576473
2026-08-20T19:40:00+00:00,763.04,-0.013101905143758752,0.00045095916144211046
2026-08-20T19:45:00+00:00,763.37,-0.012675090859707416,0.0004529030724984562
2026-08-20T19:50:00+00:00,762.9,-0.013282977870326063,0.00045484698355457986
2026-08-20T19:55:00+00:00,762.62,-0.013645123323460462,0.0004567908946109256
2026-08-20T20:00:00+00:00,762.72,-0.0135157856616267,0.0004587348056672713
2026-08-21T13:30:00+00:00,764.89,-0.01070915839983444,0.000460678716723395
2026-08-21T13:35:00+00:00,765.08,-0.010463416842350193,0.0004626235543898627
2026-08-21T13:40:00+00:00,765.15,-0.010372880479066704,0.0004645683920565524
2026-08-21T13:45:00+00:00,764.965,-0.010612155153459035,0.0004665132297230201
2026-08-21T13:50:00+00:00,764.38,-0.011368780475186524,0.00046845806738970985
2026-08-21T13:55:00+00:00,764.57,-0.011123038917702277,0.00047040290505617754
2026-08-21T14:00:00+00:00,764.905,-0.010689757750559359,0.0004723477427228673
2026-08-21T14:05:00+00:00,765.24,-0.010256476583416219,0.00047429258038933497
2026-08-21T14:10:00+00:00,764.72,-0.01092903242495169,0.0004762374180560247
2026-08-21T14:15:00+00:00,764.59,-0.011097171385335614,0.0004781822557224924
2026-08-21T14:20:00+00:00,764.755,-0.010883764243309946,0.00048012709338918214
2026-08-21T14:25:00+00:00,764.64,-0.011032502554418788,0.00048207193105564983
2026-08-21T14:30:00+00:00,764.48,-0.011239442813352762,0.00048401676872233956
2026-08-21T14:35:00+00:00,764.335,-0.011426982423011656,0.00048596160638880725
2026-08-21T14:40:00+00:00,764.55,-0.011148906450069163,0.00048790644405571904
2026-08-21T14:45:00+00:00,765.04,-0.010515151907083853,0.0004898512817221867
2026-08-21T14:50:00+00:00,764.94,-0.010644489568917503,0.0004917961193888765
2026-08-21T14:55:00+00:00,765.815,-0.009512785027872117,0.0004937409570553442
2026-08-21T15:00:00+00:00,766.24,-0.008963099965078714,0.0004956857947220339
2026-08-21T15:05:00+00:00,765.825,-0.00949985126168873,0.0004976306323885016
2026-08-21T15:10:00+00:00,765.7,-0.00966152333898096,0.0004995754700551913
2026-08-21T15:15:00+00:00,765.595,-0.009797327883906415,0.000501520307721659
2026-08-21T15:20:00+00:00,765.505,-0.00991373177955679,0.0005034651453883487
2026-08-21T15:25:00+00:00,765.92,-0.009376980482946884,0.0005054099830548164
2026-08-21T15:30:00+00:00,766.47,-0.00866562334286114,0.0005073548207215062
2026-08-21T15:35:00+00:00,767.04,-0.007928398670408843,0.0005092996583879739
2026-08-21T15:40:00+00:00,767.3,-0.007592120749641107,0.0005112444960546636
2026-08-21T15:45:00+00:00,767.01,-0.007967199968958893,0.0005131893337211313
2026-08-21T15:50:00+00:00,767.68,-0.007100637634672835,0.000515134171387599
2026-08-21T15:55:00+00:00,767.2,-0.0077214584114747575,0.0005170790090542887
2026-08-21T16:00:00+00:00,766.74,-0.008316411655910017,0.0005190238467207564
2026-08-21T16:05:00+00:00,766.35,-0.008820828537061676,0.0005209686843874461
2026-08-21T16:10:00+00:00,766.335,-0.008840229186336646,0.0005229135220539138
2026-08-21T16:15:00+00:00,766.025,-0.009241175938021318,0.0005248583597206036
2026-08-21T16:20:00+00:00,766.17,-0.009053636328362424,0.0005268031973870713
2026-08-21T16:25:00+00:00,766.445,-0.008697957758319497,0.000528748035053761
2026-08-21T16:30:00+00:00,766.04,-0.009221775288746348,0.0005306928727202287
2026-08-21T16:35:00+00:00,766.55,-0.008562153213394263,0.0005326377103869184
2026-08-21T16:40:00+00:00,766.38,-0.008782027238511514,0.0005345825480533861
2026-08-21T16:45:00+00:00,766.18,-0.009040702562179148,0.0005365273857200759
2026-08-21T16:50:00+00:00,766.02,-0.009247642821113011,0.0005384722233867656
2026-08-21T16:55:00+00:00,766.3,-0.008885497367978612,0.0005404170610534553
2026-08-21T17:00:00+00:00,766.33,-0.00884669606942834,0.000542361898719923
2026-08-21T17:05:00+00:00,766.375,-0.008788494121603208,0.0005443067363866128
2026-08-21T17:10:00+00:00,766.15,-0.009079503860729199,0.0005462515740530804
2026-08-21T17:15:00+00:00,766.14,-0.009092437626912586,0.0005481964117197702
2026-08-21T17:20:00+00:00,765.845,-0.009473983729322066,0.0005501412493862379
2026-08-21T17:25:00+00:00,765.81,-0.009519251910963922,0.0005520860870529276
2026-08-21T17:30:00+00:00,765.545,-0.009861996714823351,0.0005540309247193953
2026-08-21T17:35:00+00:00,765.575,-0.00982319541627319,0.000555975762386085
2026-08-21T17:40:00+00:00,765.655,-0.009719725286806202,0.0005579206000525527
2026-08-21T17:45:00+00:00,765.695,-0.009667990222072653,0.0005598654377192425
2026-08-21T17:50:00+00:00,765.59,-0.009803794766998108,0.0005618102753857102
2026-08-21T17:55:00+00:00,765.505,-0.00991373177955679,0.0005637551130523999
2026-08-21T18:00:00+00:00,765.66,-0.00971325840371462,0.0005656999507188676
2026-08-21T18:05:00+00:00,765.33,-0.010140072687765844,0.0005676447883853353
2026-08-21T18:10:00+00:00,765.34,-0.010127138921582457,0.000569589626052025
2026-08-21T18:15:00+00:00,765.47,-0.009958999961198645,0.0005715344637184927
2026-08-21T18:20:00+00:00,765.495,-0.009926665545740176,0.0005734793013851824
2026-08-21T18:25:00+00:00,765.285,-0.010198274635591087,0.0005754241390516501
2026-08-21T18:30:00+00:00,765.175,-0.010340546063608236,0.0005773689767183399
2026-08-21T18:35:00+00:00,765.225,-0.0102758772326913,0.0005793138143848076
2026-08-21T18:40:00+00:00,765.41,-0.010036602558298968,0.0005812586520514973
2026-08-21T18:45:00+00:00,765.65,-0.009726192169897896,0.000583203489717965
2026-08-21T18:50:00+00:00,765.885,-0.009422248664588628,0.0005851483273846547
2026-08-21T18:55:00+00:00,766.22,-0.008988967497445488,0.0005870931650511224
2026-08-21T19:00:00+00:00,766.03,-0.009234709054929735,0.0005890380027180342
2026-08-21T19:05:00+00:00,766.11,-0.009131238925462637,0.0005909828403845019
2026-08-21T19:10:00+00:00,766.04,-0.009221775288746348,0.0005929276780511916
2026-08-21T19:15:00+00:00,765.97,-0.009312311652029837,0.0005948725157176593
2026-08-21T19:20:00+00:00,766.225,-0.008982500614353794,0.000596817353384349
2026-08-21T19:25:00+00:00,766.04,-0.009221775288746348,0.0005987621910508167
2026-08-21T19:30:00+00:00,766.085,-0.009163573340920994,0.0006007070287175065
2026-08-21T19:35:00+00:00,766.275,-0.00891783178343697,0.0006026518663839742
2026-08-21T19:40:00+00:00,766.46,-0.008678557109044527,0.0006045967040506639
2026-08-21T19:45:00+00:00,766.66,-0.008419881785377115,0.0006065415417171316
2026-08-21T19:50:00+00:00,765.89,-0.009415781781496935,0.0006084863793838213
2026-08-21T19:55:00+00:00,765.64,-0.009739125936081283,0.000610431217050289
2026-08-21T20:00:00+00:00,765.54,-0.009868463597915045,0.0006123760547169788
2026-08-24T13:30:00+00:00,763.5,-0.012506951899323493,0.0006143208923834464
2026-08-24T13:35:00+00:00,763.36,-0.012688024625890693,0.0006162660287214461
2026-08-24T13:40:00+00:00,762.19,-0.014201275269345559,0.0006182111650596678
2026-08-24T13:45:00+00:00,763.105,-0.013017835663566846,0.0006201563013976674
2026-08-24T13:50:00+00:00,763.485,-0.012526352548598574,0.0006221014377358891
2026-08-24T13:55:00+00:00,763.39,-0.012649223327340642,0.0006240465740736667
2026-08-24T14:00:00+00:00,762.97,-0.013192441507042352,0.0006259917104118884
2026-08-24T14:05:00+00:00,762.76,-0.013464050596893262,0.000627936846749888
2026-08-24T14:10:00+00:00,762.96,-0.013205375273225739,0.0006298819830881097
2026-08-24T14:15:00+00:00,762.85,-0.013347646701242888,0.0006318271194261094
2026-08-24T14:20:00+00:00,762.825,-0.013379981116701245,0.000633772255764331
2026-08-24T14:25:00+00:00,762.905,-0.013276510987234369,0.0006357173921023307
2026-08-24T14:30:00+00:00,763.62,-0.012351746705122957,0.0006376625284405524
2026-08-24T14:35:00+00:00,763.655,-0.012306478523481212,0.000639607664778552
2026-08-24T14:40:00+00:00,763.755,-0.01217714086164745,0.0006415528011165517
2026-08-24T14:45:00+00:00,763.83,-0.012080137615272046,0.0006434979374545513
2026-08-24T14:50:00+00:00,763.6,-0.012377614237489731,0.000645443073792773
2026-08-24T14:55:00+00:00,763.68,-0.012274144108022855,0.0006473882101307726
2026-08-24T15:00:00+00:00,763.04,-0.013101905143758752,0.0006493333464689943
2026-08-24T15:05:00+00:00,763.005,-0.013147173325400607,0.000651278482806994
2026-08-24T15:10:00+00:00,762.71,-0.013528719427810088,0.0006532236191452157
2026-08-24T15:15:00+00:00,762.675,-0.013573987609452054,0.0006551687554832153
2026-08-24T15:20:00+00:00,763.095,-0.013030769429750122,0.000657113891821437
2026-08-24T15:25:00+00:00,763.72,-0.012222409043289195,0.0006590590281592146
2026-08-24T15:30:00+00:00,763.8,-0.01211893891382232,0.0006610041644974363
2026-08-24T15:35:00+00:00,764.03,-0.011821462291604634,0.0006629493008354359
2026-08-24T15:40:00+00:00,764.25,-0.011536919435570336,0.0006648944371736576
2026-08-24T15:45:00+00:00,764.265,-0.011517518786295367,0.0006668395735116572
2026-08-24T15:50:00+00:00,764.32,-0.011446383072286737,0.0006687847098496569
2026-08-24T15:55:00+00:00,764.53,-0.011174773982435937,0.0006707298461878786
2026-08-24T16:00:00+00:00,764.96,-0.010618622036550729,0.0006726749825258782
2026-08-24T16:05:00+00:00,764.51,-0.0112006415148026,0.0006746201188640999
2026-08-24T16:10:00+00:00,764.655,-0.011013101905143707,0.0006765652552018775
2026-08-24T16:15:00+00:00,765.065,-0.010482817491625274,0.0006785103915400992
2026-08-24T16:20:00+00:00,764.855,-0.010754426581476184,0.0006804555278780988
2026-08-24T16:25:00+00:00,764.88,-0.010722092166017827,0.0006824006642163205
2026-08-24T16:30:00+00:00,764.56,-0.011135972683885886,0.0006843458005543201
2026-08-24T16:35:00+00:00,764.35,-0.011407581773736575,0.0006862909368925418
2026-08-24T16:40:00+00:00,764.31,-0.011459316838470235,0.0006882360732305415
2026-08-24T16:45:00+00:00,764.35,-0.011407581773736575,0.0006901812095687632
2026-08-24T16:50:00+00:00,764.15,-0.011666257097404209,0.0006921263459067628
2026-08-24T16:55:00+00:00,764.19,-0.011614522032670549,0.0006940714822447624
2026-08-24T17:00:00+00:00,764.02,-0.011834396057788021,0.0006960166185827621
2026-08-24T17:05:00+00:00,764.45,-0.011278244111902813,0.0006979617549209838
2026-08-24T17:10:00+00:00,764.515,-0.011194174631711018,0.0006999068912589834
2026-08-24T17:15:00+00:00,764.21,-0.011588654500303885,0.0007018520275972051
2026-08-24T17:20:00+00:00,763.6,-0.012377614237489731,0.0007037971639352048
2026-08-24T17:25:00+00:00,763.4,-0.012636289561157255,0.0007057423002734264
2026-08-24T17:30:00+00:00,763.36,-0.012688024625890693,0.0007076874366114261
2026-08-24T17:35:00+00:00,763.39,-0.012649223327340642,0.0007096325729496478
2026-08-24T17:40:00+00:00,763.15,-0.012959633715741714,0.0007115777092874254
2026-08-24T17:45:00+00:00,763.21,-0.01288203111864139,0.000713522845625647
2026-08-24T17:50:00+00:00,763.2,-0.012894964884824667,0.0007154679819636467
2026-08-24T17:55:00+00:00,763.31,-0.01275269345680774,0.0007174131183018684
2026-08-24T18:00:00+00:00,763.54,-0.012455216834590055,0.000719358254639868
2026-08-24T18:05:00+00:00,763.94,-0.011937866187254897,0.0007213033909778677
2026-08-24T18:10:00+00:00,764.25,-0.011536919435570336,0.0007232485273160894
2026-08-24T18:15:00+00:00,764.235,-0.011556320084845417,0.000725193663654089
2026-08-24T18:20:00+00:00,764.615,-0.011064836969877145,0.0007271387999923107
2026-08-24T18:25:00+00:00,764.825,-0.010793227880026235,0.0007290839363300883
2026-08-24T18:30:00+00:00,764.69,-0.010967833723501852,0.00073102907266831
2026-08-24T18:35:00+00:00,764.23,-0.011562786967937111,0.0007329742090063096
2026-08-24T18:40:00+00:00,764.33,-0.01143344930610335,0.0007349193453445313
2026-08-24T18:45:00+00:00,764.33,-0.01143344930610335,0.0007368644816825309
2026-08-24T18:50:00+00:00,764.15,-0.011666257097404209,0.0007388096180207526
2026-08-24T18:55:00+00:00,764.01,-0.011847329823971409,0.0007407547543587523
2026-08-24T19:00:00+00:00,763.92,-0.011963733719621783,0.000742699890696974
2026-08-24T19:05:00+00:00,763.9,-0.011989601251988558,0.0007446450270349736
2026-08-24T19:10:00+00:00,764.2,-0.011601588266487162,0.0007465901633729732
2026-08-24T19:15:00+00:00,764.1,-0.011730925928321034,0.0007485352997109729
2026-08-24T19:20:00+00:00,764.02,-0.011834396057788021,0.0007504804360491946
2026-08-24T19:25:00+00:00,763.985,-0.011879664239429766,0.0007524255723871942
2026-08-24T19:30:00+00:00,763.74,-0.012196541510922532,0.0007543707087254159
2026-08-24T19:35:00+00:00,763.66,-0.012300011640389519,0.0007563158450634155
2026-08-24T19:40:00+00:00,763.69,-0.012261210341839357,0.0007582609814016372
2026-08-24T19:45:00+00:00,763.77,-0.01215774021237237,0.0007602061177396369
2026-08-24T19:50:00+00:00,763.74,-0.012196541510922532,0.0007621512540778586
2026-08-24T19:55:00+00:00,763.52,-0.01248108436695683,0.0007640963904156362
2026-08-24T20:00:00+00:00,763.58,-0.012403481769856506,0.0007660415267538578
2026-08-25T13:30:00+00:00,766.72,-0.008342279188276791,0.0007679866630918575
2026-08-25T13:35:00+00:00,766.18,-0.009040702562179148,0.0007699316411506896
2026-08-25T13:40:00+00:00,766.195,-0.009021301912903956,0.0007718766192092996
2026-08-25T13:45:00+00:00,766.515,-0.008607421395036008,0.0007738215972681317
2026-08-25T13:50:00+00:00,766.01,-0.009260576587296399,0.0007757665753267418
2026-08-25T13:55:00+00:00,765.69,-0.009674457105164347,0.0007777115533855739
2026-08-25T14:00:00+00:00,765.46,-0.009971933727382032,0.0007796565314441839
2026-08-25T14:05:00+00:00,765.25,-0.010243542817232942,0.0007816015095027939
2026-08-25T14:10:00+00:00,765.185,-0.01032761229742496,0.000783546487561626
2026-08-25T14:15:00+00:00,765.47,-0.009958999961198645,0.0007854914656202361
2026-08-25T14:20:00+00:00,765.1,-0.01043754930998353,0.0007874364436790682
2026-08-25T14:25:00+00:00,764.7,-0.010954899957318465,0.0007893814217379003
2026-08-25T14:30:00+00:00,764.5,-0.011213575280985988,0.0007913263997965103
2026-08-25T14:35:00+00:00,765.02,-0.010541019439450516,0.0007932713778553424
2026-08-25T14:40:00+00:00,764.19,-0.011614522032670549,0.0007952163559141745
2026-08-25T14:45:00+00:00,764.26,-0.01152398566938706,0.0007971613339727845
2026-08-25T14:50:00+00:00,764.715,-0.010935499308043384,0.0007991063120313946
2026-08-25T14:55:00+00:00,764.705,-0.010948433074226771,0.0008010512900900046
2026-08-25T15:00:00+00:00,764.45,-0.011278244111902813,0.0008029962681488367
2026-08-25T15:05:00+00:00,764.66,-0.011006635022052014,0.0008049412462076688
2026-08-25T15:10:00+00:00,764.56,-0.011135972683885886,0.0008068862242662789
2026-08-25T15:15:00+00:00,764.85,-0.010760893464567878,0.000808831202325111
2026-08-25T15:20:00+00:00,764.795,-0.010832029178576508,0.000810776180383721
2026-08-25T15:25:00+00:00,765.33,-0.010140072687765844,0.0008127211584425531
2026-08-25T15:30:00+00:00,765.085,-0.010456949959258499,0.0008146661365013852
2026-08-25T15:35:00+00:00,765.155,-0.01036641359597501,0.0008166111145599952
2026-08-25T15:40:00+00:00,765.2,-0.010308211648149768,0.0008185560926188273
2026-08-25T15:45:00+00:00,764.69,-0.010967833723501852,0.0008205010706772153
2026-08-25T15:50:00+00:00,765.21,-0.01029527788196638,0.0008224460487360474
2026-08-25T15:55:00+00:00,765.47,-0.009958999961198645,0.0008243910267948795
2026-08-25T16:00:00+00:00,765.555,-0.009849062948640075,0.0008263360048534896
2026-08-25T16:05:00+00:00,765.35,-0.01011420515539907,0.0008282809829123217
2026-08-25T16:10:00+00:00,765.5,-0.009920198662648483,0.0008302259609709317
2026-08-25T16:15:00+00:00,765.5,-0.009920198662648483,0.0008321709390297638
2026-08-25T16:20:00+00:00,765.61,-0.009777927234631334,0.0008341159170885959
2026-08-25T16:25:00+00:00,765.76,-0.009583920741880747,0.0008360608951472059
2026-08-25T16:30:00+00:00,765.72,-0.009635655806614185,0.000838005873206038
2026-08-25T16:35:00+00:00,765.88,-0.009428715547680322,0.000839950851264426
2026-08-25T16:40:00+00:00,765.53,-0.009881397364098432,0.0008418958293232581
2026-08-25T16:45:00+00:00,765.625,-0.009758526585356364,0.0008438408073820902
2026-08-25T16:50:00+00:00,765.41,-0.010036602558298968,0.0008457857854407003
2026-08-25T16:55:00+00:00,765.76,-0.009583920741880747,0.0008477307634995324
2026-08-25T17:00:00+00:00,765.35,-0.01011420515539907,0.0008496757415583645
2026-08-25T17:05:00+00:00,765.11,-0.010424615543800142,0.0008516207196169745
2026-08-25T17:10:00+00:00,765.29,-0.010191807752499393,0.0008535656976758066
2026-08-25T17:15:00+00:00,765.275,-0.010211208401774474,0.0008555106757344166
2026-08-25T17:20:00+00:00,765.05,-0.010502218140900466,0.0008574556537932487
2026-08-25T17:25:00+00:00,764.81,-0.010812628529301427,0.0008594006318520808
2026-08-25T17:30:00+00:00,764.84,-0.010773827230751265,0.0008613456099104688
2026-08-25T17:35:00+00:00,764.91,-0.010683290867467665,0.0008632905879693009
2026-08-25T17:40:00+00:00,764.86,-0.01074795969838449,0.000865235566027911
2026-08-25T17:45:00+00:00,764.9,-0.010696224633651052,0.0008671805440867431
2026-08-25T17:50:00+00:00,765.135,-0.010392281128341674,0.0008691255221455751
2026-08-25T17:55:00+00:00,765.055,-0.010495751257808772,0.0008710705002041852
2026-08-25T18:00:00+00:00,764.82,-0.010799694763117929,0.0008730154782630173
2026-08-25T18:05:00+00:00,764.91,-0.010683290867467665,0.0008749604563216273
2026-08-25T18:10:00+00:00,764.83,-0.010786760996934541,0.0008769054343804594
2026-08-25T18:15:00+00:00,764.84,-0.010773827230751265,0.0008788504124392915
2026-08-25T18:20:00+00:00,764.91,-0.010683290867467665,0.0008807953904976795
2026-08-25T18:25:00+00:00,764.96,-0.010618622036550729,0.0008827403685565116
2026-08-25T18:30:00+00:00,765.36,-0.010101271389215793,0.0008846853466151217
2026-08-25T18:35:00+00:00,765.29,-0.010191807752499393,0.0008866303246739538
2026-08-25T18:40:00+00:00,765.55,-0.009855529831731658,0.0008885753027327858
2026-08-25T18:45:00+00:00,765.78,-0.009558053209514084,0.0008905202807913959
2026-08-25T18:50:00+00:00,765.685,-0.009680923988256152,0.000892465258850228
2026-08-25T18:55:00+00:00,765.645,-0.00973265905298959,0.0008944102369090601
2026-08-25T19:00:00+00:00,765.49,-0.00993313242883187,0.0008963552149676701
2026-08-25T19:05:00+00:00,765.37,-0.010088337623032406,0.0008983001930265022
2026-08-25T19:10:00+00:00,765.125,-0.010405214894525061,0.0009002451710851123
2026-08-25T19:15:00+00:00,765.015,-0.01054748632254221,0.0009021901491437223
2026-08-25T19:20:00+00:00,765.04,-0.010515151907083853,0.0009041351272025544
2026-08-25T19:25:00+00:00,765.18,-0.010334079180516542,0.0009060801052611644
2026-08-25T19:30:00+00:00,765.13,-0.010398748011433367,0.0009080250833199965
2026-08-25T19:35:00+00:00,765.19,-0.010321145414333044,0.0009099700613786066
2026-08-25T19:40:00+00:00,765.37,-0.010088337623032406,0.0009119150394374387
2026-08-25T19:45:00+00:00,765.475,-0.009952533078106951,0.0009138600174962708
2026-08-25T19:50:00+00:00,766.12,-0.00911830515927925,0.0009158049955548808
2026-08-25T19:55:00+00:00,765.79,-0.009545119443330696,0.0009177499736137129
2026-08-25T20:00:00+00:00,765.85,-0.009467516846230373,0.000919694951672323
2026-08-26T13:30:00+00:00,765.62,-0.009764993468448058,0.000921639929730933
2026-08-26T13:35:00+00:00,765.58,-0.009816728533181496,0.0009235844065456078
2026-08-26T13:40:00+00:00,766.325,-0.008853162952520033,0.0009255288833600606
2026-08-26T13:45:00+00:00,766.005,-0.009267043470388092,0.0009274733601747354
2026-08-26T13:50:00+00:00,766.6,-0.008497484382477216,0.0009294178369891881
2026-08-26T13:55:00+00:00,766.88,-0.008135338929342817,0.0009313623138038629
2026-08-26T14:00:00+00:00,766.94,-0.008057736332242493,0.0009333067906180936
2026-08-26T14:05:00+00:00,766.56,-0.008549219447210876,0.0009352512674327684
2026-08-26T14:10:00+00:00,766.17,-0.009053636328362424,0.0009371957442474432
2026-08-26T14:15:00+00:00,765.96,-0.009325245418213224,0.000939140221061896
2026-08-26T14:20:00+00:00,765.43,-0.010010735025932194,0.0009410846978765708
2026-08-26T14:25:00+00:00,765.1,-0.01043754930998353,0.0009430291746910235
2026-08-26T14:30:00+00:00,765.135,-0.010392281128341674,0.0009449736515056983
2026-08-26T14:35:00+00:00,765.23,-0.010269410349599606,0.0009469181283203731
2026-08-26T14:40:00+00:00,765.42,-0.010023668792115581,0.0009488626051348259
2026-08-26T14:45:00+00:00,765.465,-0.009965466844290338,0.0009508070819495007
2026-08-26T14:50:00+00:00,765.635,-0.009745592819172977,0.0009527515587639535
2026-08-26T14:55:00+00:00,765.87,-0.009441649313863598,0.0009546960355784062
2026-08-26T15:00:00+00:00,766.14,-0.009092437626912586,0.000956640512392859
2026-08-26T15:05:00+00:00,766.365,-0.008801427887786595,0.0009585849892075338
2026-08-26T15:10:00+00:00,766.285,-0.008904898017253582,0.0009605294660222086
2026-08-26T15:15:00+00:00,765.72,-0.009635655806614185,0.0009624739428366613
2026-08-26T15:20:00+00:00,765.8,-0.009532185677147309,0.0009644184196513361
2026-08-26T15:25:00+00:00,765.85,-0.009467516846230373,0.0009663628964657889
2026-08-26T15:30:00+00:00,765.21,-0.01029527788196638,0.0009683073732804637
2026-08-26T15:35:00+00:00,765.48,-0.009946066195015257,0.0009702518500949164
2026-08-26T15:40:00+00:00,766.045,-0.009215308405654654,0.0009721963269095912
2026-08-26T15:45:00+00:00,766.24,-0.008963099965078714,0.000974140803724266
2026-08-26T15:50:00+00:00,765.34,-0.010127138921582457,0.0009760852805384967
2026-08-26T15:55:00+00:00,765.34,-0.010127138921582457,0.0009780297573531715
2026-08-26T16:00:00+00:00,765.25,-0.010243542817232942,0.0009799742341676243
2026-08-26T16:05:00+00:00,765.18,-0.010334079180516542,0.000981918710982299
2026-08-26T16:10:00+00:00,765.055,-0.010495751257808772,0.000983863187796974
2026-08-26T16:15:00+00:00,764.975,-0.010599221387275648,0.0009858076646114267
2026-08-26T16:20:00+00:00,764.935,-0.010650956452009308,0.0009877521414261015
2026-08-26T16:25:00+00:00,764.82,-0.010799694763117929,0.0009896966182405542
2026-08-26T16:30:00+00:00,764.86,-0.01074795969838449,0.000991641095055229
2026-08-26T16:35:00+00:00,764.21,-0.011588654500303885,0.0009935855718696818
2026-08-26T16:40:00+00:00,763.99,-0.011873197356338183,0.0009955300486843566
2026-08-26T16:45:00+00:00,764.095,-0.011737392811412617,0.0009974745254988093
2026-08-26T16:50:00+00:00,764.185,-0.011620988915762354,0.000999419002313262
2026-08-26T16:55:00+00:00,764.71,-0.010941966191135077,0.0010013634791279369
2026-08-26T17:00:00+00:00,764.88,-0.010722092166017827,0.0010033079559423896
2026-08-26T17:05:00+00:00,765.05,-0.010502218140900466,0.0010052524327570644
2026-08-26T17:10:00+00:00,765.12,-0.010411681777616755,0.0010071969095715172
2026-08-26T17:15:00+00:00,765.325,-0.010146539570857538,0.001009141386386192
2026-08-26T17:20:00+00:00,765.655,-0.009719725286806202,0.0010110858632008668
2026-08-26T17:25:00+00:00,765.67,-0.009700324637531232,0.0010130303400153196
2026-08-26T17:30:00+00:00,765.74,-0.009609788274247522,0.0010149748168299944
2026-08-26T17:35:00+00:00,765.64,-0.009739125936081283,0.0010169192936444471
2026-08-26T17:40:00+00:00,765.735,-0.009616255157339215,0.0010188637704588999
2026-08-26T17:45:00+00:00,765.495,-0.009926665545740176,0.0010208082472735747
2026-08-26T17:50:00+00:00,765.72,-0.009635655806614185,0.0010227527240880274
2026-08-26T17:55:00+00:00,765.68,-0.009687390871347845,0.0010246972009027022
2026-08-26T18:00:00+00:00,765.53,-0.009881397364098432,0.001026641677717155
2026-08-26T18:05:00+00:00,765.765,-0.009577453858789053,0.0010285861545318298
2026-08-26T18:10:00+00:00,765.41,-0.010036602558298968,0.0010305306313462825
2026-08-26T18:15:00+00:00,765.71,-0.009648589572797572,0.0010324751081609573
2026-08-26T18:20:00+00:00,765.57,-0.009829662299364883,0.0010344195849756321
2026-08-26T18:25:00+00:00,765.56,-0.009842596065548381,0.0010363640617900849
2026-08-26T18:30:00+00:00,765.74,-0.009609788274247522,0.0010383085386047597
2026-08-26T18:35:00+00:00,765.72,-0.009635655806614185,0.0010402530154189904
2026-08-26T18:40:00+00:00,765.87,-0.009441649313863598,0.0010421974922336652
2026-08-26T18:45:00+00:00,766.325,-0.008853162952520033,0.001044141969048118
2026-08-26T18:50:00+00:00,766.49,-0.008639755810494365,0.0010460864458627928
2026-08-26T18:55:00+00:00,766.5,-0.008626822044310978,0.0010480309226774676
2026-08-26T19:00:00+00:00,767.255,-0.007650322697466239,0.0010499753994919203
2026-08-26T19:05:00+00:00,766.955,-0.008038335682967412,0.0010519198763065951
2026-08-26T19:10:00+00:00,766.96,-0.008031868799875719,0.0010538643531210479
2026-08-26T19:15:00+00:00,767.19,-0.007734392177658034,0.0010558088299357227
2026-08-26T19:20:00+00:00,767.07,-0.00788959737185857,0.0010577533067503975
2026-08-26T19:25:00+00:00,766.885,-0.008128872046251123,0.0010596977835648502
2026-08-26T19:30:00+00:00,766.85,-0.008174140227892868,0.001061642260379303
2026-08-26T19:35:00+00:00,766.655,-0.008426348668468808,0.0010635867371937557
2026-08-26T19:40:00+00:00,766.705,-0.008361679837551761,0.0010655312140084305
2026-08-26T19:45:00+00:00,767.12,-0.007824928540941745,0.0010674756908228833
2026-08-26T19:50:00+00:00,766.18,-0.009040702562179148,0.001069420167637558
2026-08-26T19:55:00+00:00,765.94,-0.009351112950579998,0.001071364644452233
2026-08-26T20:00:00+00:00,766.66,-0.008419881785377115,0.0010733091212666857
2026-08-27T13:30:00+00:00,767.45,-0.007398114256890298,0.0010752535980813605
2026-08-27T13:35:00+00:00,768.2,-0.0064280817931372525,0.0010771973095964338
2026-08-27T13:40:00+00:00,769.16,-0.0051864402395332965,0.0010791410211115071
2026-08-27T13:45:00+00:00,768.06,-0.006609154519704563,0.0010810847326265804
2026-08-27T13:50:00+00:00,769.24,-0.005082970110066309,0.0010830284441414317
2026-08-27T13:55:00+00:00,768.31,-0.006285810365120215,0.001084972155656283
2026-08-27T14:00:00+00:00,768.81,-0.005639122055951518,0.0010869158671713564
2026-08-27T14:05:00+00:00,768.46,-0.006091803872369517,0.0010888595786864297
2026-08-27T14:10:00+00:00,768.62,-0.0058848636134355425,0.001090803290201503
2026-08-27T14:15:00+00:00,769.165,-0.005179973356441603,0.0010927470017165763
2026-08-27T14:20:00+00:00,769.44,-0.004824294786398675,0.0010946907132316497
2026-08-27T14:25:00+00:00,769.67,-0.004526818164181212,0.001096634424746723
2026-08-27T14:30:00+00:00,769.4,-0.004876029851132335,0.0010985781362615743
2026-08-27T14:35:00+00:00,769.34,-0.004953632448232548,0.0011005218477766476
2026-08-27T14:40:00+00:00,769.61,-0.004604420761281425,0.001102465559291499
2026-08-27T14:45:00+00:00,770.23,-0.0038025272579121916,0.0011044092708065723
2026-08-27T14:50:00+00:00,770.13,-0.003931864919745953,0.0011063529823216456
2026-08-27T14:55:00+00:00,770.315,-0.0036925902453534,0.001108296693836719
2026-08-27T15:00:00+00:00,770.615,-0.003304577259852226,0.0011102404053517922
2026-08-27T15:05:00+00:00,770.55,-0.0033886467400442433,0.0011121841168666435
2026-08-27T15:10:00+00:00,770.83,-0.003026501286909622,0.0011141278283817169
2026-08-27T15:15:00+00:00,770.94,-0.002884229858892473,0.0011160715398967902
2026-08-27T15:20:00+00:00,770.76,-0.003117037650193333,0.0011180152514118635
2026-08-27T15:25:00+00:00,770.305,-0.003705524011536898,0.0011199589629269369
2026-08-27T15:30:00+00:00,770.205,-0.0038348616733705487,0.0011219026744417882
2026-08-27T15:35:00+00:00,769.825,-0.004326344788338821,0.0011238463859568615
2026-08-27T15:40:00+00:00,769.64,-0.004565619462731263,0.0011257900974717128
2026-08-27T15:45:00+00:00,769.68,-0.004513884397997825,0.001127733808986786
2026-08-27T15:50:00+00:00,770.82,-0.003039435053093009,0.0011296775205018594
2026-08-27T15:55:00+00:00,770.69,-0.0032075740134768216,0.0011316212320169328
2026-08-27T16:00:00+00:00,770.85,-0.0030006337545429584,0.001133564943532006
2026-08-27T16:05:00+00:00,770.53,-0.003414514272411018,0.0011355086550470794
2026-08-27T16:10:00+00:00,770.6,-0.003323977909127307,0.0011374523665621528
2026-08-27T16:15:00+00:00,770.61,-0.0033110441429439197,0.001139396078077004
2026-08-27T16:20:00+00:00,770.52,-0.003427448038594294,0.0011413397895918553
2026-08-27T16:25:00+00:00,770.875,-0.0029682993390844903,0.0011432835011069287
2026-08-27T16:30:00+00:00,771.115,-0.002657888950683529,0.001145227212622002
2026-08-27T16:35:00+00:00,771.495,-0.002166405835715257,0.0011471709241370753
2026-08-27T16:40:00+00:00,771.655,-0.001959465576781283,0.0011491146356521487
2026-08-27T16:45:00+00:00,771.71,-0.001888329862772653,0.001151058347167222
2026-08-27T16:50:00+00:00,771.915,-0.0016231876560135472,0.0011530020586822953
2026-08-27T16:55:00+00:00,771.97,-0.0015520519420049173,0.0011549457701971466
2026-08-27T17:00:00+00:00,772.0,-0.0015132506434548665,0.001156889481711998
2026-08-27T17:05:00+00:00,772.23,-0.0012157740212371815,0.0011588331932270712
2026-08-27T17:10:00+00:00,772.19,-0.0012675090859706195,0.0011607769047421446
2026-08-27T17:15:00+00:00,772.14,-0.0013321779168875558,0.001162720616257218
2026-08-27T17:20:00+00:00,772.17,-0.001293376618337505,0.0011646643277722912
2026-08-27T17:25:00+00:00,771.71,-0.001888329862772653,0.0011666080392873646
2026-08-27T17:30:00+00:00,771.79,-0.001784859733305777,0.0011685517508022158
2026-08-27T17:35:00+00:00,771.765,-0.001817194148764134,0.0011704954623172892
2026-08-27T17:40:00+00:00,771.64,-0.001978866226056364,0.0011724391738323625
2026-08-27T17:45:00+00:00,771.35,-0.0023539454453741504,0.0011743828853472138
2026-08-27T17:50:00+00:00,771.345,-0.002360412328465844,0.0011763265968622871
2026-08-27T17:55:00+00:00,771.23,-0.0025091506395746865,0.0011782703083773605
2026-08-27T18:00:00+00:00,770.535,-0.003408047389319324,0.0011802140198924338
2026-08-27T18:05:00+00:00,770.5,-0.0034533155709610686,0.0011821577314075071
2026-08-27T18:10:00+00:00,770.27,-0.0037507921931787536,0.0011841014429223584
2026-08-27T18:15:00+00:00,770.27,-0.0037507921931787536,0.0011860451544374317
2026-08-27T18:20:00+00:00,770.1,-0.003970666218296004,0.001187988865952505
2026-08-27T18:25:00+00:00,769.46,-0.004798427254032012,0.0011899325774675784
2026-08-27T18:30:00+00:00,769.5,-0.004746692189298574,0.0011918762889826517
2026-08-27T18:35:00+00:00,769.985,-0.0041194045294048465,0.001193820000497503
2026-08-27T18:40:00+00:00,769.92,-0.004203474009596864,0.0011957637120125764
2026-08-27T18:45:00+00:00,769.575,-0.004649688942923169,0.0011977074235274277
2026-08-27T18:50:00+00:00,769.34,-0.004953632448232548,0.001199651135042501
2026-08-27T18:55:00+00:00,769.69,-0.004500950631814327,0.0012015948465575743
2026-08-27T19:00:00+00:00,770.0,-0.004100003880129766,0.0012035385580726476
2026-08-27T19:05:00+00:00,770.15,-0.0039059973873791787,0.001205482269587721
2026-08-27T19:10:00+00:00,769.89,-0.0042422753081469144,0.0012074259811027943
2026-08-27T19:15:00+00:00,770.19,-0.0038542623226456296,0.0012093696926178676
2026-08-27T19:20:00+00:00,770.0,-0.004100003880129766,0.001211313404132719
2026-08-27T19:25:00+00:00,769.96,-0.004151738944863204,0.0012132571156475702
2026-08-27T19:30:00+00:00,770.44,-0.003530918168061281,0.0012152008271626435
2026-08-27T19:35:00+00:00,770.58,-0.0033498454414939705,0.0012171445386777169
2026-08-27T19:40:00+00:00,770.595,-0.0033304447922190006,0.0012190882501927902
2026-08-27T19:45:00+00:00,770.8,-0.0030653025854598948,0.0012210319617078635
2026-08-27T19:50:00+00:00,771.25,-0.002483283107207912,0.0012229756732229369
2026-08-27T19:55:00+00:00,771.18,-0.002573819470491623,0.0012249193847380102
2026-08-27T20:00:00+00:00,770.83,-0.003026501286909622,0.0012268630962528615
2026-08-28T13:30:00+00:00,771.985,-0.0015326512927298364,0.0012288068077677128
2026-08-28T13:35:00+00:00,772.25,-0.001189906488870407,0.001230752060928264
2026-08-28T13:40:00+00:00,772.61,-0.0007242909062689096,0.0012326973140890374
2026-08-28T13:45:00+00:00,772.155,-0.001312777267612586,0.0012346425672493666
2026-08-28T13:50:00+00:00,771.72,-0.0018753960965892658,0.0012365878204099179
2026-08-28T13:55:00+00:00,771.67,-0.001940064927506202,0.0012385330735704692
2026-08-28T14:00:00+00:00,771.73,-0.0018624623304058785,0.0012404783267312425
2026-08-28T14:05:00+00:00,771.075,-0.002709624015416967,0.0012424235798915717
2026-08-28T14:10:00+00:00,770.22,-0.003815461024095468,0.001244368833052123
2026-08-28T14:15:00+00:00,771.41,-0.002276342848273938,0.0012463140862128963
2026-08-28T14:20:00+00:00,771.58,-0.0020564688231564654,0.0012482593393734476
2026-08-28T14:25:00+00:00,771.29,-0.002431548042474474,0.0012502045925337768
2026-08-28T14:30:00+00:00,772.14,-0.0013321779168875558,0.001252149845694328
2026-08-28T14:35:00+00:00,772.38,-0.0010217675284865946,0.0012540950988551014
2026-08-28T14:40:00+00:00,773.46,0.0003750792193180086,0.0012560403520156527
2026-08-28T14:45:00+00:00,773.75,0.0007501584386357951,0.001257985605176204
2026-08-28T14:50:00+00:00,774.545,0.0017783928502139723,0.0012599308583365332
2026-08-28T14:55:00+00:00,774.84,0.0021599389526236745,0.0012618761114973065
2026-08-28T15:00:00+00:00,774.89,0.002224607783540611,0.0012638213646578578
2026-08-28T15:05:00+00:00,774.18,0.0013063103845207813,0.001265766617818409
2026-08-28T15:10:00+00:00,774.2,0.0013321779168877779,0.0012677118709789603
2026-08-28T15:15:00+00:00,774.28,0.001435648046354654,0.0012696571241395116
2026-08-28T15:20:00+00:00,774.77,0.0020694025893399637,0.0012716023773000629
2026-08-28T15:25:00+00:00,774.93,0.002276342848273938,0.0012735476304606141
2026-08-28T15:30:00+00:00,774.46,0.0016684558376554026,0.0012754928836211654
2026-08-28T15:35:00+00:00,773.685,0.0006660889584437779,0.0012774381367817167
2026-08-28T15:40:00+00:00,772.82,-0.0004526818164179991,0.001279383389942268
2026-08-28T15:45:00+00:00,772.28,-0.0011511051903203562,0.0012813286431030413
2026-08-28T15:50:00+00:00,772.13,-0.001345111683070943,0.0012832738962633705
2026-08-28T15:55:00+00:00,771.08,-0.0027031571323252734,0.0012852191494239218
2026-08-28T16:00:00+00:00,770.82,-0.003039435053093009,0.001287164402584473
2026-08-28T16:05:00+00:00,771.6,-0.002030601290789802,0.0012891096557452464
2026-08-28T16:10:00+00:00,770.97,-0.0028454285603424223,0.0012910549089057977
2026-08-28T16:15:00+00:00,770.22,-0.003815461024095468,0.0012930001620661269
2026-08-28T16:20:00+00:00,769.525,-0.0047143577738401055,0.0012949454152266782
2026-08-28T16:25:00+00:00,769.6,-0.004617354527464812,0.0012968906683874515
2026-08-28T16:30:00+00:00,769.64,-0.004565619462731263,0.0012988359215480028
2026-08-28T16:35:00+00:00,770.3,-0.0037119908946285918,0.001300781174708332
2026-08-28T16:40:00+00:00,769.63,-0.00457855322891465,0.0013027264278691053
2026-08-28T16:45:00+00:00,770.4,-0.00358265323279483,0.0013046716810296566
2026-08-28T16:50:00+00:00,769.86,-0.004281076606697076,0.0013066169341902079
2026-08-28T16:55:00+00:00,769.7,-0.004488016865630939,0.001308562187350537
2026-08-28T17:00:00+00:00,769.04,-0.005341645433733833,0.0013105074405113104
2026-08-28T17:05:00+00:00,768.495,-0.006046535690727772,0.0013124526936718617
2026-08-28T17:10:00+00:00,769.33,-0.004966566214415824,0.001314397946832413
2026-08-28T17:15:00+00:00,769.145,-0.005205840888808377,0.0013163431999931863
2026-08-28T17:20:00+00:00,768.92,-0.005496850627934369,0.0013182884531535155
2026-08-28T17:25:00+00:00,768.83,-0.005613254523584632,0.0013202337063140668
2026-08-28T17:30:00+00:00,769.34,-0.004953632448232548,0.001322178959474618
2026-08-28T17:35:00+00:00,768.93,-0.0054839168617509815,0.0013241242126353914
2026-08-28T17:40:00+00:00,768.91,-0.005509784394117756,0.0013260694657957206
2026-08-28T17:45:00+00:00,769.7,-0.004488016865630939,0.0013280147189562719
2026-08-28T17:50:00+00:00,769.495,-0.004753159072390267,0.0013299599721170452
2026-08-28T17:55:00+00:00,769.55,-0.004682023358381748,0.0013319052252775965
2026-08-28T18:00:00+00:00,769.595,-0.004623821410556506,0.0013338504784379257
2026-08-28T18:05:00+00:00,769.56,-0.004669089592198361,0.001335795731598477
2026-08-28T18:10:00+00:00,769.215,-0.0051153045255246665,0.0013377409847592503
2026-08-28T18:15:00+00:00,769.4,-0.004876029851132335,0.0013396862379198016
2026-08-28T18:20:00+00:00,769.08,-0.0052899103690002836,0.0013416314910801308
2026-08-28T18:25:00+00:00,769.06,-0.005315777901367169,0.001343576744240682
2026-08-28T18:30:00+00:00,769.395,-0.004882496734224029,0.0013455219974014554
2026-08-28T18:35:00+00:00,769.14,-0.005212307771900071,0.0013474672505620067
2026-08-28T18:40:00+00:00,769.3,-0.005005367512966097,0.001349412503722558
2026-08-28T18:45:00+00:00,768.77,-0.005690857120684956,0.0013513577568831092
2026-08-28T18:50:00+00:00,768.55,-0.005975399976719253,0.0013533030100436605
2026-08-28T18:55:00+00:00,768.685,-0.005800794133243636,0.0013552482632042118
2026-08-28T19:00:00+00:00,768.79,-0.005664989588318181,0.001357193516364763
2026-08-28T19:05:00+00:00,769.34,-0.004953632448232548,0.0013591387695253143
2026-08-28T19:10:00+00:00,769.19,-0.005147638940983135,0.0013610840226858656
2026-08-28T19:15:00+00:00,769.23,-0.005095903876249697,0.0013630292758464169
2026-08-28T19:20:00+00:00,769.25,-0.005070036343882922,0.0013649745290071902
2026-08-28T19:25:00+00:00,769.515,-0.004727291540023493,0.0013669197821675194
2026-08-28T19:30:00+00:00,769.38,-0.00490189738349911,0.0013688650353280707
2026-08-28T19:35:00+00:00,769.545,-0.004688490241473442,0.001370810288488622
2026-08-28T19:40:00+00:00,769.61,-0.004604420761281425,0.0013727555416493953
2026-08-28T19:45:00+00:00,769.26,-0.005057102577699535,0.0013747007948099466
2026-08-28T19:50:00+00:00,769.375,-0.004908364266590692,0.0013766460479702758
2026-08-28T19:55:00+00:00,769.28,-0.005031235045332871,0.001378591301130827
2026-08-28T20:00:00+00:00,769.28,-0.005031235045332871,0.0013805365542916004
2026-08-31T13:30:00+00:00,766.37,-0.008794961004694901,0.0013824818074521517
2026-08-31T13:35:00+00:00,766.33,-0.00884669606942834,0.001384428772387425
2026-08-31T13:40:00+00:00,765.81,-0.009519251910963922,0.001386375737322476
2026-08-31T13:45:00+00:00,766.14,-0.009092437626912586,0.0013883227022575273
2026-08-31T13:50:00+00:00,766.475,-0.008659156459769446,0.0013902696671928005
2026-08-31T13:55:00+00:00,766.22,-0.008988967497445488,0.0013922166321278517
2026-08-31T14:00:00+00:00,765.76,-0.009583920741880747,0.001394163597063125
2026-08-31T14:05:00+00:00,765.54,-0.009868463597915045,0.0013961105619983982
2026-08-31T14:10:00+00:00,765.81,-0.009519251910963922,0.0013980575269334494
2026-08-31T14:15:00+00:00,765.99,-0.009286444119663173,0.0014000044918685006
2026-08-31T14:20:00+00:00,765.0,-0.01056688697181729,0.0014019514568037739
2026-08-31T14:25:00+00:00,764.93,-0.010657423335101002,0.0014038984217390471
2026-08-31T14:30:00+00:00,764.81,-0.010812628529301427,0.0014058453866738763
2026-08-31T14:35:00+00:00,765.535,-0.009874930481006738,0.0014077923516091495
2026-08-31T14:40:00+00:00,765.75,-0.009596854508064134,0.0014097393165444227
2026-08-31T14:45:00+00:00,765.4,-0.010049536324482355,0.001411686281479474
2026-08-31T14:50:00+00:00,765.835,-0.009486917495505454,0.0014136332464147472
2026-08-31T14:55:00+00:00,765.93,-0.009364046716763497,0.0014155802113497984
2026-08-31T15:00:00+00:00,765.81,-0.009519251910963922,0.0014175271762850716
2026-08-31T15:05:00+00:00,765.68,-0.009687390871347845,0.0014194741412201228
2026-08-31T15:10:00+00:00,765.67,-0.009700324637531232,0.001421421106155396
2026-08-31T15:15:00+00:00,765.71,-0.009648589572797572,0.0014233680710906693
2026-08-31T15:20:00+00:00,766.035,-0.009228242171838041,0.0014253150360254985
2026-08-31T15:25:00+00:00,765.92,-0.009376980482946884,0.0014272620009607717
2026-08-31T15:30:00+00:00,765.71,-0.009648589572797572,0.001429208965896045
2026-08-31T15:35:00+00:00,765.545,-0.009861996714823351,0.0014311559308310962
2026-08-31T15:40:00+00:00,765.835,-0.009486917495505454,0.0014331028957663694
2026-08-31T15:45:00+00:00,765.86,-0.009454583080046985,0.0014350498607014206
2026-08-31T15:50:00+00:00,766.07,-0.009182973990196075,0.0014369968256366938
2026-08-31T15:55:00+00:00,765.36,-0.010101271389215793,0.001438943790571745
2026-08-31T16:00:00+00:00,765.105,-0.010431082426891836,0.0014408907555070183
2026-08-31T16:05:00+00:00,765.19,-0.010321145414333044,0.0014428377204420695
2026-08-31T16:10:00+00:00,765.72,-0.009635655806614185,0.0014447846853771207
2026-08-31T16:15:00+00:00,765.43,-0.010010735025932194,0.001446731650312394
2026-08-31T16:20:00+00:00,765.435,-0.0100042681428405,0.0014486786152476672
2026-08-31T16:25:00+00:00,765.86,-0.009454583080046985,0.0014506255801827184
2026-08-31T16:30:00+00:00,765.82,-0.009506318144780423,0.0014525725451177696
2026-08-31T16:35:00+00:00,765.36,-0.010101271389215793,0.0014545195100530428
2026-08-31T16:40:00+00:00,765.425,-0.010017201909023887,0.001456466474988316
2026-08-31T16:45:00+00:00,765.84,-0.00948045061241376,0.0014584134399233672
2026-08-31T16:50:00+00:00,765.81,-0.009519251910963922,0.0014603604048586405
2026-08-31T16:55:00+00:00,765.89,-0.009415781781496935,0.0014623073697936917
2026-08-31T17:00:00+00:00,765.65,-0.009726192169897896,0.0014642543347287429
2026-08-31T17:05:00+00:00,765.585,-0.009810261650089802,0.0014662012996640161
2026-08-31T17:10:00+00:00,765.87,-0.009441649313863598,0.0014681482645992894
2026-08-31T17:15:00+00:00,765.73,-0.009622722040430909,0.0014700952295343406
2026-08-31T17:20:00+00:00,765.8,-0.009532185677147309,0.0014720421944693918
2026-08-31T17:25:00+00:00,765.47,-0.009958999961198645,0.001473989159404665
2026-08-31T17:30:00+00:00,765.29,-0.010191807752499393,0.0014759361243399383
2026-08-31T17:35:00+00:00,765.84,-0.00948045061241376,0.0014778830892749895
2026-08-31T17:40:00+00:00,766.21,-0.009001901263628875,0.0014798300542100407
2026-08-31T17:45:00+00:00,766.31,-0.008872563601795225,0.001481777019145314
2026-08-31T17:50:00+00:00,766.755,-0.008297011006634936,0.001483723984080365
2026-08-31T17:55:00+00:00,766.51,-0.008613888278127702,0.0014856709490156383
2026-08-31T18:00:00+00:00,766.625,-0.008465149967018859,0.0014876179139509116
2026-08-31T18:05:00+00:00,766.67,-0.008406948019193727,0.0014895648788857407
2026-08-31T18:10:00+00:00,766.72,-0.008342279188276791,0.001491511843821014
2026-08-31T18:15:00+00:00,766.7,-0.008368146720643455,0.0014934588087562872
2026-08-31T18:20:00+00:00,766.63,-0.008458683083927165,0.0014954057736915605
2026-08-31T18:25:00+00:00,766.31,-0.008872563601795225,0.0014973527386266117
2026-08-31T18:30:00+00:00,766.03,-0.009234709054929735,0.0014992997035616629
2026-08-31T18:35:00+00:00,765.47,-0.009958999961198645,0.0015012466684969361
2026-08-31T18:40:00+00:00,765.345,-0.010120672038490763,0.0015031936334319873
2026-08-31T18:45:00+00:00,765.42,-0.010023668792115581,0.0015051405983672606
2026-08-31T18:50:00+00:00,765.66,-0.00971325840371462,0.0015070875633023118
2026-08-31T18:55:00+00:00,765.68,-0.009687390871347845,0.001509034528237363
2026-08-31T19:00:00+00:00,765.815,-0.009512785027872117,0.0015109814931726362
2026-08-31T19:05:00+00:00,766.025,-0.009241175938021318,0.0015129284581079094
2026-08-31T19:10:00+00:00,766.18,-0.009040702562179148,0.0015148754230431827
2026-08-31T19:15:00+00:00,766.04,-0.009221775288746348,0.0015168223879780118
2026-08-31T19:20:00+00:00,766.42,-0.008730292173778076,0.001518769352913285
2026-08-31T19:25:00+00:00,766.67,-0.008406948019193727,0.0015207163178485583
2026-08-31T19:30:00+00:00,766.4,-0.00875615970614485,0.0015226632827836095
2026-08-31T19:35:00+00:00,766.63,-0.008458683083927165,0.0015246102477188828
2026-08-31T19:40:00+00:00,767.03,-0.00794133243659223,0.001526557212653934
2026-08-31T19:45:00+00:00,766.87,-0.008148272695526204,0.0015285041775889852
2026-08-31T19:50:00+00:00,767.4,-0.007462783087807345,0.0015304511425242584
2026-08-31T19:55:00+00:00,766.87,-0.008148272695526204,0.0015323981074595316
2026-08-31T20:00:00+00:00,766.87,-0.008148272695526204,0.0015343450723948049
2026-09-01T13:30:00+00:00,761.91,-0.01456342072248018,0.001536292037329634
2026-09-01T13:35:00+00:00,761.8,-0.01470569215049733,0.0015382408524851066
2026-09-01T13:40:00+00:00,761.93,-0.014537553190113406,0.001540189667640357
2026-09-01T13:45:00+00:00,762.06,-0.014369414229729593,0.0015421384827958295
2026-09-01T13:50:00+00:00,761.81,-0.014692758384313942,0.00154408729795108
2026-09-01T13:55:00+00:00,762.02,-0.014421149294463032,0.0015460361131063305
2026-09-01T14:00:00+00:00,762.2,-0.014188341503162172,0.001547984928261803
2026-09-01T14:05:00+00:00,762.88,-0.013308845402692726,0.0015499337434170535
2026-09-01T14:10:00+00:00,763.02,-0.013127772676125526,0.001551882558572526
2026-09-01T14:15:00+00:00,763.305,-0.012759160339899434,0.0015538313737279985
2026-09-01T14:20:00+00:00,763.695,-0.012254743458747663,0.001555780188883027
2026-09-01T14:25:00+00:00,763.76,-0.012170673978555757,0.0015577290040384995
2026-09-01T14:30:00+00:00,764.415,-0.01132351229354478,0.001559677819193972
2026-09-01T14:35:00+00:00,764.27,-0.011511051903203673,0.0015616266343492224
2026-09-01T14:40:00+00:00,764.16,-0.011653323331220822,0.001563575449504695
2026-09-01T14:45:00+00:00,763.935,-0.011944333070346813,0.0015655242646599454
2026-09-01T14:50:00+00:00,763.59,-0.012390548003673119,0.001567473079815196
2026-09-01T14:55:00+00:00,763.465,-0.012552220080965237,0.0015694218949706684
2026-09-01T15:00:00+00:00,763.12,-0.012998435014291765,0.0015713707101259189
2026-09-01T15:05:00+00:00,762.79,-0.013425249298343211,0.0015733195252813914
2026-09-01T15:10:00+00:00,763.05,-0.013088971377575476,0.001575268340436864
2026-09-01T15:15:00+00:00,763.29,-0.012778560989174403,0.0015772171555921144
2026-09-01T15:20:00+00:00,763.445,-0.012578087613332012,0.0015791659707473649
2026-09-01T15:25:00+00:00,763.59,-0.012390548003673119,0.0015811147859028374
2026-09-01T15:30:00+00:00,763.635,-0.012332346055847987,0.0015830636010580879
2026-09-01T15:35:00+00:00,764.04,-0.011808528525421358,0.0015850124162135604
2026-09-01T15:40:00+00:00,764.23,-0.011562786967937111,0.0015869612313688108
2026-09-01T15:45:00+00:00,764.57,-0.011123038917702277,0.0015889100465242834
2026-09-01T15:50:00+00:00,764.51,-0.0112006415148026,0.0015908588616795338
2026-09-01T15:55:00+00:00,764.275,-0.01150458502011198,0.0015928076768347843
2026-09-01T16:00:00+00:00,764.26,-0.01152398566938706,0.0015947564919902568
2026-09-01T16:05:00+00:00,763.865,-0.012034869433630302,0.0015967053071457293
2026-09-01T16:10:00+00:00,763.54,-0.012455216834590055,0.0015986541223009798
2026-09-01T16:15:00+00:00,763.01,-0.013140706442308914,0.0016006029374564523
2026-09-01T16:20:00+00:00,762.845,-0.013354113584334582,0.0016025517526117028
2026-09-01T16:25:00+00:00,762.54,-0.01374859345292756,0.0016045005677669533
2026-09-01T16:30:00+00:00,761.7,-0.01483502981233098,0.0016064493829224258
2026-09-01T16:35:00+00:00,762.205,-0.014181874620070478,0.0016083981980776763
2026-09-01T16:40:00+00:00,761.71,-0.014822096046147593,0.0016103470132331488
2026-09-01T16:45:00+00:00,761.955,-0.014505218774654938,0.0016122958283886213
2026-09-01T16:50:00+00:00,761.89,-0.014589288254846844,0.0016142446435436497
2026-09-01T16:55:00+00:00,762.32,-0.014033136308961636,0.0016161934586991222
2026-09-01T17:00:00+00:00,761.7,-0.01483502981233098,0.0016181422738545947
2026-09-01T17:05:00+00:00,761.725,-0.014802695396872512,0.0016200910890098452
2026-09-01T17:10:00+00:00,762.0,-0.014447016826829806,0.0016220399041653177
2026-09-01T17:15:00+00:00,761.62,-0.014938499941797967,0.0016239887193205682
2026-09-01T17:20:00+00:00,761.62,-0.014938499941797967,0.0016259375344758187
2026-09-01T17:25:00+00:00,761.68,-0.014860897344697865,0.0016278863496312912
2026-09-01T17:30:00+00:00,761.945,-0.014518152540838214,0.0016298351647865417
2026-09-01T17:35:00+00:00,761.915,-0.014556953839388487,0.0016317839799420142
2026-09-01T17:40:00+00:00,762.065,-0.014362947346637789,0.0016337327950974867
2026-09-01T17:45:00+00:00,761.72,-0.014809162279964205,0.0016356816102527372
2026-09-01T17:50:00+00:00,761.52,-0.015067837603631729,0.0016376304254079876
2026-09-01T17:55:00+00:00,761.82,-0.014679824618130444,0.0016395792405634602
2026-09-01T18:00:00+00:00,761.61,-0.014951433707981354,0.0016415280557187106
2026-09-01T18:05:00+00:00,761.655,-0.014893231760156223,0.0016434768708741831
2026-09-01T18:10:00+00:00,761.36,-0.015274777862565703,0.0016454256860294336
2026-09-01T18:15:00+00:00,761.75,-0.014770360981414155,0.0016473745011849061
2026-09-01T18:20:00+00:00,761.69,-0.014847963578514256,0.0016493233163401566
2026-09-01T18:25:00+00:00,761.21,-0.01546878435531629,0.001651272131495407
2026-09-01T18:30:00+00:00,760.77,-0.016037870067384885,0.0016532209466508796
2026-09-01T18:35:00+00:00,760.54,-0.01633534668960257,0.0016551697618063521
2026-09-01T18:40:00+00:00,759.86,-0.017214842790072016,0.0016571185769616026
2026-09-01T18:45:00+00:00,760.175,-0.01680742915529576,0.001659067392117075
2026-09-01T18:50:00+00:00,760.27,-0.016684558376553693,0.0016610162072721035
2026-09-01T18:55:00+00:00,760.74,-0.016076671365934936,0.001662965022427576
2026-09-01T19:00:00+00:00,761.15,-0.015546386952416613,0.0016649138375830486
2026-09-01T19:05:00+00:00,761.12,-0.015585188250966775,0.001666862652738299
2026-09-01T19:10:00+00:00,761.43,-0.015184241499282214,0.0016688114678937715
2026-09-01T19:15:00+00:00,761.4,-0.015223042797832265,0.001670760283049244
2026-09-01T19:20:00+00:00,761.28,-0.0153782479920328,0.0016727090982042725
2026-09-01T19:25:00+00:00,761.43,-0.015184241499282214,0.001674657913359745
2026-09-01T19:30:00+00:00,761.13,-0.015572254484783388,0.0016766067285152175
2026-09-01T19:35:00+00:00,760.83,-0.01596026747028456,0.001678555543670468
2026-09-01T19:40:00+00:00,761.05,-0.015675724614250486,0.0016805043588259405
2026-09-01T19:45:00+00:00,761.26,-0.015404115524399464,0.001682453173981191
2026-09-01T19:50:00+00:00,760.93,-0.01583092980845091,0.0016844019891366635
2026-09-01T19:55:00+00:00,761.63,-0.01492556617561458,0.001686350804291914
2026-09-01T20:00:00+00:00,761.9,-0.014576354488663568,0.0016882996194471644
2026-09-02T13:30:00+00:00,762.39,-0.013942599945678147,0.001690248434602637
2026-09-02T13:35:00+00:00,762.45,-0.013864997348577823,0.0016921989182205888
2026-09-02T13:40:00+00:00,762.8,-0.013412315532159824,0.0016941494018385406
2026-09-02T13:45:00+00:00,762.1,-0.014317679164995933,0.0016960998854562703
2026-09-02T13:50:00+00:00,762.44,-0.01387793111476121,0.0016980503690744442
2026-09-02T13:55:00+00:00,763.035,-0.013108372026850446,0.001700000852692396
2026-09-02T14:00:00+00:00,763.53,-0.012468150600773442,0.0017019513363103478
2026-09-02T14:05:00+00:00,763.73,-0.012209475277105919,0.0017039018199280775
2026-09-02T14:10:00+00:00,764.265,-0.011517518786295367,0.0017058523035460293
2026-09-02T14:15:00+00:00,764.855,-0.010754426581476184,0.0017078027871639812
2026-09-02T14:20:00+00:00,765.185,-0.01032761229742496,0.001709753270782155
2026-09-02T14:25:00+00:00,765.23,-0.010269410349599606,0.0017117037543998848
2026-09-02T14:30:00+00:00,765.53,-0.009881397364098432,0.0017136542380178366
2026-09-02T14:35:00+00:00,765.74,-0.009609788274247522,0.0017156047216357884
2026-09-02T14:40:00+00:00,766.29,-0.008898431134162,0.0017175552052537402
2026-09-02T14:45:00+00:00,765.825,-0.00949985126168873,0.00171950568887147
2026-09-02T14:50:00+00:00,765.43,-0.010010735025932194,0.0017214561724894217
2026-09-02T14:55:00+00:00,765.32,-0.010153006453949232,0.0017234066561075956
2026-09-02T15:00:00+00:00,765.42,-0.010023668792115581,0.0017253571397255474
2026-09-02T15:05:00+00:00,765.45,-0.009984867493565308,0.0017273076233432771
2026-09-02T15:10:00+00:00,765.53,-0.009881397364098432,0.001729258106961229
2026-09-02T15:15:00+00:00,765.975,-0.009305844768938143,0.0017312085905791808
2026-09-02T15:20:00+00:00,765.91,-0.00938991424913016,0.0017331590741971326
2026-09-02T15:25:00+00:00,766.305,-0.008879030484886918,0.0017351095578148623
2026-09-02T15:30:00+00:00,766.02,-0.009247642821113011,0.0017370600414330362
2026-09-02T15:35:00+00:00,765.84,-0.00948045061241376,0.001739010525050988
2026-09-02T15:40:00+00:00,765.67,-0.009700324637531232,0.0017409610086689398
2026-09-02T15:45:00+00:00,765.06,-0.010489284374717078,0.0017429114922868916
2026-09-02T15:50:00+00:00,765.29,-0.010191807752499393,0.0017448619759046213
2026-09-02T15:55:00+00:00,765.9,-0.009402848015313547,0.0017468124595225731
2026-09-02T16:00:00+00:00,765.81,-0.009519251910963922,0.001748762943140747
2026-09-02T16:05:00+00:00,765.66,-0.00971325840371462,0.0017507134267586988
2026-09-02T16:10:00+00:00,765.69,-0.009674457105164347,0.0017526639103764285
2026-09-02T16:15:00+00:00,765.465,-0.009965466844290338,0.0017546143939943804
2026-09-02T16:20:00+00:00,764.98,-0.010592754504183954,0.0017565648776123322
2026-09-02T16:25:00+00:00,764.81,-0.010812628529301427,0.001758515361230284
2026-09-02T16:30:00+00:00,765.16,-0.010359946712883317,0.0017604658448480137
2026-09-02T16:35:00+00:00,765.14,-0.010385814245250091,0.0017624163284661876
2026-09-02T16:40:00+00:00,764.7,-0.010954899957318465,0.0017643668120841394
2026-09-02T16:45:00+00:00,764.845,-0.010767360347659571,0.0017663172957020912
2026-09-02T16:50:00+00:00,765.14,-0.010385814245250091,0.001768267779319821
2026-09-02T16:55:00+00:00,764.92,-0.010670357101284278,0.0017702182629377727
2026-09-02T17:00:00+00:00,765.465,-0.009965466844290338,0.0017721687465557245
2026-09-02T17:05:00+00:00,764.63,-0.011045436320602176,0.0017741192301736763
2026-09-02T17:10:00+00:00,764.95,-0.010631555802734116,0.0017760697137916281
2026-09-02T17:15:00+00:00,764.6,-0.011084237619152226,0.00177802019740958
2026-09-02T17:20:00+00:00,764.63,-0.011045436320602176,0.0017799706810275318
2026-09-02T17:25:00+00:00,764.685,-0.010974300606593657,0.0017819211646454836
2026-09-02T17:30:00+00:00,764.39,-0.011355846709003137,0.0017838716482632133
2026-09-02T17:35:00+00:00,764.475,-0.011245909696444456,0.0017858221318811651
2026-09-02T17:40:00+00:00,764.8,-0.010825562295484814,0.001787772615499339
2026-09-02T17:45:00+00:00,764.98,-0.010592754504183954,0.0017897230991172908
2026-09-02T17:50:00+00:00,764.99,-0.010579820738000678,0.0017916735827350205
2026-09-02T17:55:00+00:00,765.16,-0.010359946712883317,0.0017936240663529723
2026-09-02T18:00:00+00:00,765.22,-0.010282344115782993,0.0017955745499709241
2026-09-02T18:05:00+00:00,765.12,-0.010411681777616755,0.001797525033588876
2026-09-02T18:10:00+00:00,765.18,-0.010334079180516542,0.0017994755172068277
2026-09-02T18:15:00+00:00,765.61,-0.009777927234631334,0.0018014260008247795
2026-09-02T18:20:00+00:00,765.48,-0.009946066195015257,0.0018033764844427314
2026-09-02T18:25:00+00:00,765.29,-0.010191807752499393,0.0018053269680606832
2026-09-02T18:30:00+00:00,765.26,-0.010230609051049555,0.001807277451678635
2026-09-02T18:35:00+00:00,764.81,-0.010812628529301427,0.0018092279352963647
2026-09-02T18:40:00+00:00,764.72,-0.01092903242495169,0.0018111784189143165
2026-09-02T18:45:00+00:00,764.88,-0.010722092166017827,0.0018131289025324904
2026-09-02T18:50:00+00:00,764.8,-0.010825562295484814,0.0018150793861504422
2026-09-02T18:55:00+00:00,764.79,-0.010838496061668201,0.001817029869768172
2026-09-02T19:00:00+00:00,764.9,-0.010696224633651052,0.0018189803533861237
2026-09-02T19:05:00+00:00,765.2,-0.010308211648149768,0.0018209308370040755
2026-09-02T19:10:00+00:00,765.39,-0.010062470090665632,0.0018228813206220273
2026-09-02T19:15:00+00:00,765.41,-0.010036602558298968,0.001824831804239757
2026-09-02T19:20:00+00:00,765.23,-0.010269410349599606,0.001826782287857931
2026-09-02T19:25:00+00:00,765.43,-0.010010735025932194,0.0018287327714758828
2026-09-02T19:30:00+00:00,765.305,-0.010172407103224423,0.0018306832550938346
2026-09-02T19:35:00+00:00,765.08,-0.010463416842350193,0.0018326337387115643
2026-09-02T19:40:00+00:00,765.345,-0.010120672038490763,0.0018345842223295161
2026-09-02T19:45:00+00:00,765.375,-0.010081870739940713,0.001836534705947468
2026-09-02T19:50:00+00:00,765.23,-0.010269410349599606,0.0018384851895654197
2026-09-02T19:55:00+00:00,765.13,-0.010398748011433367,0.0018404356731833715
2026-09-02T20:00:00+00:00,765.2,-0.010308211648149768,0.0018423861568013233
2026-09-03T13:30:00+00:00,768.99,-0.005406314264650658,0.0018443366404192751
2026-09-03T13:35:00+00:00,769.735,-0.004442748683989195,0.0018462878023266516
2026-09-03T13:40:00+00:00,769.79,-0.004371612969980676,0.001848238964234028
2026-09-03T13:45:00+00:00,769.64,-0.004565619462731263,0.0018501901261414044
2026-09-03T13:50:00+00:00,769.59,-0.004630288293648088,0.001852141288049003
2026-09-03T13:55:00+00:00,769.54,-0.004694957124565136,0.0018540924499561573
2026-09-03T14:00:00+00:00,768.16,-0.0064798168578708015,0.0018560436118635337
2026-09-03T14:05:00+00:00,767.78,-0.006971299972839073,0.0018579947737711322
2026-09-03T14:10:00+00:00,768.37,-0.006208207768019891,0.0018599459356782866
2026-09-03T14:15:00+00:00,768.87,-0.005561519458851194,0.001861897097585885
2026-09-03T14:20:00+00:00,768.865,-0.005567986341942888,0.0018638482594930394
2026-09-03T14:25:00+00:00,768.67,-0.005820194782518717,0.001865799421400638
2026-09-03T14:30:00+00:00,767.96,-0.006738492181538214,0.0018677505833080144
2026-09-03T14:35:00+00:00,768.2,-0.0064280817931372525,0.0018697017452151687
2026-09-03T14:40:00+00:00,768.19,-0.00644101555932064,0.0018716529071227672
2026-09-03T14:45:00+00:00,768.75,-0.005716724653051619,0.0018736040690301436
2026-09-03T14:50:00+00:00,768.62,-0.0058848636134355425,0.00187555523093752
2026-09-03T14:55:00+00:00,769.265,-0.005050635694607841,0.0018775063928448965
2026-09-03T15:00:00+00:00,770.445,-0.0035244512849695875,0.001879457554752273
2026-09-03T15:05:00+00:00,770.73,-0.0031558389487433836,0.0018814087166596494
2026-09-03T15:10:00+00:00,771.5,-0.0021599389526235635,0.0018833598785670258
2026-09-03T15:15:00+00:00,772.02,-0.001487383111088092,0.0018853110404746243
2026-09-03T15:20:00+00:00,772.11,-0.0013709792154377176,0.0018872622023817787
2026-09-03T15:25:00+00:00,772.93,-0.00031041038840096125,0.001889213364289155
2026-09-03T15:30:00+00:00,772.855,-0.0004074136347762547,0.0018911645261965315
2026-09-03T15:35:00+00:00,772.465,-0.0009118305159278028,0.001893115688103908
2026-09-03T15:40:00+00:00,772.58,-0.0007630922048189603,0.0018950668500115064
2026-09-03T15:45:00+00:00,772.935,-0.00030394350530937864,0.0018970180119186608
2026-09-03T15:50:00+00:00,773.145,-3.2334415458357135e-05,0.0018989691738262593
2026-09-03T15:55:00+00:00,773.3,0.00016813896038381237,0.0019009203357336357
2026-09-03T16:00:00+00:00,772.79,-0.0004914831149682719,0.0019028714976407901
2026-09-03T16:05:00+00:00,772.545,-0.0008083603864609268,0.0019048226595483886
2026-09-03T16:10:00+00:00,772.69,-0.0006208207768019225,0.001906773821455765
2026-09-03T16:15:00+00:00,772.77,-0.0005173506473349354,0.0019087249833631414
2026-09-03T16:20:00+00:00,772.525,-0.0008342279188277013,0.0019106761452705179
2026-09-03T16:25:00+00:00,772.45,-0.0009312311652028837,0.0019126273071778943
2026-09-03T16:30:00+00:00,772.46,-0.0009182973990194965,0.0019145784690852707
2026-09-03T16:35:00+00:00,772.95,-0.0002845428560341867,0.0019165296309926472
2026-09-03T16:40:00+00:00,773.14,-3.880129855005077e-05,0.0019184807929002456
2026-09-03T16:45:00+00:00,773.05,-0.00015520519420053613,0.0019204319548074
2026-09-03T16:50:00+00:00,772.84,-0.00042681428405122457,0.0019223831167147765
2026-09-03T16:55:00+00:00,772.88,-0.00037507921931778654,0.001924334278622153
2026-09-03T17:00:00+00:00,772.77,-0.0005173506473349354,0.0019262854405295293
2026-09-03T17:05:00+00:00,772.43,-0.0009570986975697693,0.0019282366024371278
2026-09-03T17:10:00+00:00,772.39,-0.0010088337623032073,0.0019301877643442822
2026-09-03T17:15:00+00:00,772.335,-0.0010799694763117262,0.0019321389262516586
2026-09-03T17:20:00+00:00,772.295,-0.0011317045410452753,0.001934090088159257
2026-09-03T17:25:00+00:00,772.64,-0.0006854896077188588,0.0019360412500664115
2026-09-03T17:30:00+00:00,772.85,-0.00041388051786794833,0.00193799241197401
2026-09-03T17:35:00+00:00,773.01,-0.00020694025893397416,0.0019399435738813864
2026-09-03T17:40:00+00:00,773.07,-0.00012933766183365059,0.0019418947357887628
2026-09-03T17:45:00+00:00,773.0,-0.00021987402511736143,0.0019438458976961392
2026-09-03T17:50:00+00:00,773.4,0.000297476622217685,0.0019457970596035157
2026-09-03T17:55:00+00:00,773.26,0.00011640389565048537,0.001947748221510892
2026-09-03T18:00:00+00:00,773.75,0.0007501584386357951,0.0019496993834182685
2026-09-03T18:05:00+00:00,773.795,0.0008083603864610378,0.001951650545325645
2026-09-03T18:10:00+00:00,773.89,0.0009312311652029948,0.0019536017072330214
2026-09-03T18:15:00+00:00,773.72,0.0007113571400856333,0.001955552869140398
2026-09-03T18:20:00+00:00,773.71,0.0006984233739022461,0.0019575040310477743
2026-09-03T18:25:00+00:00,773.72,0.0007113571400856333,0.0019594551929551507
2026-09-03T18:30:00+00:00,773.855,0.0008859629835613614,0.001961406354862749
2026-09-03T18:35:00+00:00,773.81,0.0008277610357358967,0.0019633575167699036
2026-09-03T18:40:00+00:00,773.6,0.0005561519458852082,0.00196530867867728
2026-09-03T18:45:00+00:00,773.76,0.0007630922048191824,0.0019672598405848785
2026-09-03T18:50:00+00:00,773.57,0.0005173506473350464,0.001969211002492033
2026-09-03T18:55:00+00:00,773.67,0.000646688309168697,0.0019711621643996313
2026-09-03T19:00:00+00:00,773.59,0.000543218179701821,0.0019731133263070078
2026-09-03T19:05:00+00:00,773.56,0.0005044168811516592,0.001975064488214384
2026-09-03T19:10:00+00:00,773.39,0.00028454285603429774,0.0019770156501217606
2026-09-03T19:15:00+00:00,773.59,0.000543218179701821,0.001978966812029137
2026-09-03T19:20:00+00:00,773.18,1.2933766183387263e-05,0.0019809179739365135
2026-09-03T19:25:00+00:00,773.415,0.0003168772714927659,0.00198286913584389
2026-09-03T19:30:00+00:00,773.33,0.0002069402589341962,0.0019848202977512663
2026-09-03T19:35:00+00:00,773.43,0.0003362779207678468,0.0019867714596586428
2026-09-03T19:40:00+00:00,773.235,8.406948019201721e-05,0.001988722621566019
2026-09-03T19:45:00+00:00,773.26,0.00011640389565048537,0.0019906737834733956
2026-09-03T19:50:00+00:00,773.22,6.466883091693632e-05,0.001992624945380772
2026-09-03T19:55:00+00:00,773.22,6.466883091693632e-05,0.0019945761072883705
2026-09-03T20:00:00+00:00,773.115,-7.113571400851892e-05,0.001996527269195525
2026-09-04T13:30:00+00:00,772.71,-0.000594953244435148,0.0019984784311029014
2026-09-04T13:35:00+00:00,772.505,-0.0008600954511943648,0.002000430761503358
2026-09-04T13:40:00+00:00,772.14,-0.0013321779168875558,0.0020023830919035923
2026-09-04T13:45:00+00:00,772.53,-0.0008277610357360077,0.002004335422304049
2026-09-04T13:50:00+00:00,772.385,-0.001015300645394901,0.0020062877527045053
2026-09-04T13:55:00+00:00,772.31,-0.0011123038917703054,0.0020082400831047398
2026-09-04T14:00:00+00:00,771.95,-0.0015779194743715808,0.0020101924135051963
2026-09-04T14:05:00+00:00,771.55,-0.002095270121706738,0.002012144743905653
2026-09-04T14:10:00+00:00,771.64,-0.001978866226056364,0.0020140970743058872
2026-09-04T14:15:00+00:00,770.96,-0.0028583623265258096,0.0020160494047063438
2026-09-04T14:20:00+00:00,771.08,-0.0027031571323252734,0.0020180017351068003
2026-09-04T14:25:00+00:00,771.21,-0.00253501817194135,0.0020199540655070347
2026-09-04T14:30:00+00:00,770.77,-0.0031041038840099455,0.002021906395907491
2026-09-04T14:35:00+00:00,771.1,-0.002677289599958499,0.0020238587263079477
2026-09-04T14:40:00+00:00,770.3,-0.0037119908946285918,0.002025811056708182
2026-09-04T14:45:00+00:00,769.79,-0.004371612969980676,0.0020277633871086387
2026-09-04T14:50:00+00:00,769.56,-0.004669089592198361,0.002029715717509095
2026-09-04T14:55:00+00:00,769.42,-0.004850162318765561,0.0020316680479093296
2026-09-04T15:00:00+00:00,769.49,-0.004759625955481961,0.002033620378309786
2026-09-04T15:05:00+00:00,769.69,-0.004500950631814327,0.0020355727087102427
2026-09-04T15:10:00+00:00,769.87,-0.004268142840513689,0.002037525039110477
2026-09-04T15:15:00+00:00,769.365,-0.00492129803277408,0.0020394773695109336
2026-09-04T15:20:00+00:00,769.27,-0.005044168811516148,0.00204142969991139
2026-09-04T15:25:00+00:00,769.47,-0.004785493487848624,0.0020433820303116246
2026-09-04T15:30:00+00:00,769.21,-0.00512177140861636,0.002045334360712081
2026-09-04T15:35:00+00:00,769.515,-0.004727291540023493,0.0020472866911123155
2026-09-04T15:40:00+00:00,769.99,-0.004112937646313153,0.002049239021512772
2026-09-04T15:45:00+00:00,769.82,-0.004332811671430514,0.0020511913519132285
2026-09-04T15:50:00+00:00,769.95,-0.004164672711046591,0.002053143682313463
2026-09-04T15:55:00+00:00,769.95,-0.004164672711046591,0.0020550960127139195
2026-09-04T16:00:00+00:00,770.115,-0.003951265569021034,0.002057048343114376
2026-09-04T16:05:00+00:00,770.34,-0.0036602558298950427,0.0020590006735146105
2026-09-04T16:10:00+00:00,770.73,-0.0031558389487433836,0.002060953003915067
2026-09-04T16:15:00+00:00,770.85,-0.0030006337545429584,0.0020629053343155235
2026-09-04T16:20:00+00:00,770.88,-0.0029618324559927967,0.002064857664715758
2026-09-04T16:25:00+00:00,770.67,-0.003233441545843707,0.0020668099951162144
2026-09-04T16:30:00+00:00,770.9,-0.002935964923626133,0.002068762325516449
2026-09-04T16:35:00+00:00,770.79,-0.003078236351643282,0.0020707146559166834
2026-09-04T16:40:00+00:00,770.93,-0.0028971636250759714,0.00207266698631714
2026-09-04T16:45:00+00:00,771.205,-0.0025414850550330437,0.0020746193167175964
2026-09-04T16:50:00+00:00,771.105,-0.0026708227168668053,0.002076571647117831
2026-09-04T16:55:00+00:00,770.895,-0.0029424318067177158,0.0020785239775182873
2026-09-04T17:00:00+00:00,770.5,-0.0034533155709610686,0.002080476307918744
2026-09-04T17:05:00+00:00,770.42,-0.0035567857004280556,0.0020824286383189783
2026-09-04T17:10:00+00:00,770.36,-0.003634388297528268,0.002084380968719435
2026-09-04T17:15:00+00:00,770.28,-0.0037378584269953663,0.0020863332991198913
2026-09-04T17:20:00+00:00,770.1,-0.003970666218296004,0.0020882856295201258
2026-09-04T17:25:00+00:00,769.85,-0.0042940103728803525,0.0020902379599205823
2026-09-04T17:30:00+00:00,769.64,-0.004565619462731263,0.0020921902903210388
2026-09-04T17:35:00+00:00,769.645,-0.00455915257963968,0.0020941426207212732
2026-09-04T17:40:00+00:00,769.34,-0.004953632448232548,0.0020960949511217297
2026-09-04T17:45:00+00:00,769.395,-0.004882496734224029,0.0020980472815221862
2026-09-04T17:50:00+00:00,769.39,-0.0048889636173157225,0.0020999996119224207
2026-09-04T17:55:00+00:00,769.47,-0.004785493487848624,0.002101951942322877
2026-09-04T18:00:00+00:00,769.31,-0.00499243374678271,0.0021039042727233337
2026-09-04T18:05:00+00:00,769.58,-0.0046432220598314755,0.002105856603123568
2026-09-04T18:10:00+00:00,769.655,-0.004546218813456293,0.0021078089335240247
2026-09-04T18:15:00+00:00,769.75,-0.004423348034714225,0.002109761263924481
2026-09-04T18:20:00+00:00,769.91,-0.004216407775780251,0.0021117135943247156
2026-09-04T18:25:00+00:00,769.875,-0.004261675957421995,0.002113665924725172
2026-09-04T18:30:00+00:00,769.995,-0.004106470763221459,0.0021156182551256286
2026-09-04T18:35:00+00:00,769.855,-0.00428754348978877,0.002117570585525863
2026-09-04T18:40:00+00:00,770.15,-0.0039059973873791787,0.0021195229159263196
2026-09-04T18:45:00+00:00,770.22,-0.003815461024095468,0.002121475246326776
2026-09-04T18:50:00+00:00,770.25,-0.003776659725545417,0.0021234275767270105
2026-09-04T18:55:00+00:00,770.26,-0.00376372595936203,0.002125379907127467
2026-09-04T19:00:00+00:00,769.71,-0.004475083099447663,0.0021273322375279236
2026-09-04T19:05:00+00:00,769.685,-0.004507417514906131,0.002129284567928158
2026-09-04T19:10:00+00:00,769.615,-0.004597953878189731,0.0021312368983286145
2026-09-04T19:15:00+00:00,769.66,-0.0045397519303645995,0.002133189228729071
2026-09-04T19:20:00+00:00,769.77,-0.004397480502347451,0.0021351415591293055
2026-09-04T19:25:00+00:00,769.95,-0.004164672711046591,0.002137093889529762
2026-09-04T19:30:00+00:00,769.985,-0.0041194045294048465,0.0021390462199302185
2026-09-04T19:35:00+00:00,769.755,-0.0044168811516225315,0.002140998550330453
2026-09-04T19:40:00+00:00,769.9,-0.004229341541963527,0.0021429508807309094
2026-09-04T19:45:00+00:00,770.13,-0.003931864919745953,0.002144903211131144
2026-09-04T19:50:00+00:00,770.395,-0.003589120115886524,0.0021468555415316004
2026-09-04T19:55:00+00:00,770.18,-0.003867196088829128,0.002148807871932057
2026-09-04T20:00:00+00:00,770.18,-0.003867196088829128,0.0021507602023322914
2026-09-08T13:30:00+00:00,768.825,-0.005619721406676326,0.002152712532732748
2026-09-08T13:35:00+00:00,768.16,-0.0064798168578708015,0.002154666700318719
2026-09-08T13:40:00+00:00,767.26,-0.007643855814374545,0.0021566208679046905
2026-09-08T13:45:00+00:00,767.72,-0.007048902569939286,0.00215857503549044
2026-09-08T13:50:00+00:00,767.26,-0.007643855814374545,0.002160529203076411
2026-09-08T13:55:00+00:00,767.44,-0.007411048023073685,0.0021624833706623825
2026-09-08T14:00:00+00:00,766.96,-0.008031868799875719,0.002164437538248354
2026-09-08T14:05:00+00:00,766.42,-0.008730292173778076,0.002166391705834103
2026-09-08T14:10:00+00:00,766.46,-0.008678557109044527,0.0021683458734200745
2026-09-08T14:15:00+00:00,766.58,-0.00852335191484399,0.002170300041006046
2026-09-08T14:20:00+00:00,767.05,-0.007915464904225455,0.002172254208592017
2026-09-08T14:25:00+00:00,766.71,-0.008355212954460067,0.0021742083761777664
2026-09-08T14:30:00+00:00,767.005,-0.007973666852050587,0.0021761625437637377
2026-09-08T14:35:00+00:00,766.9,-0.008109471396976042,0.002178116711349709
2026-09-08T14:40:00+00:00,767.115,-0.007831395424033438,0.0021800708789356804
2026-09-08T14:45:00+00:00,767.26,-0.007643855814374545,0.0021820250465214297
2026-09-08T14:50:00+00:00,767.63,-0.00716530646558966,0.002183979214107401
2026-09-08T14:55:00+00:00,767.65,-0.007139438933222997,0.0021859333816933724
2026-09-08T15:00:00+00:00,767.695,-0.007081236985397643,0.0021878875492793437
2026-09-08T15:05:00+00:00,767.68,-0.007100637634672835,0.002189841716865093
2026-09-08T15:10:00+00:00,768.04,-0.006635022052071338,0.0021917958844510643
2026-09-08T15:15:00+00:00,768.02,-0.006660889584438112,0.0021937500520370357
2026-09-08T15:20:00+00:00,768.0,-0.006686757116804776,0.002195704219623007
2026-09-08T15:25:00+00:00,767.83,-0.006906631141922137,0.0021976583872087563
2026-09-08T15:30:00+00:00,767.785,-0.00696483308974738,0.0021996125547947276
2026-09-08T15:35:00+00:00,767.51,-0.0073205116597901965,0.002201566722380699
2026-09-08T15:40:00+00:00,767.96,-0.006738492181538214,0.0022035208899666703
2026-09-08T15:45:00+00:00,767.565,-0.0072493759457815665,0.0022054750575526416
2026-09-08T15:50:00+00:00,767.545,-0.007275243478148452,0.002207429225138391
2026-09-08T15:55:00+00:00,767.395,-0.007469249970899039,0.0022093833927243622
2026-09-08T16:00:00+00:00,767.655,-0.007132972050131303,0.0022113375603103336
2026-09-08T16:05:00+00:00,767.37,-0.007501584386357396,0.002213291727896305
2026-09-08T16:10:00+00:00,767.245,-0.007663256463649626,0.002215245895482054
2026-09-08T16:15:00+00:00,766.925,-0.008077136981517685,0.0022172000630680255
2026-09-08T16:20:00+00:00,767.4,-0.007462783087807345,0.002219154230654219
2026-09-08T16:25:00+00:00,767.08,-0.007876663605675183,0.0022211083982401902
2026-09-08T16:30:00+00:00,767.2,-0.0077214584114747575,0.0022230625658259395
2026-09-08T16:35:00+00:00,766.97,-0.008018935033692332,0.002225016733411911
2026-09-08T16:40:00+00:00,767.005,-0.007973666852050587,0.002226970900997882
2026-09-08T16:45:00+00:00,767.245,-0.007663256463649626,0.0022289250685838535
2026-09-08T16:50:00+00:00,767.24,-0.0076697233467413195,0.002230879236169603
2026-09-08T16:55:00+00:00,766.95,-0.008044802566059106,0.002232833403755574
2026-09-08T17:00:00+00:00,767.87,-0.006854896077188699,0.0022347875713415455
2026-09-08T17:05:00+00:00,767.58,-0.007229975296506486,0.002236741738927517
2026-09-08T17:10:00+00:00,767.635,-0.007158839582497967,0.002238695906513266
2026-09-08T17:15:00+00:00,767.63,-0.00716530646558966,0.0022406500740992374
2026-09-08T17:20:00+00:00,767.68,-0.007100637634672835,0.0022426042416852088
2026-09-08T17:25:00+00:00,767.475,-0.007365779841431941,0.00224455840927118
2026-09-08T17:30:00+00:00,767.72,-0.007048902569939286,0.0022465125768569294
2026-09-08T17:35:00+00:00,767.695,-0.007081236985397643,0.0022484667444429007
2026-09-08T17:40:00+00:00,767.315,-0.007572720100365915,0.002250420912028872
2026-09-08T17:45:00+00:00,767.59,-0.007217041530323098,0.0022523750796148434
2026-09-08T17:50:00+00:00,767.76,-0.006997167505205848,0.0022543292472008147
2026-09-08T17:55:00+00:00,767.56,-0.007255842828873371,0.002256283414786564
2026-09-08T18:00:00+00:00,767.59,-0.007217041530323098,0.0022582375823725354
2026-09-08T18:05:00+00:00,767.77,-0.006984233739022461,0.0022601917499585067
2026-09-08T18:10:00+00:00,767.76,-0.006997167505205848,0.002262145917544478
2026-09-08T18:15:00+00:00,767.81,-0.006932498674289023,0.0022641000851302273
2026-09-08T18:20:00+00:00,767.61,-0.007191173997956435,0.0022660542527161986
2026-09-08T18:25:00+00:00,767.765,-0.006990700622114154,0.00226800842030217
2026-09-08T18:30:00+00:00,767.525,-0.007301111010515116,0.0022699625878881413
2026-09-08T18:35:00+00:00,767.17,-0.007760259710024919,0.0022719167554738906
2026-09-08T18:40:00+00:00,767.52,-0.007307577893606809,0.002273870923059862
2026-09-08T18:45:00+00:00,766.26,-0.00893723243271205,0.0022758250906458333
2026-09-08T18:50:00+00:00,766.98,-0.008006001267509055,0.0022777792582318046
2026-09-08T18:55:00+00:00,766.79,-0.008251742824993191,0.002279733425817554
2026-09-08T19:00:00+00:00,766.63,-0.008458683083927165,0.0022816875934035252
2026-09-08T19:05:00+00:00,766.825,-0.008206474643351336,0.0022836417609894966
2026-09-08T19:10:00+00:00,766.91,-0.008096537630792655,0.002285595928575468
2026-09-08T19:15:00+00:00,766.715,-0.008348746071368374,0.002287550096161217
2026-09-08T19:20:00+00:00,766.58,-0.00852335191484399,0.0022895042637471885
2026-09-08T19:25:00+00:00,766.97,-0.008018935033692332,0.00229145843133316
2026-09-08T19:30:00+00:00,767.09,-0.007863729839491906,0.002293412598919131
2026-09-08T19:35:00+00:00,766.99,-0.007993067501325668,0.0022953667665048805
2026-09-08T19:40:00+00:00,766.82,-0.008212941526442918,0.002297320934090852
2026-09-08T19:45:00+00:00,766.54,-0.00857508697957754,0.002299275101676823
2026-09-08T19:50:00+00:00,765.71,-0.009648589572797572,0.0023012292692627945
2026-09-08T19:55:00+00:00,766.06,-0.009195907756379573,0.0023031834368485438
2026-09-08T20:00:00+00:00,766.06,-0.009195907756379573,0.002305137604434515
2026-09-09T13:30:00+00:00,764.155,-0.011659790214312515,0.0023070917720204864
2026-09-09T13:35:00+00:00,763.8,-0.01211893891382232,0.0023090462406412104
2026-09-09T13:40:00+00:00,763.75,-0.012183607744739144,0.0023110007092621565
2026-09-09T13:45:00+00:00,763.885,-0.012009001901263638,0.0023129551778828805
2026-09-09T13:50:00+00:00,763.785,-0.0121383395630974,0.0023149096465036045
2026-09-09T13:55:00+00:00,764.13,-0.011692124629770873,0.0023168641151243285
2026-09-09T14:00:00+00:00,763.84,-0.01206720384908877,0.0023188185837452746
2026-09-09T14:05:00+00:00,764.06,-0.011782660993054583,0.0023207730523659986
2026-09-09T14:10:00+00:00,763.885,-0.012009001901263638,0.0023227275209867226
2026-09-09T14:15:00+00:00,763.055,-0.013082504494483782,0.0023246819896074467
2026-09-09T14:20:00+00:00,762.705,-0.013535186310901781,0.0023266364582283927
2026-09-09T14:25:00+00:00,763.98,-0.01188613112252146,0.0023285909268491167
2026-09-09T14:30:00+00:00,763.485,-0.012526352548598574,0.0023305453954698407
2026-09-09T14:35:00+00:00,763.605,-0.012371147354398038,0.0023324998640905648
2026-09-09T14:40:00+00:00,763.72,-0.012222409043289195,0.002334454332711511
2026-09-09T14:45:00+00:00,763.73,-0.012209475277105919,0.002336408801332235
2026-09-09T14:50:00+00:00,763.65,-0.012312945406572906,0.002338363269952959
2026-09-09T14:55:00+00:00,763.78,-0.012144806446189094,0.002340317738573683
2026-09-09T15:00:00+00:00,762.87,-0.013321779168876113,0.002342272207194629
2026-09-09T15:05:00+00:00,762.18,-0.014214209035529057,0.002344226675815353
2026-09-09T15:10:00+00:00,761.63,-0.01492556617561458,0.002346181144436077
2026-09-09T15:15:00+00:00,761.97,-0.014485818125379857,0.002348135613056801
2026-09-09T15:20:00+00:00,761.07,-0.0156498570818836,0.002350090081677747
2026-09-09T15:25:00+00:00,761.54,-0.015041970071265065,0.002352044550298471
2026-09-09T15:30:00+00:00,762.15,-0.014253010334079108,0.002353999018919195
2026-09-09T15:35:00+00:00,762.89,-0.01329591163650945,0.002355953487540141
2026-09-09T15:40:00+00:00,762.23,-0.014149540204612121,0.002357907956160865
2026-09-09T15:45:00+00:00,762.29,-0.014071937607511908,0.002359862424781589
2026-09-09T15:50:00+00:00,762.54,-0.01374859345292756,0.002361816893402313
2026-09-09T15:55:00+00:00,762.18,-0.014214209035529057,0.002363771362023259
2026-09-09T16:00:00+00:00,762.37,-0.013968467478044921,0.0023657258306439832
2026-09-09T16:05:00+00:00,761.58,-0.014990235006531405,0.0023676802992647072
2026-09-09T16:10:00+00:00,761.645,-0.01490616552633961,0.0023696347678854313
2026-09-09T16:15:00+00:00,761.44,-0.015171307733098716,0.0023715892365063773
2026-09-09T16:20:00+00:00,761.74,-0.014783294747597542,0.0023735437051273234
2026-09-09T16:25:00+00:00,761.62,-0.014938499941797967,0.0023754981737480474
2026-09-09T16:30:00+00:00,762.09,-0.01433061293117932,0.0023774526423687714
2026-09-09T16:35:00+00:00,762.25,-0.014123672672245347,0.0023794071109897175
2026-09-09T16:40:00+00:00,762.36,-0.013981401244228198,0.0023813615796104415
2026-09-09T16:45:00+00:00,762.5,-0.013800328517660998,0.0023833160482311655
2026-09-09T16:50:00+00:00,762.685,-0.013561053843268667,0.0023852705168518895
2026-09-09T16:55:00+00:00,762.56,-0.013722725920560785,0.0023872249854728356
2026-09-09T17:00:00+00:00,762.38,-0.013955533711861534,0.0023891794540935596
2026-09-09T17:05:00+00:00,762.65,-0.013606322024910411,0.0023911339227142836
2026-09-09T17:10:00+00:00,763.12,-0.012998435014291765,0.0023930883913350076
2026-09-09T17:15:00+00:00,762.91,-0.013270044104142675,0.0023950428599559537
2026-09-09T17:20:00+00:00,763.19,-0.012907898651008054,0.0023969973285766777
2026-09-09T17:25:00+00:00,762.92,-0.013257110337959288,0.0023989517971974017
2026-09-09T17:30:00+00:00,762.81,-0.013399381765976437,0.0024009062658181257
2026-09-09T17:35:00+00:00,762.44,-0.01387793111476121,0.0024028607344390718
2026-09-09T17:40:00+00:00,762.94,-0.013231242805592403,0.002404815203059796
2026-09-09T17:45:00+00:00,763.09,-0.013037236312841816,0.00240676967168052
2026-09-09T17:50:00+00:00,763.27,-0.012804428521541178,0.002408724140301466
2026-09-09T17:55:00+00:00,763.025,-0.013121305793033833,0.00241067860892219
2026-09-09T18:00:00+00:00,763.08,-0.013050170079025203,0.002412633077542914
2026-09-09T18:05:00+00:00,762.74,-0.013489918129260037,0.002414587546163638
2026-09-09T18:10:00+00:00,762.46,-0.013852063582394436,0.002416542014784584
2026-09-09T18:15:00+00:00,762.525,-0.01376799410220264,0.002418496483405308
2026-09-09T18:20:00+00:00,762.965,-0.013198908390134045,0.002420450952026032
2026-09-09T18:25:00+00:00,762.835,-0.013367047350517858,0.002422405420646756
2026-09-09T18:30:00+00:00,762.74,-0.013489918129260037,0.002424359889267702
2026-09-09T18:35:00+00:00,763.0,-0.013153640208492301,0.002426314357888426
2026-09-09T18:40:00+00:00,763.2,-0.012894964884824667,0.00242826882650915
2026-09-09T18:45:00+00:00,762.97,-0.013192441507042352,0.002430223295129874
2026-09-09T18:50:00+00:00,763.28,-0.01279149475535779,0.00243217776375082
2026-09-09T18:55:00+00:00,762.92,-0.013257110337959288,0.002434132232371544
2026-09-09T19:00:00+00:00,762.68,-0.01356752072636036,0.002436086700992268
2026-09-09T19:05:00+00:00,763.1,-0.013024302546658428,0.0024380411696129922
2026-09-09T19:10:00+00:00,762.96,-0.013205375273225739,0.0024399956382339383
2026-09-09T19:15:00+00:00,763.3,-0.012765627222991016,0.0024419501068546623
2026-09-09T19:20:00+00:00,763.22,-0.012869097352458003,0.0024439045754753863
2026-09-09T19:25:00+00:00,763.12,-0.012998435014291765,0.0024458590440961103
2026-09-09T19:30:00+00:00,763.03,-0.01311483890994214,0.0024478135127170564
2026-09-09T19:35:00+00:00,762.795,-0.013418782415251518,0.0024497679813377804
2026-09-09T19:40:00+00:00,762.84,-0.013360580467426164,0.0024517224499585044
2026-09-09T19:45:00+00:00,762.83,-0.013373514233609551,0.0024536769185794505
2026-09-09T19:50:00+00:00,762.415,-0.01391026553021979,0.0024556313872001745
2026-09-09T19:55:00+00:00,762.425,-0.013897331764036402,0.0024575858558208985
2026-09-09T20:00:00+00:00,762.28,-0.014084871373695296,0.0024595403244416225
2026-09-10T13:30:00+00:00,757.79,-0.019892132390030626,0.0024614947930625686
2026-09-10T13:35:00+00:00,758.43,-0.019064371354294618,0.0024634495627646746
2026-09-10T13:40:00+00:00,758.135,-0.01944591745670421,0.0024654043324665587
2026-09-10T13:45:00+00:00,758.66,-0.018766894732077044,0.0024673591021686647
2026-09-10T13:50:00+00:00,757.32,-0.02050001940064916,0.0024693138718705487
2026-09-10T13:55:00+00:00,756.81,-0.021159641476001467,0.002471268641572655
2026-09-10T14:00:00+00:00,757.26,-0.020577621997749485,0.002473223411274761
2026-09-10T14:05:00+00:00,756.75,-0.02123724407310157,0.002475178180976645
2026-09-10T14:10:00+00:00,757.355,-0.020454751219007417,0.002477132950678751
2026-09-10T14:15:00+00:00,758.08,-0.019517053170712728,0.002479087720380635
2026-09-10T14:20:00+00:00,759.33,-0.017900332397790764,0.002481042490082741
2026-09-10T14:25:00+00:00,758.71,-0.018702225901160108,0.002482997259784847
2026-09-10T14:30:00+00:00,758.995,-0.018333613564933904,0.002484952029486731
2026-09-10T14:35:00+00:00,759.325,-0.017906799280882457,0.002486906799188837
2026-09-10T14:40:00+00:00,758.79,-0.01859875577169312,0.0024888615688909432
2026-09-10T14:45:00+00:00,758.81,-0.018572888239326457,0.0024908163385928273
2026-09-10T14:50:00+00:00,759.16,-0.018120206422908236,0.0024927711082949333
2026-09-10T14:55:00+00:00,759.39,-0.017822729800690662,0.0024947258779968173
2026-09-10T15:00:00+00:00,758.85,-0.018521153174592797,0.0024966806476989234
2026-09-10T15:05:00+00:00,759.07,-0.0182366103185585,0.0024986354174010295
2026-09-10T15:10:00+00:00,759.07,-0.0182366103185585,0.0025005901871029135
2026-09-10T15:15:00+00:00,759.01,-0.018314212915658823,0.0025025449568050195
2026-09-10T15:20:00+00:00,759.3,-0.017939133696341036,0.0025044997265069036
2026-09-10T15:25:00+00:00,759.185,-0.01808787200744988,0.0025064544962090096
2026-09-10T15:30:00+00:00,759.42,-0.0177839285021405,0.0025084092659111157
2026-09-10T15:35:00+00:00,759.22,-0.018042603825807912,0.0025103640356129997
2026-09-10T15:40:00+00:00,759.42,-0.0177839285021405,0.0025123188053151058
2026-09-10T15:45:00+00:00,759.135,-0.018152540838366704,0.0025142735750169898
2026-09-10T15:50:00+00:00,758.65,-0.01877982849826043,0.002516228344719096
2026-09-10T15:55:00+00:00,758.56,-0.018896232393910806,0.002518183114421202
2026-09-10T16:00:00+00:00,758.54,-0.01892209992627758,0.002520137884123086
2026-09-10T16:05:00+00:00,758.095,-0.019497652521437647,0.002522092653825192
2026-09-10T16:10:00+00:00,758.155,-0.019420049924337435,0.002524047423527298
2026-09-10T16:15:00+00:00,758.12,-0.01946531810597918,0.002526002193229182
2026-09-10T16:20:00+00:00,758.05,-0.01955585446926289,0.00252795696293151
2026-09-10T16:25:00+00:00,758.085,-0.019510586287621035,0.002529911732633394
2026-09-10T16:30:00+00:00,757.54,-0.020215476544614974,0.0025318665023355003
2026-09-10T16:35:00+00:00,758.22,-0.019335980444145418,0.0025338212720376063
2026-09-10T16:40:00+00:00,758.86,-0.01850821940840941,0.0025357760417394903
2026-09-10T16:45:00+00:00,758.91,-0.018443550577492696,0.0025377308114415964
2026-09-10T16:50:00+00:00,759.16,-0.018120206422908236,0.0025396855811434804
2026-09-10T16:55:00+00:00,759.205,-0.018062004475082993,0.0025416403508455865
2026-09-10T17:00:00+00:00,758.99,-0.018340080448025597,0.0025435951205476925
2026-09-10T17:05:00+00:00,758.97,-0.018365947980392372,0.0025455498902495766
2026-09-10T17:10:00+00:00,759.035,-0.018281878500200466,0.0025475046599516826
2026-09-10T17:15:00+00:00,758.97,-0.018365947980392372,0.0025494594296535666
2026-09-10T17:20:00+00:00,758.65,-0.01877982849826043,0.0025514141993556727
2026-09-10T17:25:00+00:00,758.635,-0.0187992291475354,0.0025533689690577788
2026-09-10T17:30:00+00:00,758.65,-0.01877982849826043,0.002555323738759663
2026-09-10T17:35:00+00:00,758.06,-0.019542920703079503,0.002557278508461769
2026-09-10T17:40:00+00:00,758.45,-0.019038503821927844,0.002559233278163653
2026-09-10T17:45:00+00:00,758.25,-0.019297179145595367,0.002561188047865759
2026-09-10T17:50:00+00:00,758.36,-0.019154907717578218,0.002563142817567865
2026-09-10T17:55:00+00:00,758.305,-0.019226043431586848,0.002565097587269749
2026-09-10T18:00:00+00:00,757.98,-0.01964639083254649,0.002567052356971855
2026-09-10T18:05:00+00:00,757.74,-0.01995680122094745,0.002569007126673961
2026-09-10T18:10:00+00:00,757.74,-0.01995680122094745,0.002570961896375845
2026-09-10T18:15:00+00:00,757.71,-0.019995602519497502,0.0025729166660779512
2026-09-10T18:20:00+00:00,757.8,-0.01987919862384724,0.0025748714357798352
2026-09-10T18:25:00+00:00,757.69,-0.020021470051864276,0.0025768262054819413
2026-09-10T18:30:00+00:00,757.61,-0.020124940181331374,0.0025787809751840474
2026-09-10T18:35:00+00:00,757.83,-0.019840397325297077,0.0025807357448859314
2026-09-10T18:40:00+00:00,757.82,-0.019853331091480464,0.0025826905145880374
2026-09-10T18:45:00+00:00,757.8,-0.01987919862384724,0.0025846452842899215
2026-09-10T18:50:00+00:00,757.95,-0.01968519213109654,0.0025866000539920275
2026-09-10T18:55:00+00:00,757.775,-0.019911533039305707,0.0025885548236941336
2026-09-10T19:00:00+00:00,757.335,-0.02048061875137408,0.0025905095933960176
2026-09-10T19:05:00+00:00,757.97,-0.019659324598729766,0.0025924643630981237
2026-09-10T19:10:00+00:00,757.83,-0.019840397325297077,0.0025944191328000077
2026-09-10T19:15:00+00:00,757.505,-0.02026074472625683,0.0025963739025021138
2026-09-10T19:20:00+00:00,757.715,-0.01998913563640592,0.00259832867220422
2026-09-10T19:25:00+00:00,757.615,-0.02011847329823968,0.002600283441906104
2026-09-10T19:30:00+00:00,757.925,-0.01971752654655512,0.00260223821160821
2026-09-10T19:35:00+00:00,758.01,-0.019607589533996328,0.002604192981310094
2026-09-10T19:40:00+00:00,758.03,-0.019581722001629664,0.0026061477510122
2026-09-10T19:45:00+00:00,758.15,-0.01942651680742913,0.002608102520714306
2026-09-10T19:50:00+00:00,757.86,-0.019801596026746915,0.00261005729041619
2026-09-10T19:55:00+00:00,757.87,-0.01978866226056364,0.002612012060118296
2026-09-10T20:00:00+00:00,757.87,-0.01978866226056364,0.002613966829820402
2026-09-11T13:30:00+00:00,765.775,-0.009564520092605777,0.002615921599522286
2026-09-11T13:35:00+00:00,765.52,-0.00989433113028182,0.0026178766703519596
2026-09-11T13:40:00+00:00,765.43,-0.010010735025932194,0.002619831741181633
2026-09-11T13:45:00+00:00,764.97,-0.010605688270367342,0.0026217868120113064
2026-09-11T13:50:00+00:00,765.055,-0.010495751257808772,0.0026237418828407577
2026-09-11T13:55:00+00:00,766.27,-0.008924298666528663,0.002625696953670431
2026-09-11T14:00:00+00:00,765.42,-0.010023668792115581,0.0026276520245001045
2026-09-11T14:05:00+00:00,765.34,-0.010127138921582457,0.002629607095329778
2026-09-11T14:10:00+00:00,764.87,-0.010735025932201103,0.0026315621661594513
2026-09-11T14:15:00+00:00,765.74,-0.009609788274247522,0.0026335172369891247
2026-09-11T14:20:00+00:00,765.73,-0.009622722040430909,0.002635472307818576
2026-09-11T14:25:00+00:00,765.83,-0.009493384378597147,0.0026374273786482494
2026-09-11T14:30:00+00:00,764.74,-0.010903164892585027,0.0026393824494779228
2026-09-11T14:35:00+00:00,764.34,-0.011420515539919962,0.002641337520307596
2026-09-11T14:40:00+00:00,764.045,-0.011802061642329664,0.0026432925911372696
2026-09-11T14:45:00+00:00,764.73,-0.010916098658768414,0.002645247661966943
2026-09-11T14:50:00+00:00,764.09,-0.01174385969450431,0.0026472027327963943
2026-09-11T14:55:00+00:00,763.965,-0.01190553177179654,0.0026491578036260677
2026-09-11T15:00:00+00:00,764.66,-0.011006635022052014,0.002651112874455741
2026-09-11T15:05:00+00:00,764.89,-0.01070915839983444,0.0026530679452854145
2026-09-11T15:10:00+00:00,764.59,-0.011097171385335614,0.002655023016115088
2026-09-11T15:15:00+00:00,765.375,-0.010081870739940713,0.0026569780869447612
2026-09-11T15:20:00+00:00,765.86,-0.009454583080046985,0.0026589331577742126
2026-09-11T15:25:00+00:00,765.99,-0.009286444119663173,0.002660888228603886
2026-09-11T15:30:00+00:00,765.905,-0.009396381132221854,0.0026628432994335594
2026-09-11T15:35:00+00:00,765.96,-0.009325245418213224,0.0026647983702632327
2026-09-11T15:40:00+00:00,766.135,-0.00909890451000428,0.002666753441092906
2026-09-11T15:45:00+00:00,765.975,-0.009305844768938143,0.0026687085119225795
2026-09-11T15:50:00+00:00,765.54,-0.009868463597915045,0.002670663582752253
2026-09-11T15:55:00+00:00,765.78,-0.009558053209514084,0.0026726186535817043
2026-09-11T16:00:00+00:00,766.18,-0.009040702562179148,0.0026745737244113776
2026-09-11T16:05:00+00:00,765.85,-0.009467516846230373,0.002676528795241051
2026-09-11T16:10:00+00:00,765.55,-0.009855529831731658,0.0026784838660707244
2026-09-11T16:15:00+00:00,765.52,-0.00989433113028182,0.002680438936900398
2026-09-11T16:20:00+00:00,765.36,-0.010101271389215793,0.0026823940077302932
2026-09-11T16:25:00+00:00,764.87,-0.010735025932201103,0.0026843490785597446
2026-09-11T16:30:00+00:00,765.645,-0.00973265905298959,0.002686304149389418
2026-09-11T16:35:00+00:00,764.92,-0.010670357101284278,0.0026882592202190914
2026-09-11T16:40:00+00:00,765.47,-0.009958999961198645,0.0026902142910487647
2026-09-11T16:45:00+00:00,765.37,-0.010088337623032406,0.002692169361878438
2026-09-11T16:50:00+00:00,765.41,-0.010036602558298968,0.0026941244327081115
2026-09-11T16:55:00+00:00,765.645,-0.00973265905298959,0.002696079503537563
2026-09-11T17:00:00+00:00,765.65,-0.009726192169897896,0.0026980345743672363
2026-09-11T17:05:00+00:00,765.74,-0.009609788274247522,0.0026999896451969096
2026-09-11T17:10:00+00:00,765.535,-0.009874930481006738,0.002701944716026583
2026-09-11T17:15:00+00:00,765.87,-0.009441649313863598,0.0027038997868562564
2026-09-11T17:20:00+00:00,766.17,-0.009053636328362424,0.00270585485768593
2026-09-11T17:25:00+00:00,765.995,-0.00927997723657148,0.002707809928515381
2026-09-11T17:30:00+00:00,766.015,-0.009254109704204705,0.0027097649993450545
2026-09-11T17:35:00+00:00,765.815,-0.009512785027872117,0.002711720070174728
2026-09-11T17:40:00+00:00,765.86,-0.009454583080046985,0.0027136751410044013
2026-09-11T17:45:00+00:00,765.9,-0.009402848015313547,0.0027156302118340747
2026-09-11T17:50:00+00:00,765.845,-0.009473983729322066,0.002717585282663748
2026-09-11T17:55:00+00:00,765.745,-0.009603321391155828,0.0027195403534931994
2026-09-11T18:00:00+00:00,765.87,-0.009441649313863598,0.002721495424322873
2026-09-11T18:05:00+00:00,765.69,-0.009674457105164347,0.0027234504951525462
2026-09-11T18:10:00+00:00,765.595,-0.009797327883906415,0.0027254055659822196
2026-09-11T18:15:00+00:00,765.58,-0.009816728533181496,0.002727360636811893
2026-09-11T18:20:00+00:00,765.34,-0.010127138921582457,0.0027293157076415664
2026-09-11T18:25:00+00:00,765.53,-0.009881397364098432,0.0027312707784712398
2026-09-11T18:30:00+00:00,765.43,-0.010010735025932194,0.002733225849300691
2026-09-11T18:35:00+00:00,765.3,-0.010178873986316117,0.0027351809201303645
2026-09-11T18:40:00+00:00,765.13,-0.010398748011433367,0.002737135990960038
2026-09-11T18:45:00+00:00,765.06,-0.010489284374717078,0.0027390910617897113
2026-09-11T18:50:00+00:00,765.05,-0.010502218140900466,0.0027410461326193847
2026-09-11T18:55:00+00:00,765.025,-0.010534552556358823,0.002743001203449058
2026-09-11T19:00:00+00:00,765.12,-0.010411681777616755,0.0027449562742785094
2026-09-11T19:05:00+00:00,764.78,-0.010851429827851589,0.002746911345108183
2026-09-11T19:10:00+00:00,764.84,-0.010773827230751265,0.002748866415937856
2026-09-11T19:15:00+00:00,765.0,-0.01056688697181729,0.0027508214867675296
2026-09-11T19:20:00+00:00,765.21,-0.01029527788196638,0.002752776557597203
2026-09-11T19:25:00+00:00,765.02,-0.010541019439450516,0.0027547316284268764
2026-09-11T19:30:00+00:00,764.965,-0.010612155153459035,0.0027566866992563277
2026-09-11T19:35:00+00:00,764.935,-0.010650956452009308,0.002758641770086001
2026-09-11T19:40:00+00:00,765.02,-0.010541019439450516,0.0027605968409156745
2026-09-11T19:45:00+00:00,764.75,-0.01089023112640164,0.002762551911745348
2026-09-11T19:50:00+00:00,764.67,-0.010993701255868737,0.0027645069825750213
2026-09-11T19:55:00+00:00,764.14,-0.011679190863587485,0.0027664620534046946
2026-09-11T20:00:00+00:00,764.29,-0.011485184370836898,0.002768417124234146
