timestamp,spy_close,spy_cum,cash_cum
2026-08-10T13:30:00+00:00,,0.0,0.0
2026-08-10T13:35:00+00:00,,0.0001812016256375,1.948817115016155e-06
2026-08-10T13:40:00+00:00,,5.177189303928742e-05,3.897638028105277e-06
2026-08-10T13:45:00+00:00,,0.0006600916362506,5.846462738823277e-06
2026-08-10T13:50:00+00:00,,0.0006730346095105,7.795291247614244e-06
2026-08-10T13:55:00+00:00,,0.0011001527270844,9.744123554256134e-06
2026-08-10T14:00:00+00:00,,0.0014625559783594,1.1692959658748949e-05
2026-08-10T14:05:00+00:00,,0.0018055447697444,1.3641799561314729e-05
2026-08-10T14:10:00+00:00,,0.0020644042349409,1.559064326173143e-05
2026-08-10T14:15:00+00:00,,0.0021614765343893,1.7539490759999055e-05
2026-08-10T14:20:00+00:00,,0.0017278869301855,1.9488342056339647e-05
2026-08-10T14:25:00+00:00,,0.0022714918070978,2.1437197150753207e-05
2026-08-10T14:30:00+00:00,,0.0022844347803576,2.338605604301769e-05
2026-08-10T14:35:00+00:00,,0.0022973777536174,2.533491873313309e-05
2026-08-10T14:40:00+00:00,,0.0025627087054438,2.7283785221321463e-05
2026-08-10T14:45:00+00:00,,0.002970412363128,2.9232655507582805e-05
2026-08-10T14:50:00+00:00,,0.0016308146307368,3.118152959169507e-05
2026-08-10T14:55:00+00:00,,0.0011519246201237,3.31304074738803e-05
2026-08-10T15:00:00+00:00,,0.0014237270585799,3.507928915391645e-05
2026-08-10T15:05:00+00:00,,0.001346069219021,3.702817463202557e-05
2026-08-10T15:10:00+00:00,,0.0015143278713984,3.89770639084297e-05
2026-08-10T15:15:00+00:00,,0.001708472470296,4.092595698246271e-05
2026-08-10T15:20:00+00:00,,0.0016825865237761,4.287485385479073e-05
2026-08-10T15:25:00+00:00,,0.0014496130050996,4.482375452519172e-05
2026-08-10T15:30:00+00:00,,0.0009966089410058,4.677265899344363e-05
2026-08-10T15:35:00+00:00,,0.0008542362351477,4.872156725999055e-05
2026-08-10T15:40:00+00:00,,0.0014949134115087,5.06704793243884e-05
2026-08-10T15:45:00+00:00,,0.0012942973259817,5.261939518685921e-05
2026-08-10T15:50:00+00:00,,0.002051461261681,5.456831484762503e-05
2026-08-10T15:55:00+00:00,,0.0021744195076491,5.651723830624178e-05
2026-08-10T16:00:00+00:00,,0.0019996893686418,5.846616556315354e-05
2026-08-10T16:05:00+00:00,,0.0017731873365949,6.041509661791622e-05
2026-08-10T16:10:00+00:00,,0.0015013848981386,6.236403147097391e-05
2026-08-10T16:15:00+00:00,,0.0013848981388004,6.431297012210457e-05
2026-08-10T16:20:00+00:00,,0.0014754989516192,6.626191257153025e-05
2026-08-10T16:25:00+00:00,,0.0009707229944861,6.821085881880684e-05
2026-08-10T16:30:00+00:00,,7.765783955893113e-05,7.015980886437845e-05
2026-08-10T16:35:00+00:00,,-6.471486629899825e-05,7.210876270802302e-05
2026-08-10T16:40:00+00:00,,-0.0006018482565814,7.405772034996261e-05
2026-08-10T16:45:00+00:00,,-0.000142372705858,7.600668178997516e-05
2026-08-10T16:50:00+00:00,,-0.0001164867593383,7.795564702806068e-05
2026-08-10T16:55:00+00:00,,0.0002459164919363,7.990461606444121e-05
2026-08-10T17:00:00+00:00,,5.824337966919835e-05,8.185358889911676e-05
2026-08-10T17:05:00+00:00,,0.0005306619036524,8.380256553186527e-05
2026-08-10T17:10:00+00:00,,0.0005953767699515,8.575154596268675e-05
2026-08-10T17:15:00+00:00,,0.000563019336802,8.770053019180324e-05
2026-08-10T17:20:00+00:00,,0.0006471486629908,8.964951821921474e-05
2026-08-10T17:25:00+00:00,,0.0006406771763609,9.15985100446992e-05
2026-08-10T17:30:00+00:00,,0.000634205689731,9.354750566847868e-05
2026-08-10T17:35:00+00:00,,0.0003235743314953,9.54965050905532e-05
2026-08-10T17:40:00+00:00,,5.177189303928742e-05,9.744550831092268e-05
2026-08-10T17:45:00+00:00,,9.060081281875298e-05,9.939451532936516e-05
2026-08-10T17:50:00+00:00,,1.2942973259821857e-05,0.0001013435261461
2026-08-10T17:55:00+00:00,,0.0001488441924879,0.0001032925407613
2026-08-10T18:00:00+00:00,,0.0001294297325982,0.0001052415591746
2026-08-10T18:05:00+00:00,,0.0004012321710542,0.0001071905813863
2026-08-10T18:10:00+00:00,,3.8828919779465565e-05,0.000109139607396
2026-08-10T18:15:00+00:00,,-5.8243379669087325e-05,0.0001110886372042
2026-08-10T18:20:00+00:00,,-9.060081281875298e-05,0.0001130376708107
2026-08-10T18:25:00+00:00,,-0.0001035437860785,0.0001149867082155
2026-08-10T18:30:00+00:00,,-9.707229944866393e-05,0.0001169357494186
2026-08-10T18:35:00+00:00,,-7.765783955893113e-05,0.0001188847944202
2026-08-10T18:40:00+00:00,,0.000342988791385,0.0001208338432199
2026-08-10T18:45:00+00:00,,0.0002265020320466,0.0001227828958181
2026-08-10T18:50:00+00:00,,0.0006471486629908,0.0001247319522146
2026-08-10T18:55:00+00:00,,0.0007506924490694,0.0001266810124094
2026-08-10T19:00:00+00:00,,0.0007636354223292,0.0001286300764025
2026-08-10T19:05:00+00:00,,0.0009901374543759,0.0001305791441941
2026-08-10T19:10:00+00:00,,0.0008801221816674,0.000132528215784
2026-08-10T19:15:00+00:00,,0.0008865936682973,0.0001344772911722
2026-08-10T19:20:00+00:00,,0.0009966089410058,0.0001364263703589
2026-08-10T19:25:00+00:00,,0.0004400610908337,0.0001383754533441
2026-08-10T19:30:00+00:00,,0.0003624032512747,0.0001403245401276
2026-08-10T19:35:00+00:00,,0.0007377494758096,0.0001422736307095
2026-08-10T19:40:00+00:00,,0.000634205689731,0.0001442227250898
2026-08-10T19:45:00+00:00,,0.0007183350159198,0.0001461718232687
2026-08-10T19:50:00+00:00,,-0.0002976883849757,0.0001481209252458
2026-08-10T19:55:00+00:00,,0.0005177189303926,0.0001500700310215
2026-08-10T20:00:00+00:00,,0.0005177189303926,0.0001520191405957
2026-08-11T13:30:00+00:00,,0.0,0.0
2026-08-11T13:35:00+00:00,,-0.0005623678920252,1.9471430006134938e-06
2026-08-11T13:40:00+00:00,,-0.0001874559640083,3.894289792638617e-06
2026-08-11T13:45:00+00:00,,-0.0008273918411407,5.841440376075369e-06
2026-08-11T13:50:00+00:00,,-0.000807999844864,7.78859475092375e-06
2026-08-11T13:55:00+00:00,,0.0001486719714549,9.73575291718376e-06
2026-08-11T14:00:00+00:00,,0.0004847999069184,1.1682914874633354e-05
2026-08-11T14:05:00+00:00,,0.000368447929258,1.3630080623716624e-05
2026-08-11T14:10:00+00:00,,0.0003231999379456,1.557725016421152e-05
2026-08-11T14:15:00+00:00,,0.0001486719714549,1.7524423495896002e-05
2026-08-11T14:20:00+00:00,,-0.0001098879789015,1.947160061921416e-05
2026-08-11T14:25:00+00:00,,0.0004654079106416,2.1418781533943942e-05
2026-08-11T14:30:00+00:00,,0.000142207972696,2.336596623986331e-05
2026-08-11T14:35:00+00:00,,-0.0002262399565619,2.53131547376384e-05
2026-08-11T14:40:00+00:00,,-0.0001874559640083,2.726034702660307e-05
2026-08-11T14:45:00+00:00,,0.0004977279044362,2.920754310697937e-05
2026-08-11T14:50:00+00:00,,0.0004718719094005,3.115474297898935e-05
2026-08-11T14:55:00+00:00,,0.0001615999689728,3.310194664241095e-05
2026-08-11T15:00:00+00:00,,-5.171199007125704e-05,3.5049154097244184e-05
2026-08-11T15:05:00+00:00,,-0.0008338558398996,3.699636534371109e-05
2026-08-11T15:10:00+00:00,,-0.0010148478051491,3.8943580381589626e-05
2026-08-11T15:15:00+00:00,,-0.0014026877306839,4.089079921110184e-05
2026-08-11T15:20:00+00:00,,-0.0012669437567468,4.283802183180363e-05
2026-08-11T15:25:00+00:00,,-0.0014220797269607,4.478524824436114e-05
2026-08-11T15:30:00+00:00,,-0.0020943355978875,4.673247844833029e-05
2026-08-11T15:35:00+00:00,,-0.0021589755854766,4.8679712443711054e-05
2026-08-11T15:40:00+00:00,,-0.0018099196524954,5.062695023094754e-05
2026-08-11T15:45:00+00:00,,-0.0019521276251914,5.2574191809373616e-05
2026-08-11T15:50:00+00:00,,-0.0021460475879587,5.452143717965541e-05
2026-08-11T15:55:00+00:00,,-0.0019456636264325,5.646868634134883e-05
2026-08-11T16:00:00+00:00,,-0.0019068796338791,5.841593929467592e-05
2026-08-11T16:05:00+00:00,,-0.0015966076934513,6.0363196039414646e-05
2026-08-11T16:10:00+00:00,,-0.0020103036140216,6.231045657600909e-05
2026-08-11T16:15:00+00:00,,-0.0018163836512542,6.425772090401516e-05
2026-08-11T16:20:00+00:00,,-0.0024369275321098,6.62049890236549e-05
2026-08-11T16:25:00+00:00,,-0.00219775957803,6.815226093492832e-05
2026-08-11T16:30:00+00:00,,-0.0024886395221811,7.009953663783541e-05
2026-08-11T16:35:00+00:00,,-0.0021137275941642,7.204681613237618e-05
2026-08-11T16:40:00+00:00,,-0.0025274235147347,7.399409941832857e-05
2026-08-11T16:45:00+00:00,,-0.0026825594849484,7.594138649613669e-05
2026-08-11T16:50:00+00:00,,-0.0027859834650911,7.788867736557847e-05
2026-08-11T16:55:00+00:00,,-0.00308979140676,7.983597202665393e-05
2026-08-11T17:00:00+00:00,,-0.0034970233285716,8.178327047936307e-05
2026-08-11T17:05:00+00:00,,-0.0033935993484289,8.373057272392792e-05
2026-08-11T17:10:00+00:00,,-0.0041563512019806,8.56778787599044e-05
2026-08-11T17:15:00+00:00,,-0.0035681273149195,8.76251885877366e-05
2026-08-11T17:20:00+00:00,,-0.0033806713509111,8.957250220720248e-05
2026-08-11T17:25:00+00:00,,-0.0034323833409823,9.151981961830202e-05
2026-08-11T17:30:00+00:00,,-0.0033160313633219,9.346714082125727e-05
2026-08-11T17:35:00+00:00,,-0.0034970233285716,9.541446581584624e-05
2026-08-11T17:40:00+00:00,,-0.0029023354427516,9.736179460206884e-05
2026-08-11T17:45:00+00:00,,-0.0030316154179298,9.930912718014716e-05
2026-08-11T17:50:00+00:00,,-0.0028894074452338,0.0001012564635498
2026-08-11T17:55:00+00:00,,-0.0029346554365461,0.0001032038037112
2026-08-11T18:00:00+00:00,,-0.0031027194042778,0.0001051511476646
2026-08-11T18:05:00+00:00,,-0.0036392313012675,0.0001070984954094
2026-08-11T18:10:00+00:00,,-0.0034647033347768,0.0001090458469463
2026-08-11T18:15:00+00:00,,-0.0035745913136784,0.0001109932022749
2026-08-11T18:20:00+00:00,,-0.0039753592367309,0.0001129405613951
2026-08-11T18:25:00+00:00,,-0.0051711990071298,0.0001148879243073
2026-08-11T18:30:00+00:00,,-0.0045829751200687,0.0001168352910112
2026-08-11T18:35:00+00:00,,-0.0045183351324796,0.0001187826615069
2026-08-11T18:40:00+00:00,,-0.0048286070729074,0.0001207300357943
2026-08-11T18:45:00+00:00,,-0.004117567209427,0.0001226774138738
2026-08-11T18:50:00+00:00,,-0.0040399992243201,0.0001246247957449
2026-08-11T18:55:00+00:00,,-0.0044278391498547,0.0001265721814078
2026-08-11T19:00:00+00:00,,-0.0044278391498547,0.0001285195708626
2026-08-11T19:05:00+00:00,,-0.0044407671473726,0.0001304669641093
2026-08-11T19:10:00+00:00,,-0.0042985591746765,0.0001324143611478
2026-08-11T19:15:00+00:00,,-0.0039753592367309,0.0001343617619782
2026-08-11T19:20:00+00:00,,-0.0037167992863745,0.0001363091666004
2026-08-11T19:25:00+00:00,,-0.0037685112764458,0.0001382565750145
2026-08-11T19:30:00+00:00,,-0.0035164153248482,0.0001402039872206
2026-08-11T19:35:00+00:00,,-0.0031996793856615,0.0001421514032184
2026-08-11T19:40:00+00:00,,-0.0036198393049907,0.0001440988230083
2026-08-11T19:45:00+00:00,,-0.0040399992243201,0.00014604624659
2026-08-11T19:50:00+00:00,,-0.0040270712268023,0.0001479936739636
2026-08-11T19:55:00+00:00,,-0.0038719352565884,0.0001499411051291
2026-08-11T20:00:00+00:00,,-0.0038072952689992,0.0001518885400866
2026-08-12T13:30:00+00:00,773.17,0.0,0.0
2026-08-12T13:35:00+00:00,772.88,-0.00037507921931778654,1.948965240083922e-06
2026-08-12T13:40:00+00:00,772.81,-0.0004656155826014974,3.897930480167844e-06
2026-08-12T13:45:00+00:00,773.54,0.00047854934878488464,5.846895720251766e-06
2026-08-12T13:50:00+00:00,772.62,-0.0007113571400855223,7.795860960335688e-06
2026-08-12T13:55:00+00:00,772.65,-0.0006725558415354715,9.74482620041961e-06
2026-08-12T14:00:00+00:00,772.12,-0.0013580454492543304,1.1693791440725576e-05
2026-08-12T14:05:00+00:00,772.29,-0.001138171424136969,1.3642756680809498e-05
2026-08-12T14:10:00+00:00,772.43,-0.0009570986975697693,1.559172192089342e-05
2026-08-12T14:15:00+00:00,772.48,-0.000892429866652833,1.7540687160977342e-05
2026-08-12T14:20:00+00:00,772.92,-0.0003233441545843485,1.9489652401061264e-05
2026-08-12T14:25:00+00:00,772.77,-0.0005173506473349354,2.1438617641145186e-05
2026-08-12T14:30:00+00:00,772.045,-0.0014550486956297348,2.3387582881229108e-05
2026-08-12T14:35:00+00:00,772.69,-0.0006208207768019225,2.533654812131303e-05
2026-08-12T14:40:00+00:00,772.99,-0.00023280779130063767,2.728551336139695e-05
2026-08-12T14:45:00+00:00,772.69,-0.0006208207768019225,2.923447860148088e-05
2026-08-12T14:50:00+00:00,772.01,-0.0015003168772714792,3.1183443841564795e-05
2026-08-12T14:55:00+00:00,772.22,-0.0012287077874205687,3.313240908187076e-05
2026-08-12T15:00:00+00:00,771.87,-0.0016813896038386789,3.5081374321954684e-05
2026-08-12T15:05:00+00:00,772.135,-0.0013386447999792495,3.7030339562038606e-05
2026-08-12T15:10:00+00:00,772.17,-0.001293376618337505,3.897930480212253e-05
2026-08-12T15:15:00+00:00,772.08,-0.0014097805139877684,4.092827004220645e-05
2026-08-12T15:20:00+00:00,771.94,-0.001590853240554968,4.287723528229037e-05
2026-08-12T15:25:00+00:00,772.31,-0.0011123038917703054,4.482620052237429e-05
2026-08-12T15:30:00+00:00,771.91,-0.0016296545391052408,4.6775165762458215e-05
2026-08-12T15:35:00+00:00,771.7,-0.0019012636289560403,4.872413100254214e-05
2026-08-12T15:40:00+00:00,771.79,-0.001784859733305777,5.067309624262606e-05
2026-08-12T15:45:00+00:00,772.12,-0.0013580454492543304,5.262206148270998e-05
2026-08-12T15:50:00+00:00,772.0,-0.0015132506434548665,5.457102672301595e-05
2026-08-12T15:55:00+00:00,772.01,-0.0015003168772714792,5.651999196309987e-05
2026-08-12T16:00:00+00:00,772.28,-0.0011511051903203562,5.846895720318379e-05
2026-08-12T16:05:00+00:00,772.325,-0.0010929032424951135,6.041792244326771e-05
2026-08-12T16:10:00+00:00,772.53,-0.0008277610357360077,6.236688768335164e-05
2026-08-12T16:15:00+00:00,772.43,-0.0009570986975697693,6.431585292343556e-05
2026-08-12T16:20:00+00:00,772.51,-0.0008536285681026712,6.626481816351948e-05
2026-08-12T16:25:00+00:00,772.45,-0.0009312311652028837,6.82137834036034e-05
2026-08-12T16:30:00+00:00,772.195,-0.0012610422028789259,7.016274864368732e-05
2026-08-12T16:35:00+00:00,772.73,-0.0005690857120683734,7.211171388377124e-05
2026-08-12T16:40:00+00:00,772.71,-0.000594953244435148,7.406067912407721e-05
2026-08-12T16:45:00+00:00,772.86,-0.00040094675168456106,7.600964436416113e-05
2026-08-12T16:50:00+00:00,773.065,-0.00013580454492534422,7.795860960424505e-05
2026-08-12T16:55:00+00:00,772.96,-0.00027160908985079946,7.990757484432898e-05
2026-08-12T17:00:00+00:00,773.055,-0.0001487383111088425,8.18565400844129e-05
2026-08-12T17:05:00+00:00,773.03,-0.00018107272656719964,8.380550532449682e-05
2026-08-12T17:10:00+00:00,772.945,-0.00029100973912576933,8.575447056458074e-05
2026-08-12T17:15:00+00:00,772.745,-0.0005496850627934036,8.770343580466466e-05
2026-08-12T17:20:00+00:00,772.795,-0.0004850162318765783,8.965240104474859e-05
2026-08-12T17:25:00+00:00,772.75,-0.0005432181797017099,9.160136628483252e-05
2026-08-12T17:30:00+00:00,772.925,-0.0003168772714926549,9.355033152491644e-05
2026-08-12T17:35:00+00:00,772.87,-0.0003880129855011738,9.54992967652224e-05
2026-08-12T17:40:00+00:00,772.875,-0.00038154610240948017,9.744826200530632e-05
2026-08-12T17:45:00+00:00,772.8,-0.00047854934878488464,9.939722724539024e-05
2026-08-12T17:50:00+00:00,772.75,-0.0005432181797017099,0.0001013461924854
2026-08-12T17:55:00+00:00,772.835,-0.0004332811671429182,0.0001032951577255
2026-08-12T18:00:00+00:00,772.89,-0.0003621454531345103,0.0001052441229656
2026-08-12T18:05:00+00:00,772.88,-0.00037507921931778654,0.0001071930882057
2026-08-12T18:10:00+00:00,773.12,-6.466883091682529e-05,0.0001091420534458
2026-08-12T18:15:00+00:00,773.13,-5.173506473343803e-05,0.0001110910186858
2026-08-12T18:20:00+00:00,773.23,7.760259710032358e-05,0.0001130399839259
2026-08-12T18:25:00+00:00,773.09,-0.00010347012946687606,0.000114988949166
2026-08-12T18:30:00+00:00,773.35,0.0002328077913007487,0.0001169379144063
2026-08-12T18:35:00+00:00,773.4,0.000297476622217685,0.0001188868796464
2026-08-12T18:40:00+00:00,773.51,0.00043974805023472285,0.0001208358448865
2026-08-12T18:45:00+00:00,773.525,0.00045914869950980375,0.0001227848101266
2026-08-12T18:50:00+00:00,773.47,0.00038801298550139585,0.0001247337753667
2026-08-12T18:55:00+00:00,773.08,-0.00011640389565026332,0.0001266827406067
2026-08-12T19:00:00+00:00,773.27,0.00012933766183387263,0.0001286317058468
2026-08-12T19:05:00+00:00,773.235,8.406948019201721e-05,0.0001305806710869
2026-08-12T19:10:00+00:00,773.085,-0.00010993701255856969,0.000132529636327
2026-08-12T19:15:00+00:00,773.16,-1.2933766183387263e-05,0.0001344786015671
2026-08-12T19:20:00+00:00,772.88,-0.00037507921931778654,0.0001364275668072
2026-08-12T19:25:00+00:00,772.965,-0.0002651422067591058,0.0001383765320475
2026-08-12T19:30:00+00:00,772.855,-0.0004074136347762547,0.0001403254972875
2026-08-12T19:35:00+00:00,772.89,-0.0003621454531345103,0.0001422744625276
2026-08-12T19:40:00+00:00,772.82,-0.0004526818164179991,0.0001442234277677
2026-08-12T19:45:00+00:00,772.89,-0.0003621454531345103,0.0001461723930078
2026-08-12T19:50:00+00:00,772.25,-0.001189906488870407,0.0001481213582479
2026-08-12T19:55:00+00:00,772.54,-0.0008148272695526204,0.000150070323488
2026-08-12T20:00:00+00:00,772.51,-0.0008536285681026712,0.0001520192887281
2026-08-13T13:30:00+00:00,775.33,0.0027936934956089843,0.0001539682539681
2026-08-13T13:35:00+00:00,776.455,0.004248742191238719,0.0001559158446606
2026-08-13T13:40:00+00:00,775.67,0.003233441545843707,0.0001578634353527
2026-08-13T13:45:00+00:00,776.9,0.004824294786398786,0.0001598110260452
2026-08-13T13:50:00+00:00,777.115,0.00510237075934139,0.0001617586167375
2026-08-13T13:55:00+00:00,777.595,0.005723191536143535,0.0001637062074297
2026-08-13T14:00:00+00:00,778.225,0.006538018805696044,0.000165653798122
2026-08-13T14:05:00+00:00,778.16,0.006453949325504027,0.0001676013888143
2026-08-13T14:10:00+00:00,778.5,0.006893697375738972,0.0001695489795066
2026-08-13T14:15:00+00:00,778.54,0.006945432440472299,0.0001714965701991
2026-08-13T14:20:00+00:00,779.01,0.007553319451091056,0.0001734441608913
2026-08-13T14:25:00+00:00,779.195,0.0077925941254834985,0.0001753917515836
2026-08-13T14:30:00+00:00,779.225,0.00783139542403366,0.0001773393422761
2026-08-13T14:35:00+00:00,779.055,0.007611521398916077,0.0001792869329682
2026-08-13T14:40:00+00:00,778.66,0.007100637634672946,0.0001812345236607
2026-08-13T14:45:00+00:00,777.655,0.005800794133243636,0.0001831821143527
2026-08-13T14:50:00+00:00,777.81,0.006001267509085917,0.0001851297050452
2026-08-13T14:55:00+00:00,777.76,0.005936598678169203,0.0001870772957375
2026-08-13T15:00:00+00:00,777.37,0.0054321817970175434,0.0001890248864298
2026-08-13T15:05:00+00:00,777.225,0.00524464218735865,0.0001909724771222
2026-08-13T15:10:00+00:00,777.1,0.005082970110066531,0.0001929200678145
2026-08-13T15:15:00+00:00,777.11,0.005095903876249697,0.0001948676585068
2026-08-13T15:20:00+00:00,776.96,0.00490189738349911,0.0001968152491991
2026-08-13T15:25:00+00:00,776.24,0.003970666218296115,0.0001987628398916
2026-08-13T15:30:00+00:00,775.73,0.0033110441429440307,0.0002007104305836
2026-08-13T15:35:00+00:00,775.99,0.0036473220637118775,0.0002026580212761
2026-08-13T15:40:00+00:00,775.965,0.0036149876482534093,0.0002046056119682
2026-08-13T15:45:00+00:00,775.915,0.003550318817336473,0.0002065532026607
2026-08-13T15:50:00+00:00,775.635,0.0031881733642020738,0.0002085007933532
2026-08-13T15:55:00+00:00,775.49,0.0030006337545429584,0.0002104483840452
2026-08-13T16:00:00+00:00,775.88,0.0035050506356946176,0.0002123959747377
2026-08-13T16:05:00+00:00,775.965,0.0036149876482534093,0.00021434356543
2026-08-13T16:10:00+00:00,775.715,0.00329164349366895,0.0002162911561223
2026-08-13T16:15:00+00:00,775.835,0.003446848687869597,0.0002182387468145
2026-08-13T16:20:00+00:00,776.065,0.00374432531008706,0.000220186337507
2026-08-13T16:25:00+00:00,776.5,0.004306944139063962,0.0002221339281991
2026-08-13T16:30:00+00:00,776.65,0.004500950631814549,0.0002240815188916
2026-08-13T16:35:00+00:00,776.29,0.004035335049213051,0.0002260291095839
2026-08-13T16:40:00+00:00,776.45,0.0042422753081470255,0.0002279767002761
2026-08-13T16:45:00+00:00,776.61,0.004449215567081,0.0002299242909686
2026-08-13T16:50:00+00:00,776.705,0.004572086345823179,0.0002318718816607
2026-08-13T16:55:00+00:00,776.7,0.004565619462731485,0.0002338194723532
2026-08-13T17:00:00+00:00,776.96,0.00490189738349911,0.0002357670630455
2026-08-13T17:05:00+00:00,777.22,0.0052381753042669565,0.0002377146537377
2026-08-13T17:10:00+00:00,777.17,0.00517350647335002,0.00023966224443
2026-08-13T17:15:00+00:00,777.34,0.005393380498467382,0.0002416098351223
2026-08-13T17:20:00+00:00,777.26,0.0052899103690002836,0.0002435574258148
2026-08-13T17:25:00+00:00,777.1,0.005082970110066531,0.0002455050165071
2026-08-13T17:30:00+00:00,776.915,0.004843695435673867,0.0002474526071993
2026-08-13T17:35:00+00:00,776.77,0.004656155826014974,0.0002494001978916
2026-08-13T17:40:00+00:00,776.62,0.004462149333264387,0.0002513477885841
2026-08-13T17:45:00+00:00,776.765,0.00464968894292328,0.0002532953792762
2026-08-13T17:50:00+00:00,776.77,0.004656155826014974,0.0002552429699687
2026-08-13T17:55:00+00:00,776.745,0.004623821410556506,0.0002571905606609
2026-08-13T18:00:00+00:00,776.91,0.0048372285525821734,0.0002591381513532
2026-08-13T18:05:00+00:00,776.83,0.004733758423115297,0.0002610857420457
2026-08-13T18:10:00+00:00,777.085,0.0050635694607914505,0.0002630333327378
2026-08-13T18:15:00+00:00,776.92,0.004850162318765561,0.0002649809234303
2026-08-13T18:20:00+00:00,776.72,0.0045914869950982595,0.0002669285141225
2026-08-13T18:25:00+00:00,776.98,0.004927764915865884,0.0002688761048148
2026-08-13T18:30:00+00:00,777.23,0.005251109070450344,0.0002708236955071
2026-08-13T18:35:00+00:00,777.365,0.00542571491392585,0.0002727712861996
2026-08-13T18:40:00+00:00,777.62,0.005755525951602003,0.0002747188768916
2026-08-13T18:45:00+00:00,777.75,0.005923664911985815,0.0002766664675841
2026-08-13T18:50:00+00:00,777.88,0.006091803872369628,0.0002786140582766
2026-08-13T18:55:00+00:00,777.76,0.005936598678169203,0.0002805616489687
2026-08-13T19:00:00+00:00,777.89,0.006104737638553015,0.0002825092396612
2026-08-13T19:05:00+00:00,778.34,0.006686757116804998,0.0002844568303532
2026-08-13T19:10:00+00:00,777.94,0.006169406469469951,0.0002864044210457
2026-08-13T19:15:00+00:00,778.14,0.0064280817931374745,0.000288352011738
2026-08-13T19:20:00+00:00,778.32,0.006660889584438223,0.0002902996024303
2026-08-13T19:25:00+00:00,778.03,0.006285810365120215,0.0002922471931225
2026-08-13T19:30:00+00:00,778.04,0.006298744131303602,0.000294194783815
2026-08-13T19:35:00+00:00,777.95,0.006182340235653339,0.0002961423745073
2026-08-13T19:40:00+00:00,777.71,0.005871929847252266,0.0002980899651996
2026-08-13T19:45:00+00:00,777.77,0.00594953244435259,0.0003000375558919
2026-08-13T19:50:00+00:00,777.515,0.005619721406676437,0.0003019851465841
2026-08-13T19:55:00+00:00,777.84,0.006040068807636301,0.0003039327372766
2026-08-13T20:00:00+00:00,777.84,0.006040068807636301,0.0003058803279687
2026-08-14T13:30:00+00:00,778.23,0.006544485688787738,0.0003078279186612
2026-08-14T13:35:00+00:00,778.02,0.006272876598936827,0.0003097737153576
2026-08-14T13:40:00+00:00,778.375,0.006732025298446631,0.0003117195120545
2026-08-14T13:45:00+00:00,778.01,0.00625994283275344,0.0003136653087509
2026-08-14T13:50:00+00:00,778.52,0.006919564908105524,0.0003156111054478
2026-08-14T13:55:00+00:00,778.43,0.006803161012455261,0.0003175569021443
2026-08-14T14:00:00+00:00,778.57,0.006984233739022683,0.0003195026988407
2026-08-14T14:05:00+00:00,778.49,0.006880763609555585,0.0003214484955376
2026-08-14T14:10:00+00:00,778.29,0.006622088285888061,0.000323394292234
2026-08-14T14:15:00+00:00,777.825,0.00602066815836122,0.0003253400889307
2026-08-14T14:20:00+00:00,777.45,0.0055356519264846415,0.0003272858856273
2026-08-14T14:25:00+00:00,777.405,0.005477449978659399,0.000329231682324
2026-08-14T14:30:00+00:00,776.9,0.004824294786398786,0.0003311774790206
2026-08-14T14:35:00+00:00,777.385,0.005451582446292624,0.0003331232757171
2026-08-14T14:40:00+00:00,777.13,0.005121771408616471,0.0003350690724137
2026-08-14T14:45:00+00:00,777.26,0.0052899103690002836,0.0003370148691104
2026-08-14T14:50:00+00:00,777.025,0.004985966863691127,0.000338960665807
2026-08-14T14:55:00+00:00,776.76,0.0046432220598315865,0.0003409064625037
2026-08-14T15:00:00+00:00,776.865,0.004779026604757153,0.0003428522592001
2026-08-14T15:05:00+00:00,776.635,0.004481549982539468,0.0003447980558968
2026-08-14T15:10:00+00:00,776.49,0.0042940103728805745,0.0003467438525934
2026-08-14T15:15:00+00:00,776.54,0.004358679203797289,0.0003486896492901
2026-08-14T15:20:00+00:00,776.0,0.0036602558298952648,0.0003506354459865
2026-08-14T15:25:00+00:00,776.29,0.004035335049213051,0.0003525812426834
2026-08-14T15:30:00+00:00,776.16,0.003867196088829017,0.0003545270393798
2026-08-14T15:35:00+00:00,776.15,0.0038542623226458517,0.0003564728360765
2026-08-14T15:40:00+00:00,776.04,0.0037119908946285918,0.0003584186327731
2026-08-14T15:45:00+00:00,775.88,0.0035050506356946176,0.0003603644294696
2026-08-14T15:50:00+00:00,776.11,0.0038025272579123026,0.0003623102261665
2026-08-14T15:55:00+00:00,776.22,0.0039447986859293405,0.0003642560228629
2026-08-14T16:00:00+00:00,776.44,0.004229341541963638,0.0003662018195595
2026-08-14T16:05:00+00:00,776.22,0.0039447986859293405,0.0003681476162562
2026-08-14T16:10:00+00:00,776.54,0.004358679203797289,0.0003700934129526
2026-08-14T16:15:00+00:00,776.59,0.004423348034714225,0.0003720392096495
2026-08-14T16:20:00+00:00,776.67,0.004526818164181323,0.000373985006346
2026-08-14T16:25:00+00:00,776.685,0.004546218813456182,0.0003759308030426
2026-08-14T16:30:00+00:00,776.385,0.004158205827955008,0.0003778765997393
2026-08-14T16:35:00+00:00,776.505,0.004313411022155655,0.0003798223964357
2026-08-14T16:40:00+00:00,776.15,0.0038542623226458517,0.0003817681931326
2026-08-14T16:45:00+00:00,776.135,0.0038348616733707708,0.000383713989829
2026-08-14T16:50:00+00:00,775.915,0.003550318817336473,0.0003856597865257
2026-08-14T16:55:00+00:00,775.725,0.003304577259852337,0.0003876055832223
2026-08-14T17:00:00+00:00,775.79,0.0033886467400441322,0.0003895513799188
2026-08-14T17:05:00+00:00,775.91,0.0035438519342447794,0.0003914971766156
2026-08-14T17:10:00+00:00,776.03,0.0036990571284452045,0.0003934429733121
2026-08-14T17:15:00+00:00,775.97,0.003621454531345103,0.0003953887700087
2026-08-14T17:20:00+00:00,775.815,0.0034209811555028224,0.0003973345667054
2026-08-14T17:25:00+00:00,775.76,0.0033498454414941925,0.000399280363402
2026-08-14T17:30:00+00:00,775.81,0.0034145142724109068,0.0004012261600985
2026-08-14T17:35:00+00:00,775.57,0.0031041038840100565,0.0004031719567951
2026-08-14T17:40:00+00:00,775.61,0.0031558389487436056,0.0004051177534918
2026-08-14T17:45:00+00:00,775.58,0.003117037650193444,0.0004070635501884
2026-08-14T17:50:00+00:00,775.76,0.0033498454414941925,0.0004090093468851
2026-08-14T17:55:00+00:00,775.86,0.003479183103327843,0.0004109551435815
2026-08-14T18:00:00+00:00,776.04,0.0037119908946285918,0.0004129009402782
2026-08-14T18:05:00+00:00,776.155,0.0038607292057375453,0.0004148467369748
2026-08-14T18:10:00+00:00,776.19,0.0039059973873794007,0.0004167925336715
2026-08-14T18:15:00+00:00,776.21,0.003931864919746175,0.0004187383303682
2026-08-14T18:20:00+00:00,776.19,0.0039059973873794007,0.0004206841270646
2026-08-14T18:25:00+00:00,775.995,0.003653788946803571,0.0004226299237615
2026-08-14T18:30:00+00:00,775.87,0.0034921168695112303,0.0004245757204579
2026-08-14T18:35:00+00:00,776.01,0.00367318959607843,0.0004265215171543
2026-08-14T18:40:00+00:00,776.22,0.0039447986859293405,0.0004284673138512
2026-08-14T18:45:00+00:00,776.22,0.0039447986859293405,0.0004304131105477
2026-08-14T18:50:00+00:00,776.35,0.004112937646313375,0.0004323589072445
2026-08-14T18:55:00+00:00,776.16,0.003867196088829017,0.000434304703941
2026-08-14T19:00:00+00:00,775.975,0.0036279214144367966,0.0004362505006374
2026-08-14T19:05:00+00:00,776.16,0.003867196088829017,0.0004381962973343
2026-08-14T19:10:00+00:00,776.07,0.0037507921931787536,0.0004401420940307
2026-08-14T19:15:00+00:00,776.01,0.00367318959607843,0.0004420878907276
2026-08-14T19:20:00+00:00,776.11,0.0038025272579123026,0.000444033687424
2026-08-14T19:25:00+00:00,776.17,0.003880129855012404,0.0004459794841207
2026-08-14T19:30:00+00:00,776.26,0.0039965337506628895,0.0004479252808173
2026-08-14T19:35:00+00:00,776.18,0.0038930636211957914,0.0004498710775138
2026-08-14T19:40:00+00:00,776.16,0.003867196088829017,0.0004518168742104
2026-08-14T19:45:00+00:00,776.195,0.003912464270471094,0.0004537626709071
2026-08-14T19:50:00+00:00,776.205,0.003925398036654482,0.0004557084676037
2026-08-14T19:55:00+00:00,776.3,0.004048268815396439,0.0004576542643004
2026-08-14T20:00:00+00:00,776.03,0.0036990571284452045,0.0004596000609968
2026-08-17T13:30:00+00:00,775.48,0.0029876999883597932,0.0004615458576935
2026-08-17T13:35:00+00:00,775.34,0.0028066272617923715,0.0004634917021306
2026-08-17T13:40:00+00:00,775.59,0.003129971416376831,0.000465437546568
2026-08-17T13:45:00+00:00,775.975,0.0036279214144367966,0.0004673833910051
2026-08-17T13:50:00+00:00,775.81,0.0034145142724109068,0.0004693292354422
2026-08-17T13:55:00+00:00,775.19,0.0026126207690417846,0.0004712750798794
2026-08-17T14:00:00+00:00,775.425,0.0029165642743509412,0.0004732209243165
2026-08-17T14:05:00+00:00,775.435,0.0029294980405343285,0.0004751667687539
2026-08-17T14:10:00+00:00,775.63,0.00318170648111038,0.000477112613191
2026-08-17T14:15:00+00:00,775.405,0.0028906967419843888,0.0004790584576284
2026-08-17T14:20:00+00:00,775.235,0.0026708227168670273,0.0004810043020655
2026-08-17T14:25:00+00:00,775.46,0.0029618324559930187,0.0004829501465024
2026-08-17T14:30:00+00:00,775.565,0.003097637000918363,0.0004848959909398
2026-08-17T14:35:00+00:00,775.08,0.002470349341024747,0.0004868418353769
2026-08-17T14:40:00+00:00,775.155,0.0025673525873999292,0.0004887876798143
2026-08-17T14:45:00+00:00,775.305,0.002761359080150516,0.0004907335242514
2026-08-17T14:50:00+00:00,774.92,0.0022634090820905506,0.0004926793686885
2026-08-17T14:55:00+00:00,775.27,0.0027160908985086607,0.0004946252131259
2026-08-17T15:00:00+00:00,775.515,0.0030329681700014266,0.0004965710575628
2026-08-17T15:05:00+00:00,775.37,0.0028454285603425333,0.0004985169020002
2026-08-17T15:10:00+00:00,775.32,0.002780759729425819,0.0005004627464373
2026-08-17T15:15:00+00:00,775.74,0.003323977909127418,0.0005024085908744
2026-08-17T15:20:00+00:00,775.715,0.00329164349366895,0.0005043544353118
2026-08-17T15:25:00+00:00,775.765,0.003356312324585886,0.0005063002797489
2026-08-17T15:30:00+00:00,775.23,0.0026643558337753337,0.000508246124186
2026-08-17T15:35:00+00:00,775.02,0.002392746743924423,0.0005101919686232
2026-08-17T15:40:00+00:00,775.095,0.0024897499902998277,0.0005121378130603
2026-08-17T15:45:00+00:00,775.11,0.0025091506395749086,0.0005140836574977
2026-08-17T15:50:00+00:00,775.37,0.0028454285603425333,0.0005160295019348
2026-08-17T15:55:00+00:00,775.32,0.002780759729425819,0.0005179753463722
2026-08-17T16:00:00+00:00,775.22,0.0026514220675919464,0.0005199211908093
2026-08-17T16:05:00+00:00,775.12,0.002522084405758074,0.0005218670352464
2026-08-17T16:10:00+00:00,775.395,0.0028777629758010015,0.0005238128796836
2026-08-17T16:15:00+00:00,775.5,0.0030135675207263457,0.0005257587241207
2026-08-17T16:20:00+00:00,775.37,0.0028454285603425333,0.0005277045685581
2026-08-17T16:25:00+00:00,775.3,0.0027548921970588225,0.0005296504129952
2026-08-17T16:30:00+00:00,775.11,0.0025091506395749086,0.0005315962574325
2026-08-17T16:35:00+00:00,775.28,0.002729024664692048,0.0005335421018697
2026-08-17T16:40:00+00:00,774.94,0.002289276614457547,0.0005354879463066
2026-08-17T16:45:00+00:00,775.03,0.0024056805101078105,0.000537433790744
2026-08-17T16:50:00+00:00,774.87,0.0021987402511738363,0.0005393796351811
2026-08-17T16:55:00+00:00,774.67,0.001940064927506313,0.0005413254796184
2026-08-17T17:00:00+00:00,774.67,0.001940064927506313,0.0005432713240556
2026-08-17T17:05:00+00:00,774.58,0.0018236610318560498,0.0005452171684927
2026-08-17T17:10:00+00:00,774.3,0.0014615155787214285,0.0005471630129301
2026-08-17T17:15:00+00:00,774.24,0.0013839129816211049,0.000549108857367
2026-08-17T17:20:00+00:00,773.75,0.0007501584386357951,0.0005510547018043
2026-08-17T17:25:00+00:00,773.58,0.0005302844135184337,0.0005530005462415
2026-08-17T17:30:00+00:00,773.43,0.0003362779207678468,0.0005549463906786
2026-08-17T17:35:00+00:00,773.16,-1.2933766183387263e-05,0.000556892235116
2026-08-17T17:40:00+00:00,773.78,0.0007889597371859569,0.0005588380795531
2026-08-17T17:45:00+00:00,773.5,0.0004268142840513356,0.0005607839239905
2026-08-17T17:50:00+00:00,773.51,0.00043974805023472285,0.0005627297684274
2026-08-17T17:55:00+00:00,773.41,0.00031041038840107227,0.0005646756128645
2026-08-17T18:00:00+00:00,773.41,0.00031041038840107227,0.0005666214573019
2026-08-17T18:05:00+00:00,773.37,0.0002586753236675232,0.000568567301739
2026-08-17T18:10:00+00:00,773.68,0.0006596220753520843,0.0005705131461763
2026-08-17T18:15:00+00:00,773.57,0.0005173506473350464,0.0005724589906135
2026-08-17T18:20:00+00:00,773.72,0.0007113571400856333,0.0005744048350504
2026-08-17T18:25:00+00:00,773.6,0.0005561519458852082,0.0005763506794878
2026-08-17T18:30:00+00:00,773.3,0.00016813896038381237,0.0005782965239249
2026-08-17T18:35:00+00:00,773.47,0.00038801298550139585,0.0005802423683622
2026-08-17T18:40:00+00:00,773.595,0.0005496850627935146,0.0005821882127994
2026-08-17T18:45:00+00:00,773.71,0.0006984233739022461,0.0005841340572365
2026-08-17T18:50:00+00:00,773.59,0.000543218179701821,0.0005860799016739
2026-08-17T18:55:00+00:00,773.535,0.000472082465693191,0.0005880257461108
2026-08-17T19:00:00+00:00,773.34,0.00021987402511736143,0.0005899715905481
2026-08-17T19:05:00+00:00,773.325,0.00020047337584250258,0.0005919174349853
2026-08-17T19:10:00+00:00,773.21,5.173506473354905e-05,0.0005938632794224
2026-08-17T19:15:00+00:00,773.405,0.00030394350530937864,0.0005958091238598
2026-08-17T19:20:00+00:00,773.29,0.0001552051942004251,0.0005977549682969
2026-08-17T19:25:00+00:00,773.13,-5.173506473343803e-05,0.0005997008127343
2026-08-17T19:30:00+00:00,772.97,-0.0002586753236674122,0.0006016466571712
2026-08-17T19:35:00+00:00,773.02,-0.0001940064927505869,0.0006035925016083
2026-08-17T19:40:00+00:00,772.995,-0.00022634090820905506,0.0006055383460457
2026-08-17T19:45:00+00:00,773.33,0.0002069402589341962,0.0006074841904828
2026-08-17T19:50:00+00:00,772.755,-0.0005367512966100163,0.0006094300349201
2026-08-17T19:55:00+00:00,772.62,-0.0007113571400855223,0.0006113758793573
2026-08-17T20:00:00+00:00,772.75,-0.0005432181797017099,0.0006133217237944
2026-08-18T13:30:00+00:00,768.57,-0.005949532444352368,0.0
2026-08-18T13:35:00+00:00,769.1,-0.005264042836633509,1.943942133708632e-06
2026-08-18T13:40:00+00:00,768.75,-0.005716724653051619,3.887884267639308e-06
2026-08-18T13:45:00+00:00,768.5,-0.006040068807636079,5.831826401347939e-06
2026-08-18T13:50:00+00:00,768.51,-0.006027135041452691,7.775768535278615e-06
2026-08-18T13:55:00+00:00,768.48,-0.006065936340002742,9.719710668987249e-06
2026-08-18T14:00:00+00:00,768.91,-0.005509784394117756,1.1663652802917923e-05
2026-08-18T14:05:00+00:00,768.61,-0.00589779737961893,1.3607594936626556e-05
2026-08-18T14:10:00+00:00,768.14,-0.006505684390237576,1.555153707055723e-05
2026-08-18T14:15:00+00:00,768.64,-0.005858996081068768,1.7495479204265862e-05
2026-08-18T14:20:00+00:00,768.8,-0.005652055822134905,1.943942133819654e-05
2026-08-18T14:25:00+00:00,768.58,-0.005936598678168981,2.138336347190517e-05
2026-08-18T14:30:00+00:00,768.92,-0.005496850627934369,2.3327305605835846e-05
2026-08-18T14:35:00+00:00,769.085,-0.00528344348590859,2.527124773954448e-05
2026-08-18T14:40:00+00:00,768.4,-0.00616940646946984,2.721518987347516e-05
2026-08-18T14:45:00+00:00,768.47,-0.0060788701061861294,2.9159132007183786e-05
2026-08-18T14:50:00+00:00,767.97,-0.0067255584153548265,3.110307414111446e-05
2026-08-18T14:55:00+00:00,767.88,-0.006841962311005312,3.304701627482309e-05
2026-08-18T15:00:00+00:00,768.235,-0.006382813611495508,3.499095840875377e-05
2026-08-18T15:05:00+00:00,767.83,-0.006906631141922137,3.69349005424624e-05
2026-08-18T15:10:00+00:00,767.73,-0.007035968803755899,3.887884267639308e-05
2026-08-18T15:15:00+00:00,767.48,-0.007359312958340247,4.082278481010171e-05
2026-08-18T15:20:00+00:00,767.63,-0.00716530646558966,4.276672694403239e-05
2026-08-18T15:25:00+00:00,767.85,-0.006880763609555363,4.4710669077741017e-05
2026-08-18T15:30:00+00:00,767.88,-0.006841962311005312,4.665461121167169e-05
2026-08-18T15:35:00+00:00,767.835,-0.0069001642588304435,4.859855334538032e-05
2026-08-18T15:40:00+00:00,768.07,-0.006596220753521065,5.0542495479311e-05
2026-08-18T15:45:00+00:00,768.4,-0.00616940646946984,5.248643761301963e-05
2026-08-18T15:50:00+00:00,768.55,-0.005975399976719253,5.443037974672826e-05
2026-08-18T15:55:00+00:00,768.37,-0.006208207768019891,5.637432188065894e-05
2026-08-18T16:00:00+00:00,768.59,-0.005923664911985593,5.831826401436757e-05
2026-08-18T16:05:00+00:00,768.44,-0.00611767140473618,6.026220614829825e-05
2026-08-18T16:10:00+00:00,768.56,-0.005962466210535866,6.220614828200688e-05
2026-08-18T16:15:00+00:00,768.27,-0.006337545429853653,6.415009041593756e-05
2026-08-18T16:20:00+00:00,768.62,-0.0058848636134355425,6.609403254964619e-05
2026-08-18T16:25:00+00:00,768.23,-0.006389280494587091,6.803797468357686e-05
2026-08-18T16:30:00+00:00,768.31,-0.006285810365120215,6.99819168172855e-05
2026-08-18T16:35:00+00:00,768.52,-0.006014201275269304,7.192585895121617e-05
2026-08-18T16:40:00+00:00,768.36,-0.006221141534203278,7.38698010849248e-05
2026-08-18T16:45:00+00:00,768.76,-0.005703790886868343,7.581374321885548e-05
2026-08-18T16:50:00+00:00,768.825,-0.005619721406676326,7.775768535256411e-05
2026-08-18T16:55:00+00:00,768.63,-0.005871929847252155,7.970162748649479e-05
2026-08-18T17:00:00+00:00,768.645,-0.005852529197977074,8.164556962020342e-05
2026-08-18T17:05:00+00:00,768.71,-0.005768459717785168,8.35895117541341e-05
2026-08-18T17:10:00+00:00,768.64,-0.005858996081068768,8.553345388784273e-05
2026-08-18T17:15:00+00:00,768.39,-0.0061823402356532275,8.74773960217734e-05
2026-08-18T17:20:00+00:00,768.24,-0.0063763467284038144,8.942133815548203e-05
2026-08-18T17:25:00+00:00,768.29,-0.006311677897486989,9.136528028941272e-05
2026-08-18T17:30:00+00:00,768.24,-0.0063763467284038144,9.330922242312134e-05
2026-08-18T17:35:00+00:00,768.215,-0.006408681143862172,9.525316455705202e-05
2026-08-18T17:40:00+00:00,768.12,-0.0065315519226042396,9.719710669076063e-05
2026-08-18T17:45:00+00:00,768.0,-0.006686757116804776,9.914104882469132e-05
2026-08-18T17:50:00+00:00,768.09,-0.006570353221154401,0.0001010849909583
2026-08-18T17:55:00+00:00,767.63,-0.00716530646558966,0.0001030289330923
2026-08-18T18:00:00+00:00,767.635,-0.007158839582497967,0.000104972875226
2026-08-18T18:05:00+00:00,767.46,-0.007385180490707022,0.0001069168173597
2026-08-18T18:10:00+00:00,768.01,-0.006673823350621388,0.0001088607594936
2026-08-18T18:15:00+00:00,768.31,-0.006285810365120215,0.0001108047016273
2026-08-18T18:20:00+00:00,768.265,-0.006344012312945346,0.0001127486437613
2026-08-18T18:25:00+00:00,768.32,-0.006272876598936716,0.000114692585895
2026-08-18T18:30:00+00:00,768.23,-0.006389280494587091,0.0001166365280289
2026-08-18T18:35:00+00:00,768.32,-0.006272876598936716,0.0001185804701626
2026-08-18T18:40:00+00:00,768.13,-0.006518618156420963,0.0001205244122965
2026-08-18T18:45:00+00:00,768.07,-0.006596220753521065,0.0001224683544303
2026-08-18T18:50:00+00:00,767.8,-0.006945432440472299,0.0001244122965642
2026-08-18T18:55:00+00:00,767.75,-0.007010101271389124,0.0001263562386979
2026-08-18T19:00:00+00:00,767.795,-0.0069518993235639925,0.0001283001808318
2026-08-18T19:05:00+00:00,767.82,-0.006919564908105524,0.0001302441229655
2026-08-18T19:10:00+00:00,767.62,-0.007178240231773048,0.0001321880650995
2026-08-18T19:15:00+00:00,767.84,-0.00689369737573875,0.0001341320072332
2026-08-18T19:20:00+00:00,768.15,-0.006492750624054189,0.0001360759493671
2026-08-18T19:25:00+00:00,768.06,-0.006609154519704563,0.0001380198915008
2026-08-18T19:30:00+00:00,767.905,-0.006809627895546844,0.0001399638336347
2026-08-18T19:35:00+00:00,767.96,-0.006738492181538214,0.0001419077757685
2026-08-18T19:40:00+00:00,767.9,-0.006816094778638537,0.0001438517179024
2026-08-18T19:45:00+00:00,767.93,-0.0067772934800884865,0.0001457956600361
2026-08-18T19:50:00+00:00,767.415,-0.0074433824385322644,0.00014773960217
2026-08-18T19:55:00+00:00,767.365,-0.00750805126944909,0.0001496835443037
2026-08-18T20:00:00+00:00,767.35,-0.007527451918724171,0.0001516274864377
2026-08-19T13:30:00+00:00,770.045,-0.004041801932304634,0.0
2026-08-19T13:35:00+00:00,769.54,-0.004694957124565136,1.943224547273914e-06
2026-08-19T13:40:00+00:00,770.15,-0.0039059973873791787,3.8864490943257834e-06
2026-08-19T13:45:00+00:00,768.55,-0.005975399976719253,5.8296736415996975e-06
2026-08-19T13:50:00+00:00,769.72,-0.004462149333264276,7.772898188873612e-06
2026-08-19T13:55:00+00:00,770.045,-0.004041801932304634,9.716122735925481e-06
2026-08-19T14:00:00+00:00,769.73,-0.004449215567080889,1.1659347283199395e-05
2026-08-19T14:05:00+00:00,769.775,-0.004391013619255757,1.3602571830473309e-05
2026-08-19T14:10:00+00:00,768.76,-0.005703790886868343,1.554579637752518e-05
2026-08-19T14:15:00+00:00,769.795,-0.0043651460868890934,1.7489020924799092e-05
2026-08-19T14:20:00+00:00,769.72,-0.004462149333264276,1.9432245472073006e-05
2026-08-19T14:25:00+00:00,769.965,-0.004145272061771621,2.1375470019124876e-05
2026-08-19T14:30:00+00:00,770.08,-0.0039965337506627785,2.331869456639879e-05
2026-08-19T14:35:00+00:00,771.14,-0.002625554535225061,2.5261919113672704e-05
2026-08-19T14:40:00+00:00,771.08,-0.0027031571323252734,2.7205143660946618e-05
2026-08-19T14:45:00+00:00,770.73,-0.0031558389487433836,2.9148368207998487e-05
2026-08-19T14:50:00+00:00,771.36,-0.002341011679190763,3.10915927552724e-05
2026-08-19T14:55:00+00:00,772.19,-0.0012675090859706195,3.3034817302546315e-05
2026-08-19T15:00:00+00:00,772.16,-0.0013063103845208923,3.4978041849598185e-05
2026-08-19T15:05:00+00:00,771.53,-0.0021211376540735127,3.69212663968721e-05
2026-08-19T15:10:00+00:00,771.78,-0.0017977934994890532,3.886449094414601e-05
2026-08-19T15:15:00+00:00,771.505,-0.00215347206953187,4.080771549119788e-05
2026-08-19T15:20:00+00:00,771.2,-0.0025479519381247373,4.2750940038471796e-05
2026-08-19T15:25:00+00:00,771.065,-0.0027225577816003543,4.469416458574571e-05
2026-08-19T15:30:00+00:00,770.79,-0.003078236351643282,4.663738913279758e-05
2026-08-19T15:35:00+00:00,770.56,-0.003375712973860856,4.8580613680071494e-05
2026-08-19T15:40:00+00:00,770.5,-0.0034533155709610686,5.052383822734541e-05
2026-08-19T15:45:00+00:00,770.46,-0.0035050506356945066,5.246706277439728e-05
2026-08-19T15:50:00+00:00,770.11,-0.003957732452112617,5.441028732167119e-05
2026-08-19T15:55:00+00:00,770.62,-0.0032981103767605324,5.6353511868945105e-05
2026-08-19T16:00:00+00:00,771.29,-0.002431548042474474,5.8296736415996975e-05
2026-08-19T16:05:00+00:00,771.48,-0.002185806484990338,6.023996096327089e-05
2026-08-19T16:10:00+00:00,771.6,-0.002030601290789802,6.21831855105448e-05
2026-08-19T16:15:00+00:00,771.85,-0.0017072571362054534,6.412641005759667e-05
2026-08-19T16:20:00+00:00,771.36,-0.002341011679190763,6.606963460487059e-05
2026-08-19T16:25:00+00:00,770.745,-0.0031364382994684137,6.80128591521445e-05
2026-08-19T16:30:00+00:00,770.73,-0.0031558389487433836,6.995608369919637e-05
2026-08-19T16:35:00+00:00,770.51,-0.0034403818047776813,7.189930824647028e-05
2026-08-19T16:40:00+00:00,770.395,-0.003589120115886524,7.38425327937442e-05
2026-08-19T16:45:00+00:00,770.22,-0.003815461024095468,7.578575734101811e-05
2026-08-19T16:50:00+00:00,769.88,-0.004255209074330302,7.772898188806998e-05
2026-08-19T16:55:00+00:00,769.73,-0.004449215567080889,7.96722064353439e-05
2026-08-19T17:00:00+00:00,769.9,-0.004229341541963527,8.161543098261781e-05
2026-08-19T17:05:00+00:00,769.5,-0.004746692189298574,8.355865552966968e-05
2026-08-19T17:10:00+00:00,769.835,-0.004313411022155433,8.550188007694359e-05
2026-08-19T17:15:00+00:00,769.54,-0.004694957124565136,8.74451046242175e-05
2026-08-19T17:20:00+00:00,769.265,-0.005050635694607841,8.938832917126938e-05
2026-08-19T17:25:00+00:00,769.54,-0.004694957124565136,9.133155371854329e-05
2026-08-19T17:30:00+00:00,769.22,-0.005108837642432973,9.32747782658172e-05
2026-08-19T17:35:00+00:00,769.245,-0.005076503226974616,9.521800281286907e-05
2026-08-19T17:40:00+00:00,769.58,-0.0046432220598314755,9.716122736014299e-05
2026-08-19T17:45:00+00:00,769.55,-0.004682023358381748,9.91044519074169e-05
2026-08-19T17:50:00+00:00,769.6,-0.004617354527464812,0.00010104767645446877
2026-08-19T17:55:00+00:00,769.41,-0.004863096084948948,0.00010299090100174269
2026-08-19T18:00:00+00:00,770.12,-0.0039447986859293405,0.0001049341255490166
2026-08-19T18:05:00+00:00,768.985,-0.0054127811477423515,0.00010687735009606847
2026-08-19T18:10:00+00:00,769.44,-0.004824294786398675,0.00010882057464334238
2026-08-19T18:15:00+00:00,769.34,-0.004953632448232548,0.0001107637991906163
2026-08-19T18:20:00+00:00,769.29,-0.005018301279149484,0.00011270702373766817
2026-08-19T18:25:00+00:00,769.58,-0.0046432220598314755,0.00011465024828494208
2026-08-19T18:30:00+00:00,769.97,-0.004138805178679927,0.000116593472832216
2026-08-19T18:35:00+00:00,769.82,-0.004332811671430514,0.00011853669737926786
2026-08-19T18:40:00+00:00,769.8,-0.0043586792037974,0.00012047992192654178
2026-08-19T18:45:00+00:00,769.775,-0.004391013619255757,0.0001224231464738157
2026-08-19T18:50:00+00:00,769.68,-0.004513884397997825,0.0001243663710210896
2026-08-19T18:55:00+00:00,769.52,-0.004720824656931799,0.00012630959556814148
2026-08-19T19:00:00+00:00,769.62,-0.0045914869950980375,0.0001282528201154154
2026-08-19T19:05:00+00:00,769.96,-0.004151738944863204,0.0001301960446626893
2026-08-19T19:10:00+00:00,769.685,-0.004507417514906131,0.00013213926920974117
2026-08-19T19:15:00+00:00,770.01,-0.004087070113946489,0.0001340824937570151
2026-08-19T19:20:00+00:00,769.94,-0.004177606477229978,0.000136025718304289
2026-08-19T19:25:00+00:00,769.625,-0.004585020112006344,0.00013796894285134087
2026-08-19T19:30:00+00:00,770.175,-0.0038736629719208215,0.00013991216739861478
2026-08-19T19:35:00+00:00,769.22,-0.005108837642432973,0.0001418553919458887
2026-08-19T19:40:00+00:00,769.005,-0.005386913615375577,0.00014379861649294057
2026-08-19T19:45:00+00:00,768.74,-0.005729658419235006,0.00014574184104021448
2026-08-19T19:50:00+00:00,768.74,-0.005729658419235006,0.0001476850655874884
2026-08-19T19:55:00+00:00,769.09,-0.005276976602816896,0.00014962829013454026
2026-08-19T20:00:00+00:00,769.13,-0.005225241538083458,0.00015157151468181418
2026-08-20T13:30:00+00:00,767.05,-0.007915464904225455,0.0001535147392290881
2026-08-20T13:35:00+00:00,767.285,-0.007611521398916188,0.00015545835180197365
2026-08-20T13:40:00+00:00,767.41,-0.007449849321623958,0.0001574019643748592
2026-08-20T13:45:00+00:00,767.13,-0.007811994774758468,0.00015934557694774476
2026-08-20T13:50:00+00:00,766.96,-0.008031868799875719,0.00016128918952063032
2026-08-20T13:55:00+00:00,766.57,-0.008536285681027378,0.00016323280209351587
2026-08-20T14:00:00+00:00,766.005,-0.009267043470388092,0.00016517641466640143
2026-08-20T14:05:00+00:00,766.645,-0.008439282434652084,0.00016712002723950903
2026-08-20T14:10:00+00:00,765.99,-0.009286444119663173,0.00016906363981239458
2026-08-20T14:15:00+00:00,765.455,-0.009978400610473614,0.00017100725238528014
2026-08-20T14:20:00+00:00,766.75,-0.00830347788972663,0.0001729508649581657
2026-08-20T14:25:00+00:00,766.22,-0.008988967497445488,0.00017489447753105125
2026-08-20T14:30:00+00:00,766.105,-0.00913770580855433,0.0001768380901039368
2026-08-20T14:35:00+00:00,766.96,-0.008031868799875719,0.00017878170267682236
2026-08-20T14:40:00+00:00,767.15,-0.007786127242391694,0.00018072531524970792
2026-08-20T14:45:00+00:00,766.73,-0.008329345422093404,0.00018266892782259347
2026-08-20T14:50:00+00:00,766.74,-0.008316411655910017,0.00018461254039547903
2026-08-20T14:55:00+00:00,767.2,-0.0077214584114747575,0.00018655615296858663
2026-08-20T15:00:00+00:00,767.895,-0.006822561661730231,0.00018849976554147219
2026-08-20T15:05:00+00:00,766.57,-0.008536285681027378,0.00019044337811435774
2026-08-20T15:10:00+00:00,766.705,-0.008361679837551761,0.00019238699068746534
2026-08-20T15:15:00+00:00,766.845,-0.008180607110984561,0.0001943306032603509
2026-08-20T15:20:00+00:00,766.32,-0.008859629835611726,0.00019627421583323645
2026-08-20T15:25:00+00:00,766.69,-0.008381080486826842,0.000198217828406122
2026-08-20T15:30:00+00:00,766.045,-0.009215308405654654,0.00020016144097900757
2026-08-20T15:35:00+00:00,765.61,-0.009777927234631334,0.00020210505355189312
2026-08-20T15:40:00+00:00,765.38,-0.010075403856849019,0.00020404866612477868
2026-08-20T15:45:00+00:00,765.53,-0.009881397364098432,0.00020599227869766423
2026-08-20T15:50:00+00:00,765.835,-0.009486917495505454,0.0002079358912705498
2026-08-20T15:55:00+00:00,765.81,-0.009519251910963922,0.00020987950384343534
2026-08-20T16:00:00+00:00,765.54,-0.009868463597915045,0.0002118231164163209
2026-08-20T16:05:00+00:00,765.9,-0.009402848015313547,0.00021376672898920646
2026-08-20T16:10:00+00:00,765.51,-0.009907264896465207,0.000215710341562092
2026-08-20T16:15:00+00:00,765.615,-0.009771460351539751,0.0002176539541351996
2026-08-20T16:20:00+00:00,766.045,-0.009215308405654654,0.00021959756670808517
2026-08-20T16:25:00+00:00,765.745,-0.009603321391155828,0.00022154117928097072
2026-08-20T16:30:00+00:00,766.1,-0.009144172691646024,0.00022348479185385628
2026-08-20T16:35:00+00:00,766.29,-0.008898431134162,0.00022542840442674184
2026-08-20T16:40:00+00:00,766.625,-0.008465149967018859,0.0002273720169996274
2026-08-20T16:45:00+00:00,766.36,-0.008807894770878288,0.00022931562957251295
2026-08-20T16:50:00+00:00,766.16,-0.009066570094545812,0.0002312592421453985
2026-08-20T16:55:00+00:00,766.4,-0.00875615970614485,0.00023320285471828406
2026-08-20T17:00:00+00:00,766.02,-0.009247642821113011,0.00023514646729116961
2026-08-20T17:05:00+00:00,765.68,-0.009687390871347845,0.00023709007986405517
2026-08-20T17:10:00+00:00,765.51,-0.009907264896465207,0.00023903369243694073
2026-08-20T17:15:00+00:00,764.865,-0.010741492815292797,0.00024097730500982628
2026-08-20T17:20:00+00:00,765.08,-0.010463416842350193,0.00024292091758271184
2026-08-20T17:25:00+00:00,764.74,-0.010903164892585027,0.00024486453015581944
2026-08-20T17:30:00+00:00,764.61,-0.011071303852968839,0.000246808142728705
2026-08-20T17:35:00+00:00,764.51,-0.0112006415148026,0.00024875175530159055
2026-08-20T17:40:00+00:00,764.44,-0.0112911778780862,0.00025069536787469815
2026-08-20T17:45:00+00:00,764.72,-0.01092903242495169,0.0002526389804475837
2026-08-20T17:50:00+00:00,764.755,-0.010883764243309946,0.00025458259302046926
2026-08-20T17:55:00+00:00,764.54,-0.01116184021625255,0.0002565262055933548
2026-08-20T18:00:00+00:00,764.105,-0.01172445904522934,0.00025846981816624037
2026-08-20T18:05:00+00:00,763.73,-0.012209475277105919,0.00026041343073912593
2026-08-20T18:10:00+00:00,763.585,-0.012397014886764812,0.0002623570433120115
2026-08-20T18:15:00+00:00,763.67,-0.012287077874206243,0.00026430065588489704
2026-08-20T18:20:00+00:00,763.62,-0.012351746705122957,0.0002662442684577826
2026-08-20T18:25:00+00:00,763.53,-0.012468150600773442,0.00026818788103066815
2026-08-20T18:30:00+00:00,763.32,-0.012739759690624242,0.00027013149360377575
2026-08-20T18:35:00+00:00,763.51,-0.012494018133140106,0.0002720751061766613
2026-08-20T18:40:00+00:00,763.58,-0.012403481769856506,0.00027401871874954686
2026-08-20T18:45:00+00:00,763.73,-0.012209475277105919,0.0002759623313224324
2026-08-20T18:50:00+00:00,763.6,-0.012377614237489731,0.000277905943895318
2026-08-20T18:55:00+00:00,763.26,-0.012817362287724565,0.00027984955646820353
2026-08-20T19:00:00+00:00,763.42,-0.012610422028790591,0.0002817931690410891
2026-08-20T19:05:00+00:00,763.6,-0.012377614237489731,0.00028373678161397464
2026-08-20T19:10:00+00:00,763.55,-0.012442283068406668,0.0002856803941868602
2026-08-20T19:15:00+00:00,763.32,-0.012739759690624242,0.00028762400675974575
2026-08-20T19:20:00+00:00,763.67,-0.012287077874206243,0.0002895676193326313
2026-08-20T19:25:00+00:00,763.49,-0.01251988566550688,0.00029151123190551687
2026-08-20T19:30:00+00:00,763.19,-0.012907898651008054,0.0002934548444784024
2026-08-20T19:35:00+00:00,763.49,-0.01251988566550688,0.00029539845705151
2026-08-20T19:40:00+00:00,763.04,-0.013101905143758752,0.0002973420696243956
2026-08-20T19:45:00+00:00,763.37,-0.012675090859707416,0.00029928568219728113
2026-08-20T19:50:00+00:00,762.9,-0.013282977870326063,0.0003012292947701667
2026-08-20T19:55:00+00:00,762.62,-0.013645123323460462,0.00030317290734305224
2026-08-20T20:00:00+00:00,762.72,-0.0135157856616267,0.0003051165199159378
2026-08-21T13:30:00+00:00,764.89,-0.01070915839983444,0.00030706013248882336
2026-08-21T13:35:00+00:00,765.08,-0.010463416842350193,0.00030900467152972233
2026-08-21T13:40:00+00:00,765.15,-0.010372880479066704,0.0003109492105706213
2026-08-21T13:45:00+00:00,764.965,-0.010612155153459035,0.0003128937496115203
2026-08-21T13:50:00+00:00,764.38,-0.011368780475186524,0.0003148382886526413
2026-08-21T13:55:00+00:00,764.57,-0.011123038917702277,0.00031678282769354027
2026-08-21T14:00:00+00:00,764.905,-0.010689757750559359,0.00031872736673443924
2026-08-21T14:05:00+00:00,765.24,-0.010256476583416219,0.0003206719057753382
2026-08-21T14:10:00+00:00,764.72,-0.01092903242495169,0.00032261644481645924
2026-08-21T14:15:00+00:00,764.59,-0.011097171385335614,0.0003245609838573582
2026-08-21T14:20:00+00:00,764.755,-0.010883764243309946,0.0003265055228982572
2026-08-21T14:25:00+00:00,764.64,-0.011032502554418788,0.00032845006193915616
2026-08-21T14:30:00+00:00,764.48,-0.011239442813352762,0.0003303946009802772
2026-08-21T14:35:00+00:00,764.335,-0.011426982423011656,0.0003323391400209541
2026-08-21T14:40:00+00:00,764.55,-0.011148906450069163,0.0003342836790620751
2026-08-21T14:45:00+00:00,765.04,-0.010515151907083853,0.0003362282181029741
2026-08-21T14:50:00+00:00,764.94,-0.010644489568917503,0.0003381727571440951
2026-08-21T14:55:00+00:00,765.815,-0.009512785027872117,0.00034011729618477204
2026-08-21T15:00:00+00:00,766.24,-0.008963099965078714,0.00034206183522589306
2026-08-21T15:05:00+00:00,765.825,-0.00949985126168873,0.00034400637426679204
2026-08-21T15:10:00+00:00,765.7,-0.00966152333898096,0.000345950913307691
2026-08-21T15:15:00+00:00,765.595,-0.009797327883906415,0.00034789545234859
2026-08-21T15:20:00+00:00,765.505,-0.00991373177955679,0.000349839991389711
2026-08-21T15:25:00+00:00,765.92,-0.009376980482946884,0.00035178453043061
2026-08-21T15:30:00+00:00,766.47,-0.00866562334286114,0.00035372906947150895
2026-08-21T15:35:00+00:00,767.04,-0.007928398670408843,0.0003556736085124079
2026-08-21T15:40:00+00:00,767.3,-0.007592120749641107,0.00035761814755352894
2026-08-21T15:45:00+00:00,767.01,-0.007967199968958893,0.0003595626865944279
2026-08-21T15:50:00+00:00,767.68,-0.007100637634672835,0.00036150722563510485
2026-08-21T15:55:00+00:00,767.2,-0.0077214584114747575,0.00036345176467622586
2026-08-21T16:00:00+00:00,766.74,-0.008316411655910017,0.00036539630371712484
2026-08-21T16:05:00+00:00,766.35,-0.008820828537061676,0.0003673408427580238
2026-08-21T16:10:00+00:00,766.335,-0.008840229186336646,0.0003692853817989228
2026-08-21T16:15:00+00:00,766.025,-0.009241175938021318,0.0003712299208400438
2026-08-21T16:20:00+00:00,766.17,-0.009053636328362424,0.0003731744598809428
2026-08-21T16:25:00+00:00,766.445,-0.008697957758319497,0.00037511899892184175
2026-08-21T16:30:00+00:00,766.04,-0.009221775288746348,0.0003770635379627407
2026-08-21T16:35:00+00:00,766.55,-0.008562153213394263,0.00037900807700386174
2026-08-21T16:40:00+00:00,766.38,-0.008782027238511514,0.0003809526160447607
2026-08-21T16:45:00+00:00,766.18,-0.009040702562179148,0.0003828971550856597
2026-08-21T16:50:00+00:00,766.02,-0.009247642821113011,0.00038484169412655866
2026-08-21T16:55:00+00:00,766.3,-0.008885497367978612,0.0003867862331676797
2026-08-21T17:00:00+00:00,766.33,-0.00884669606942834,0.0003887307722083566
2026-08-21T17:05:00+00:00,766.375,-0.008788494121603208,0.00039067531124947763
2026-08-21T17:10:00+00:00,766.15,-0.009079503860729199,0.0003926198502903766
2026-08-21T17:15:00+00:00,766.14,-0.009092437626912586,0.0003945643893314976
2026-08-21T17:20:00+00:00,765.845,-0.009473983729322066,0.00039650892837217455
2026-08-21T17:25:00+00:00,765.81,-0.009519251910963922,0.00039845346741329557
2026-08-21T17:30:00+00:00,765.545,-0.009861996714823351,0.00040039800645419454
2026-08-21T17:35:00+00:00,765.575,-0.00982319541627319,0.0004023425454950935
2026-08-21T17:40:00+00:00,765.655,-0.009719725286806202,0.0004042870845359925
2026-08-21T17:45:00+00:00,765.695,-0.009667990222072653,0.0004062316235771135
2026-08-21T17:50:00+00:00,765.59,-0.009803794766998108,0.0004081761626180125
2026-08-21T17:55:00+00:00,765.505,-0.00991373177955679,0.00041012070165891146
2026-08-21T18:00:00+00:00,765.66,-0.00971325840371462,0.00041206524069981043
2026-08-21T18:05:00+00:00,765.33,-0.010140072687765844,0.0004140097797407094
2026-08-21T18:10:00+00:00,765.34,-0.010127138921582457,0.0004159543187818304
2026-08-21T18:15:00+00:00,765.47,-0.009958999961198645,0.00041789885782250735
2026-08-21T18:20:00+00:00,765.495,-0.009926665545740176,0.00041984339686362837
2026-08-21T18:25:00+00:00,765.285,-0.010198274635591087,0.00042178793590452734
2026-08-21T18:30:00+00:00,765.175,-0.010340546063608236,0.0004237324749454263
2026-08-21T18:35:00+00:00,765.225,-0.0102758772326913,0.0004256770139863253
2026-08-21T18:40:00+00:00,765.41,-0.010036602558298968,0.0004276215530274463
2026-08-21T18:45:00+00:00,765.65,-0.009726192169897896,0.0004295660920683453
2026-08-21T18:50:00+00:00,765.885,-0.009422248664588628,0.00043151063110924426
2026-08-21T18:55:00+00:00,766.22,-0.008988967497445488,0.00043345517015014323
2026-08-21T19:00:00+00:00,766.03,-0.009234709054929735,0.00043539970919126425
2026-08-21T19:05:00+00:00,766.11,-0.009131238925462637,0.0004373442482321632
2026-08-21T19:10:00+00:00,766.04,-0.009221775288746348,0.0004392887872730622
2026-08-21T19:15:00+00:00,765.97,-0.009312311652029837,0.00044123332631396117
2026-08-21T19:20:00+00:00,766.225,-0.008982500614353794,0.0004431778653550822
2026-08-21T19:25:00+00:00,766.04,-0.009221775288746348,0.0004451224043957591
2026-08-21T19:30:00+00:00,766.085,-0.009163573340920994,0.00044706694343688014
2026-08-21T19:35:00+00:00,766.275,-0.00891783178343697,0.0004490114824777791
2026-08-21T19:40:00+00:00,766.46,-0.008678557109044527,0.00045095602151890013
2026-08-21T19:45:00+00:00,766.66,-0.008419881785377115,0.00045290056055957706
2026-08-21T19:50:00+00:00,765.89,-0.009415781781496935,0.0004548450996006981
2026-08-21T19:55:00+00:00,765.64,-0.009739125936081283,0.00045678963864159705
2026-08-21T20:00:00+00:00,765.54,-0.009868463597915045,0.00045873417768271807
2026-08-24T13:30:00+00:00,763.5,-0.012506951899323493,0.000460678716723395
2026-08-24T13:35:00+00:00,763.36,-0.012688024625890693,0.0004626235543898627
2026-08-24T13:40:00+00:00,762.19,-0.014201275269345559,0.0004645683920565524
2026-08-24T13:45:00+00:00,763.105,-0.013017835663566846,0.0004665132297230201
2026-08-24T13:50:00+00:00,763.485,-0.012526352548598574,0.00046845806738970985
2026-08-24T13:55:00+00:00,763.39,-0.012649223327340642,0.00047040290505617754
2026-08-24T14:00:00+00:00,762.97,-0.013192441507042352,0.0004723477427228673
2026-08-24T14:05:00+00:00,762.76,-0.013464050596893262,0.00047429258038933497
2026-08-24T14:10:00+00:00,762.96,-0.013205375273225739,0.0004762374180560247
2026-08-24T14:15:00+00:00,762.85,-0.013347646701242888,0.0004781822557224924
2026-08-24T14:20:00+00:00,762.825,-0.013379981116701245,0.00048012709338918214
2026-08-24T14:25:00+00:00,762.905,-0.013276510987234369,0.00048207193105564983
2026-08-24T14:30:00+00:00,763.62,-0.012351746705122957,0.00048401676872233956
2026-08-24T14:35:00+00:00,763.655,-0.012306478523481212,0.00048596160638880725
2026-08-24T14:40:00+00:00,763.755,-0.01217714086164745,0.00048790644405571904
2026-08-24T14:45:00+00:00,763.83,-0.012080137615272046,0.0004898512817221867
2026-08-24T14:50:00+00:00,763.6,-0.012377614237489731,0.0004917961193888765
2026-08-24T14:55:00+00:00,763.68,-0.012274144108022855,0.0004937409570553442
2026-08-24T15:00:00+00:00,763.04,-0.013101905143758752,0.0004956857947220339
2026-08-24T15:05:00+00:00,763.005,-0.013147173325400607,0.0004976306323885016
2026-08-24T15:10:00+00:00,762.71,-0.013528719427810088,0.0004995754700551913
2026-08-24T15:15:00+00:00,762.675,-0.013573987609452054,0.000501520307721659
2026-08-24T15:20:00+00:00,763.095,-0.013030769429750122,0.0005034651453883487
2026-08-24T15:25:00+00:00,763.72,-0.012222409043289195,0.0005054099830548164
2026-08-24T15:30:00+00:00,763.8,-0.01211893891382232,0.0005073548207215062
2026-08-24T15:35:00+00:00,764.03,-0.011821462291604634,0.0005092996583879739
2026-08-24T15:40:00+00:00,764.25,-0.011536919435570336,0.0005112444960546636
2026-08-24T15:45:00+00:00,764.265,-0.011517518786295367,0.0005131893337211313
2026-08-24T15:50:00+00:00,764.32,-0.011446383072286737,0.000515134171387599
2026-08-24T15:55:00+00:00,764.53,-0.011174773982435937,0.0005170790090542887
2026-08-24T16:00:00+00:00,764.96,-0.010618622036550729,0.0005190238467207564
2026-08-24T16:05:00+00:00,764.51,-0.0112006415148026,0.0005209686843874461
2026-08-24T16:10:00+00:00,764.655,-0.011013101905143707,0.0005229135220539138
2026-08-24T16:15:00+00:00,765.065,-0.010482817491625274,0.0005248583597206036
2026-08-24T16:20:00+00:00,764.855,-0.010754426581476184,0.0005268031973870713
2026-08-24T16:25:00+00:00,764.88,-0.010722092166017827,0.000528748035053761
2026-08-24T16:30:00+00:00,764.56,-0.011135972683885886,0.0005306928727202287
2026-08-24T16:35:00+00:00,764.35,-0.011407581773736575,0.0005326377103869184
2026-08-24T16:40:00+00:00,764.31,-0.011459316838470235,0.0005345825480533861
2026-08-24T16:45:00+00:00,764.35,-0.011407581773736575,0.0005365273857200759
2026-08-24T16:50:00+00:00,764.15,-0.011666257097404209,0.0005384722233867656
2026-08-24T16:55:00+00:00,764.19,-0.011614522032670549,0.0005404170610534553
2026-08-24T17:00:00+00:00,764.02,-0.011834396057788021,0.000542361898719923
2026-08-24T17:05:00+00:00,764.45,-0.011278244111902813,0.0005443067363866128
2026-08-24T17:10:00+00:00,764.515,-0.011194174631711018,0.0005462515740530804
2026-08-24T17:15:00+00:00,764.21,-0.011588654500303885,0.0005481964117197702
2026-08-24T17:20:00+00:00,763.6,-0.012377614237489731,0.0005501412493862379
2026-08-24T17:25:00+00:00,763.4,-0.012636289561157255,0.0005520860870529276
2026-08-24T17:30:00+00:00,763.36,-0.012688024625890693,0.0005540309247193953
2026-08-24T17:35:00+00:00,763.39,-0.012649223327340642,0.000555975762386085
2026-08-24T17:40:00+00:00,763.15,-0.012959633715741714,0.0005579206000525527
2026-08-24T17:45:00+00:00,763.21,-0.01288203111864139,0.0005598654377192425
2026-08-24T17:50:00+00:00,763.2,-0.012894964884824667,0.0005618102753857102
2026-08-24T17:55:00+00:00,763.31,-0.01275269345680774,0.0005637551130523999
2026-08-24T18:00:00+00:00,763.54,-0.012455216834590055,0.0005656999507188676
2026-08-24T18:05:00+00:00,763.94,-0.011937866187254897,0.0005676447883853353
2026-08-24T18:10:00+00:00,764.25,-0.011536919435570336,0.000569589626052025
2026-08-24T18:15:00+00:00,764.235,-0.011556320084845417,0.0005715344637184927
2026-08-24T18:20:00+00:00,764.615,-0.011064836969877145,0.0005734793013851824
2026-08-24T18:25:00+00:00,764.825,-0.010793227880026235,0.0005754241390516501
2026-08-24T18:30:00+00:00,764.69,-0.010967833723501852,0.0005773689767183399
2026-08-24T18:35:00+00:00,764.23,-0.011562786967937111,0.0005793138143848076
2026-08-24T18:40:00+00:00,764.33,-0.01143344930610335,0.0005812586520514973
2026-08-24T18:45:00+00:00,764.33,-0.01143344930610335,0.000583203489717965
2026-08-24T18:50:00+00:00,764.15,-0.011666257097404209,0.0005851483273846547
2026-08-24T18:55:00+00:00,764.01,-0.011847329823971409,0.0005870931650511224
2026-08-24T19:00:00+00:00,763.92,-0.011963733719621783,0.0005890380027180342
2026-08-24T19:05:00+00:00,763.9,-0.011989601251988558,0.0005909828403845019
2026-08-24T19:10:00+00:00,764.2,-0.011601588266487162,0.0005929276780511916
2026-08-24T19:15:00+00:00,764.1,-0.011730925928321034,0.0005948725157176593
2026-08-24T19:20:00+00:00,764.02,-0.011834396057788021,0.000596817353384349
2026-08-24T19:25:00+00:00,763.985,-0.011879664239429766,0.0005987621910508167
2026-08-24T19:30:00+00:00,763.74,-0.012196541510922532,0.0006007070287175065
2026-08-24T19:35:00+00:00,763.66,-0.012300011640389519,0.0006026518663839742
2026-08-24T19:40:00+00:00,763.69,-0.012261210341839357,0.0006045967040506639
2026-08-24T19:45:00+00:00,763.77,-0.01215774021237237,0.0006065415417171316
2026-08-24T19:50:00+00:00,763.74,-0.012196541510922532,0.0006084863793838213
2026-08-24T19:55:00+00:00,763.52,-0.01248108436695683,0.000610431217050289
2026-08-24T20:00:00+00:00,763.58,-0.012403481769856506,0.0006123760547169788
2026-08-25T13:30:00+00:00,766.72,-0.008342279188276791,0.0006143208923834464
2026-08-25T13:35:00+00:00,766.18,-0.009040702562179148,0.0006162655717951715
2026-08-25T13:40:00+00:00,766.195,-0.009021301912903956,0.0006182102512064525
2026-08-25T13:45:00+00:00,766.515,-0.008607421395036008,0.0006201549306181775
2026-08-25T13:50:00+00:00,766.01,-0.009260576587296399,0.0006220996100294585
2026-08-25T13:55:00+00:00,765.69,-0.009674457105164347,0.0006240442894411835
2026-08-25T14:00:00+00:00,765.46,-0.009971933727382032,0.0006259889688526865
2026-08-25T14:05:00+00:00,765.25,-0.010243542817232942,0.0006279336482641895
2026-08-25T14:10:00+00:00,765.185,-0.01032761229742496,0.0006298783276756925
2026-08-25T14:15:00+00:00,765.47,-0.009958999961198645,0.0006318230070871955
2026-08-25T14:20:00+00:00,765.1,-0.01043754930998353,0.0006337676864986985
2026-08-25T14:25:00+00:00,764.7,-0.010954899957318465,0.0006357123659104236
2026-08-25T14:30:00+00:00,764.5,-0.011213575280985988,0.0006376570453217045
2026-08-25T14:35:00+00:00,765.02,-0.010541019439450516,0.0006396017247334296
2026-08-25T14:40:00+00:00,764.19,-0.011614522032670549,0.0006415464041449326
2026-08-25T14:45:00+00:00,764.26,-0.01152398566938706,0.0006434910835564356
2026-08-25T14:50:00+00:00,764.715,-0.010935499308043384,0.0006454357629679386
2026-08-25T14:55:00+00:00,764.705,-0.010948433074226771,0.0006473804423794416
2026-08-25T15:00:00+00:00,764.45,-0.011278244111902813,0.0006493251217909446
2026-08-25T15:05:00+00:00,764.66,-0.011006635022052014,0.0006512698012026696
2026-08-25T15:10:00+00:00,764.56,-0.011135972683885886,0.0006532144806139506
2026-08-25T15:15:00+00:00,764.85,-0.010760893464567878,0.0006551591600256756
2026-08-25T15:20:00+00:00,764.795,-0.010832029178576508,0.0006571038394369566
2026-08-25T15:25:00+00:00,765.33,-0.010140072687765844,0.0006590485188486817
2026-08-25T15:30:00+00:00,765.085,-0.010456949959258499,0.0006609931982601847
2026-08-25T15:35:00+00:00,765.155,-0.01036641359597501,0.0006629378776716877
2026-08-25T15:40:00+00:00,765.2,-0.010308211648149768,0.0006648825570831907
2026-08-25T15:45:00+00:00,764.69,-0.010967833723501852,0.0006668272364946937
2026-08-25T15:50:00+00:00,765.21,-0.01029527788196638,0.0006687719159061967
2026-08-25T15:55:00+00:00,765.47,-0.009958999961198645,0.0006707165953179217
2026-08-25T16:00:00+00:00,765.555,-0.009849062948640075,0.0006726612747292027
2026-08-25T16:05:00+00:00,765.35,-0.01011420515539907,0.0006746059541409277
2026-08-25T16:10:00+00:00,765.5,-0.009920198662648483,0.0006765506335522087
2026-08-25T16:15:00+00:00,765.5,-0.009920198662648483,0.0006784953129639337
2026-08-25T16:20:00+00:00,765.61,-0.009777927234631334,0.0006804399923754367
2026-08-25T16:25:00+00:00,765.76,-0.009583920741880747,0.0006823846717869397
2026-08-25T16:30:00+00:00,765.72,-0.009635655806614185,0.0006843293511984427
2026-08-25T16:35:00+00:00,765.88,-0.009428715547680322,0.0006862740306099457
2026-08-25T16:40:00+00:00,765.53,-0.009881397364098432,0.0006882187100214487
2026-08-25T16:45:00+00:00,765.625,-0.009758526585356364,0.0006901633894331738
2026-08-25T16:50:00+00:00,765.41,-0.010036602558298968,0.0006921080688444547
2026-08-25T16:55:00+00:00,765.76,-0.009583920741880747,0.0006940527482561798
2026-08-25T17:00:00+00:00,765.35,-0.01011420515539907,0.0006959974276676828
2026-08-25T17:05:00+00:00,765.11,-0.010424615543800142,0.0006979421070791858
2026-08-25T17:10:00+00:00,765.29,-0.010191807752499393,0.0006998867864906888
2026-08-25T17:15:00+00:00,765.275,-0.010211208401774474,0.0007018314659021918
2026-08-25T17:20:00+00:00,765.05,-0.010502218140900466,0.0007037761453136948
2026-08-25T17:25:00+00:00,764.81,-0.010812628529301427,0.0007057208247254199
2026-08-25T17:30:00+00:00,764.84,-0.010773827230751265,0.0007076655041367008
2026-08-25T17:35:00+00:00,764.91,-0.010683290867467665,0.0007096101835484259
2026-08-25T17:40:00+00:00,764.86,-0.01074795969838449,0.0007115548629597068
2026-08-25T17:45:00+00:00,764.9,-0.010696224633651052,0.0007134995423714319
2026-08-25T17:50:00+00:00,765.135,-0.010392281128341674,0.0007154442217829349
2026-08-25T17:55:00+00:00,765.055,-0.010495751257808772,0.0007173889011944379
2026-08-25T18:00:00+00:00,764.82,-0.010799694763117929,0.0007193335806059409
2026-08-25T18:05:00+00:00,764.91,-0.010683290867467665,0.0007212782600174439
2026-08-25T18:10:00+00:00,764.83,-0.010786760996934541,0.0007232229394289469
2026-08-25T18:15:00+00:00,764.84,-0.010773827230751265,0.0007251676188406719
2026-08-25T18:20:00+00:00,764.91,-0.010683290867467665,0.0007271122982519529
2026-08-25T18:25:00+00:00,764.96,-0.010618622036550729,0.0007290569776636779
2026-08-25T18:30:00+00:00,765.36,-0.010101271389215793,0.0007310016570749589
2026-08-25T18:35:00+00:00,765.29,-0.010191807752499393,0.000732946336486684
2026-08-25T18:40:00+00:00,765.55,-0.009855529831731658,0.000734891015898187
2026-08-25T18:45:00+00:00,765.78,-0.009558053209514084,0.00073683569530969
2026-08-25T18:50:00+00:00,765.685,-0.009680923988256152,0.000738780374721193
2026-08-25T18:55:00+00:00,765.645,-0.00973265905298959,0.000740725054132918
2026-08-25T19:00:00+00:00,765.49,-0.00993313242883187,0.000742669733544199
2026-08-25T19:05:00+00:00,765.37,-0.010088337623032406,0.000744614412955924
2026-08-25T19:10:00+00:00,765.125,-0.010405214894525061,0.000746559092367205
2026-08-25T19:15:00+00:00,765.015,-0.01054748632254221,0.00074850377177893
2026-08-25T19:20:00+00:00,765.04,-0.010515151907083853,0.000750448451190433
2026-08-25T19:25:00+00:00,765.18,-0.010334079180516542,0.000752393130601936
2026-08-25T19:30:00+00:00,765.13,-0.010398748011433367,0.000754337810013439
2026-08-25T19:35:00+00:00,765.19,-0.010321145414333044,0.000756282489424942
2026-08-25T19:40:00+00:00,765.37,-0.010088337623032406,0.0007582271688366671
2026-08-25T19:45:00+00:00,765.475,-0.009952533078106951,0.0007601718482481701
2026-08-25T19:50:00+00:00,766.12,-0.00911830515927925,0.0007621165276596731
2026-08-25T19:55:00+00:00,765.79,-0.009545119443330696,0.0007640612070711761
2026-08-25T20:00:00+00:00,765.85,-0.009467516846230373,0.0007660058864826791
2026-08-26T13:30:00+00:00,765.62,-0.009764993468448058,0.0007679505658941821
2026-08-26T13:35:00+00:00,765.58,-0.009816728533181496,0.0007698947441385773
2026-08-26T13:40:00+00:00,766.325,-0.008853162952520033,0.0007718389223827504
2026-08-26T13:45:00+00:00,766.005,-0.009267043470388092,0.0007737831006271456
2026-08-26T13:50:00+00:00,766.6,-0.008497484382477216,0.0007757272788715408
2026-08-26T13:55:00+00:00,766.88,-0.008135338929342817,0.000777671457115936
2026-08-26T14:00:00+00:00,766.94,-0.008057736332242493,0.0007796156353601091
2026-08-26T14:05:00+00:00,766.56,-0.008549219447210876,0.0007815598136045043
2026-08-26T14:10:00+00:00,766.17,-0.009053636328362424,0.0007835039918488995
2026-08-26T14:15:00+00:00,765.96,-0.009325245418213224,0.0007854481700930727
2026-08-26T14:20:00+00:00,765.43,-0.010010735025932194,0.0007873923483374679
2026-08-26T14:25:00+00:00,765.1,-0.01043754930998353,0.000789336526581641
2026-08-26T14:30:00+00:00,765.135,-0.010392281128341674,0.0007912807048262582
2026-08-26T14:35:00+00:00,765.23,-0.010269410349599606,0.0007932248830706534
2026-08-26T14:40:00+00:00,765.42,-0.010023668792115581,0.0007951690613148266
2026-08-26T14:45:00+00:00,765.465,-0.009965466844290338,0.0007971132395592218
2026-08-26T14:50:00+00:00,765.635,-0.009745592819172977,0.0007990574178033949
2026-08-26T14:55:00+00:00,765.87,-0.009441649313863598,0.0008010015960477901
2026-08-26T15:00:00+00:00,766.14,-0.009092437626912586,0.0008029457742919632
2026-08-26T15:05:00+00:00,766.365,-0.008801427887786595,0.0008048899525363584
2026-08-26T15:10:00+00:00,766.285,-0.008904898017253582,0.0008068341307809757
2026-08-26T15:15:00+00:00,765.72,-0.009635655806614185,0.0008087783090251488
2026-08-26T15:20:00+00:00,765.8,-0.009532185677147309,0.000810722487269544
2026-08-26T15:25:00+00:00,765.85,-0.009467516846230373,0.0008126666655137171
2026-08-26T15:30:00+00:00,765.21,-0.01029527788196638,0.0008146108437581123
2026-08-26T15:35:00+00:00,765.48,-0.009946066195015257,0.0008165550220022855
2026-08-26T15:40:00+00:00,766.045,-0.009215308405654654,0.0008184992002466807
2026-08-26T15:45:00+00:00,766.24,-0.008963099965078714,0.0008204433784912979
2026-08-26T15:50:00+00:00,765.34,-0.010127138921582457,0.000822387556735471
2026-08-26T15:55:00+00:00,765.34,-0.010127138921582457,0.0008243317349798662
2026-08-26T16:00:00+00:00,765.25,-0.010243542817232942,0.0008262759132240394
2026-08-26T16:05:00+00:00,765.18,-0.010334079180516542,0.0008282200914684346
2026-08-26T16:10:00+00:00,765.055,-0.010495751257808772,0.0008301642697128297
2026-08-26T16:15:00+00:00,764.975,-0.010599221387275648,0.0008321084479570029
2026-08-26T16:20:00+00:00,764.935,-0.010650956452009308,0.0008340526262013981
2026-08-26T16:25:00+00:00,764.82,-0.010799694763117929,0.0008359968044457933
2026-08-26T16:30:00+00:00,764.86,-0.01074795969838449,0.0008379409826901885
2026-08-26T16:35:00+00:00,764.21,-0.011588654500303885,0.0008398851609343616
2026-08-26T16:40:00+00:00,763.99,-0.011873197356338183,0.0008418293391787568
2026-08-26T16:45:00+00:00,764.095,-0.011737392811412617,0.000843773517423152
2026-08-26T16:50:00+00:00,764.185,-0.011620988915762354,0.0008457176956673251
2026-08-26T16:55:00+00:00,764.71,-0.010941966191135077,0.0008476618739117203
2026-08-26T17:00:00+00:00,764.88,-0.010722092166017827,0.0008496060521558935
2026-08-26T17:05:00+00:00,765.05,-0.010502218140900466,0.0008515502304005107
2026-08-26T17:10:00+00:00,765.12,-0.010411681777616755,0.0008534944086446838
2026-08-26T17:15:00+00:00,765.325,-0.010146539570857538,0.000855438586889079
2026-08-26T17:20:00+00:00,765.655,-0.009719725286806202,0.0008573827651334742
2026-08-26T17:25:00+00:00,765.67,-0.009700324637531232,0.0008593269433776474
2026-08-26T17:30:00+00:00,765.74,-0.009609788274247522,0.0008612711216220426
2026-08-26T17:35:00+00:00,765.64,-0.009739125936081283,0.0008632152998662157
2026-08-26T17:40:00+00:00,765.735,-0.009616255157339215,0.0008651594781108329
2026-08-26T17:45:00+00:00,765.495,-0.009926665545740176,0.0008671036563552281
2026-08-26T17:50:00+00:00,765.72,-0.009635655806614185,0.0008690478345994013
2026-08-26T17:55:00+00:00,765.68,-0.009687390871347845,0.0008709920128437965
2026-08-26T18:00:00+00:00,765.53,-0.009881397364098432,0.0008729361910879696
2026-08-26T18:05:00+00:00,765.765,-0.009577453858789053,0.0008748803693323648
2026-08-26T18:10:00+00:00,765.41,-0.010036602558298968,0.0008768245475765379
2026-08-26T18:15:00+00:00,765.71,-0.009648589572797572,0.0008787687258209331
2026-08-26T18:20:00+00:00,765.57,-0.009829662299364883,0.0008807129040655504
2026-08-26T18:25:00+00:00,765.56,-0.009842596065548381,0.0008826570823097235
2026-08-26T18:30:00+00:00,765.74,-0.009609788274247522,0.0008846012605541187
2026-08-26T18:35:00+00:00,765.72,-0.009635655806614185,0.0008865454387982918
2026-08-26T18:40:00+00:00,765.87,-0.009441649313863598,0.000888489617042687
2026-08-26T18:45:00+00:00,766.325,-0.008853162952520033,0.0008904337952868602
2026-08-26T18:50:00+00:00,766.49,-0.008639755810494365,0.0008923779735312554
2026-08-26T18:55:00+00:00,766.5,-0.008626822044310978,0.0008943221517758726
2026-08-26T19:00:00+00:00,767.255,-0.007650322697466239,0.0008962663300200457
2026-08-26T19:05:00+00:00,766.955,-0.008038335682967412,0.0008982105082644409
2026-08-26T19:10:00+00:00,766.96,-0.008031868799875719,0.0009001546865086141
2026-08-26T19:15:00+00:00,767.19,-0.007734392177658034,0.0009020988647530093
2026-08-26T19:20:00+00:00,767.07,-0.00788959737185857,0.0009040430429974045
2026-08-26T19:25:00+00:00,766.885,-0.008128872046251123,0.0009059872212415776
2026-08-26T19:30:00+00:00,766.85,-0.008174140227892868,0.0009079313994859728
2026-08-26T19:35:00+00:00,766.655,-0.008426348668468808,0.000909875577730368
2026-08-26T19:40:00+00:00,766.705,-0.008361679837551761,0.0009118197559747632
2026-08-26T19:45:00+00:00,767.12,-0.007824928540941745,0.0009137639342189363
2026-08-26T19:50:00+00:00,766.18,-0.009040702562179148,0.0009157081124633315
2026-08-26T19:55:00+00:00,765.94,-0.009351112950579998,0.0009176522907077267
2026-08-26T20:00:00+00:00,766.66,-0.008419881785377115,0.0009195964689518998
2026-08-27T13:30:00+00:00,767.45,-0.007398114256890298,0.000921540647196295
2026-08-27T13:35:00+00:00,768.2,-0.0064280817931372525,0.0009234840602585503
2026-08-27T13:40:00+00:00,769.16,-0.0051864402395332965,0.0009254274733210277
2026-08-27T13:45:00+00:00,768.06,-0.006609154519704563,0.000927370886383283
2026-08-27T13:50:00+00:00,769.24,-0.005082970110066309,0.0009293142994455383
2026-08-27T13:55:00+00:00,768.31,-0.006285810365120215,0.0009312577125077937
2026-08-27T14:00:00+00:00,768.81,-0.005639122055951518,0.000933201125570049
2026-08-27T14:05:00+00:00,768.46,-0.006091803872369517,0.0009351445386323043
2026-08-27T14:10:00+00:00,768.62,-0.0058848636134355425,0.0009370879516945596
2026-08-27T14:15:00+00:00,769.165,-0.005179973356441603,0.000939031364757037
2026-08-27T14:20:00+00:00,769.44,-0.004824294786398675,0.0009409747778192923
2026-08-27T14:25:00+00:00,769.67,-0.004526818164181212,0.0009429181908815476
2026-08-27T14:30:00+00:00,769.4,-0.004876029851132335,0.000944861603944025
2026-08-27T14:35:00+00:00,769.34,-0.004953632448232548,0.0009468050170062803
2026-08-27T14:40:00+00:00,769.61,-0.004604420761281425,0.0009487484300683136
2026-08-27T14:45:00+00:00,770.23,-0.0038025272579121916,0.0009506918431307909
2026-08-27T14:50:00+00:00,770.13,-0.003931864919745953,0.0009526352561930462
2026-08-27T14:55:00+00:00,770.315,-0.0036925902453534,0.0009545786692553015
2026-08-27T15:00:00+00:00,770.615,-0.003304577259852226,0.0009565220823175569
2026-08-27T15:05:00+00:00,770.55,-0.0033886467400442433,0.0009584654953800342
2026-08-27T15:10:00+00:00,770.83,-0.003026501286909622,0.0009604089084422895
2026-08-27T15:15:00+00:00,770.94,-0.002884229858892473,0.0009623523215045449
2026-08-27T15:20:00+00:00,770.76,-0.003117037650193333,0.0009642957345670222
2026-08-27T15:25:00+00:00,770.305,-0.003705524011536898,0.0009662391476292775
2026-08-27T15:30:00+00:00,770.205,-0.0038348616733705487,0.0009681825606913108
2026-08-27T15:35:00+00:00,769.825,-0.004326344788338821,0.0009701259737537882
2026-08-27T15:40:00+00:00,769.64,-0.004565619462731263,0.0009720693868160435
2026-08-27T15:45:00+00:00,769.68,-0.004513884397997825,0.0009740127998782988
2026-08-27T15:50:00+00:00,770.82,-0.003039435053093009,0.0009759562129407762
2026-08-27T15:55:00+00:00,770.69,-0.0032075740134768216,0.0009778996260030315
2026-08-27T16:00:00+00:00,770.85,-0.0030006337545429584,0.0009798430390652868
2026-08-27T16:05:00+00:00,770.53,-0.003414514272411018,0.0009817864521275421
2026-08-27T16:10:00+00:00,770.6,-0.003323977909127307,0.0009837298651900195
2026-08-27T16:15:00+00:00,770.61,-0.0033110441429439197,0.0009856732782520528
2026-08-27T16:20:00+00:00,770.52,-0.003427448038594294,0.000987616691314308
2026-08-27T16:25:00+00:00,770.875,-0.0029682993390844903,0.0009895601043767854
2026-08-27T16:30:00+00:00,771.115,-0.002657888950683529,0.0009915035174390407
2026-08-27T16:35:00+00:00,771.495,-0.002166405835715257,0.000993446930501296
2026-08-27T16:40:00+00:00,771.655,-0.001959465576781283,0.0009953903435637734
2026-08-27T16:45:00+00:00,771.71,-0.001888329862772653,0.0009973337566260287
2026-08-27T16:50:00+00:00,771.915,-0.0016231876560135472,0.000999277169688284
2026-08-27T16:55:00+00:00,771.97,-0.0015520519420049173,0.0010012205827505394
2026-08-27T17:00:00+00:00,772.0,-0.0015132506434548665,0.0010031639958127947
2026-08-27T17:05:00+00:00,772.23,-0.0012157740212371815,0.00100510740887505
2026-08-27T17:10:00+00:00,772.19,-0.0012675090859706195,0.0010070508219373053
2026-08-27T17:15:00+00:00,772.14,-0.0013321779168875558,0.0010089942349997827
2026-08-27T17:20:00+00:00,772.17,-0.001293376618337505,0.001010937648062038
2026-08-27T17:25:00+00:00,771.71,-0.001888329862772653,0.0010128810611242933
2026-08-27T17:30:00+00:00,771.79,-0.001784859733305777,0.0010148244741867707
2026-08-27T17:35:00+00:00,771.765,-0.001817194148764134,0.001016767887249026
2026-08-27T17:40:00+00:00,771.64,-0.001978866226056364,0.0010187113003112813
2026-08-27T17:45:00+00:00,771.35,-0.0023539454453741504,0.0010206547133735366
2026-08-27T17:50:00+00:00,771.345,-0.002360412328465844,0.001022598126435792
2026-08-27T17:55:00+00:00,771.23,-0.0025091506395746865,0.0010245415394980473
2026-08-27T18:00:00+00:00,770.535,-0.003408047389319324,0.0010264849525603026
2026-08-27T18:05:00+00:00,770.5,-0.0034533155709610686,0.00102842836562278
2026-08-27T18:10:00+00:00,770.27,-0.0037507921931787536,0.0010303717786850353
2026-08-27T18:15:00+00:00,770.27,-0.0037507921931787536,0.0010323151917472906
2026-08-27T18:20:00+00:00,770.1,-0.003970666218296004,0.001034258604809768
2026-08-27T18:25:00+00:00,769.46,-0.004798427254032012,0.0010362020178720233
2026-08-27T18:30:00+00:00,769.5,-0.004746692189298574,0.0010381454309342786
2026-08-27T18:35:00+00:00,769.985,-0.0041194045294048465,0.001040088843996534
2026-08-27T18:40:00+00:00,769.92,-0.004203474009596864,0.0010420322570587892
2026-08-27T18:45:00+00:00,769.575,-0.004649688942923169,0.0010439756701210445
2026-08-27T18:50:00+00:00,769.34,-0.004953632448232548,0.0010459190831832998
2026-08-27T18:55:00+00:00,769.69,-0.004500950631814327,0.0010478624962457772
2026-08-27T19:00:00+00:00,770.0,-0.004100003880129766,0.0010498059093080325
2026-08-27T19:05:00+00:00,770.15,-0.0039059973873791787,0.0010517493223702878
2026-08-27T19:10:00+00:00,769.89,-0.0042422753081469144,0.0010536927354327652
2026-08-27T19:15:00+00:00,770.19,-0.0038542623226456296,0.0010556361484950205
2026-08-27T19:20:00+00:00,770.0,-0.004100003880129766,0.0010575795615570538
2026-08-27T19:25:00+00:00,769.96,-0.004151738944863204,0.0010595229746195312
2026-08-27T19:30:00+00:00,770.44,-0.003530918168061281,0.0010614663876817865
2026-08-27T19:35:00+00:00,770.58,-0.0033498454414939705,0.0010634098007440418
2026-08-27T19:40:00+00:00,770.595,-0.0033304447922190006,0.0010653532138065192
2026-08-27T19:45:00+00:00,770.8,-0.0030653025854598948,0.0010672966268687745
2026-08-27T19:50:00+00:00,771.25,-0.002483283107207912,0.0010692400399310298
2026-08-27T19:55:00+00:00,771.18,-0.002573819470491623,0.001071183452993285
2026-08-27T20:00:00+00:00,770.83,-0.003026501286909622,0.0010731268660557625
2026-08-28T13:30:00+00:00,771.985,-0.0015326512927298364,0.0010750702791177957
2026-08-28T13:35:00+00:00,772.25,-0.001189906488870407,0.0010770152335888294
2026-08-28T13:40:00+00:00,772.61,-0.0007242909062689096,0.0010789601880600852
2026-08-28T13:45:00+00:00,772.155,-0.001312777267612586,0.001080905142531119
2026-08-28T13:50:00+00:00,771.72,-0.0018753960965892658,0.0010828500970023747
2026-08-28T13:55:00+00:00,771.67,-0.001940064927506202,0.0010847950514734084
2026-08-28T14:00:00+00:00,771.73,-0.0018624623304058785,0.0010867400059446641
2026-08-28T14:05:00+00:00,771.075,-0.002709624015416967,0.0010886849604156978
2026-08-28T14:10:00+00:00,770.22,-0.003815461024095468,0.0010906299148867316
2026-08-28T14:15:00+00:00,771.41,-0.002276342848273938,0.0010925748693579873
2026-08-28T14:20:00+00:00,771.58,-0.0020564688231564654,0.001094519823829021
2026-08-28T14:25:00+00:00,771.29,-0.002431548042474474,0.0010964647783000547
2026-08-28T14:30:00+00:00,772.14,-0.0013321779168875558,0.0010984097327713105
2026-08-28T14:35:00+00:00,772.38,-0.0010217675284865946,0.0011003546872425662
2026-08-28T14:40:00+00:00,773.46,0.0003750792193180086,0.0011022996417136
2026-08-28T14:45:00+00:00,773.75,0.0007501584386357951,0.0011042445961846337
2026-08-28T14:50:00+00:00,774.545,0.0017783928502139723,0.0011061895506556674
2026-08-28T14:55:00+00:00,774.84,0.0021599389526236745,0.0011081345051269231
2026-08-28T15:00:00+00:00,774.89,0.002224607783540611,0.0011100794595979568
2026-08-28T15:05:00+00:00,774.18,0.0013063103845207813,0.0011120244140689906
2026-08-28T15:10:00+00:00,774.2,0.0013321779168877779,0.0011139693685404684
2026-08-28T15:15:00+00:00,774.28,0.001435648046354654,0.001115914323011502
2026-08-28T15:20:00+00:00,774.77,0.0020694025893399637,0.0011178592774825358
2026-08-28T15:25:00+00:00,774.93,0.002276342848273938,0.0011198042319535695
2026-08-28T15:30:00+00:00,774.46,0.0016684558376554026,0.0011217491864248252
2026-08-28T15:35:00+00:00,773.685,0.0006660889584437779,0.001123694140895859
2026-08-28T15:40:00+00:00,772.82,-0.0004526818164179991,0.0011256390953668927
2026-08-28T15:45:00+00:00,772.28,-0.0011511051903203562,0.0011275840498383705
2026-08-28T15:50:00+00:00,772.13,-0.001345111683070943,0.0011295290043094042
2026-08-28T15:55:00+00:00,771.08,-0.0027031571323252734,0.0011314739587804379
2026-08-28T16:00:00+00:00,770.82,-0.003039435053093009,0.0011334189132514716
2026-08-28T16:05:00+00:00,771.6,-0.002030601290789802,0.0011353638677227273
2026-08-28T16:10:00+00:00,770.97,-0.0028454285603424223,0.001137308822193761
2026-08-28T16:15:00+00:00,770.22,-0.003815461024095468,0.0011392537766647948
2026-08-28T16:20:00+00:00,769.525,-0.0047143577738401055,0.0011411987311358285
2026-08-28T16:25:00+00:00,769.6,-0.004617354527464812,0.0011431436856073063
2026-08-28T16:30:00+00:00,769.64,-0.004565619462731263,0.00114508864007834
2026-08-28T16:35:00+00:00,770.3,-0.0037119908946285918,0.0011470335945493737
2026-08-28T16:40:00+00:00,769.63,-0.00457855322891465,0.0011489785490206295
2026-08-28T16:45:00+00:00,770.4,-0.00358265323279483,0.0011509235034916632
2026-08-28T16:50:00+00:00,769.86,-0.004281076606697076,0.0011528684579626969
2026-08-28T16:55:00+00:00,769.7,-0.004488016865630939,0.0011548134124337306
2026-08-28T17:00:00+00:00,769.04,-0.005341645433733833,0.0011567583669052084
2026-08-28T17:05:00+00:00,768.495,-0.006046535690727772,0.001158703321376242
2026-08-28T17:10:00+00:00,769.33,-0.004966566214415824,0.0011606482758472758
2026-08-28T17:15:00+00:00,769.145,-0.005205840888808377,0.0011625932303185316
2026-08-28T17:20:00+00:00,768.92,-0.005496850627934369,0.0011645381847895653
2026-08-28T17:25:00+00:00,768.83,-0.005613254523584632,0.001166483139260599
2026-08-28T17:30:00+00:00,769.34,-0.004953632448232548,0.0011684280937316327
2026-08-28T17:35:00+00:00,768.93,-0.0054839168617509815,0.0011703730482028885
2026-08-28T17:40:00+00:00,768.91,-0.005509784394117756,0.0011723180026741442
2026-08-28T17:45:00+00:00,769.7,-0.004488016865630939,0.001174262957145178
2026-08-28T17:50:00+00:00,769.495,-0.004753159072390267,0.0011762079116164337
2026-08-28T17:55:00+00:00,769.55,-0.004682023358381748,0.0011781528660874674
2026-08-28T18:00:00+00:00,769.595,-0.004623821410556506,0.001180097820558501
2026-08-28T18:05:00+00:00,769.56,-0.004669089592198361,0.0011820427750295348
2026-08-28T18:10:00+00:00,769.215,-0.0051153045255246665,0.0011839877295007906
2026-08-28T18:15:00+00:00,769.4,-0.004876029851132335,0.0011859326839718243
2026-08-28T18:20:00+00:00,769.08,-0.0052899103690002836,0.00118787763844308
2026-08-28T18:25:00+00:00,769.06,-0.005315777901367169,0.0011898225929141137
2026-08-28T18:30:00+00:00,769.395,-0.004882496734224029,0.0011917675473853695
2026-08-28T18:35:00+00:00,769.14,-0.005212307771900071,0.0011937125018564032
2026-08-28T18:40:00+00:00,769.3,-0.005005367512966097,0.001195657456327437
2026-08-28T18:45:00+00:00,768.77,-0.005690857120684956,0.0011976024107986927
2026-08-28T18:50:00+00:00,768.55,-0.005975399976719253,0.0011995473652697264
2026-08-28T18:55:00+00:00,768.685,-0.005800794133243636,0.0012014923197409821
2026-08-28T19:00:00+00:00,768.79,-0.005664989588318181,0.0012034372742120159
2026-08-28T19:05:00+00:00,769.34,-0.004953632448232548,0.0012053822286832716
2026-08-28T19:10:00+00:00,769.19,-0.005147638940983135,0.0012073271831543053
2026-08-28T19:15:00+00:00,769.23,-0.005095903876249697,0.001209272137625339
2026-08-28T19:20:00+00:00,769.25,-0.005070036343882922,0.0012112170920965948
2026-08-28T19:25:00+00:00,769.515,-0.004727291540023493,0.0012131620465676285
2026-08-28T19:30:00+00:00,769.38,-0.00490189738349911,0.0012151070010386622
2026-08-28T19:35:00+00:00,769.545,-0.004688490241473442,0.001217051955509918
2026-08-28T19:40:00+00:00,769.61,-0.004604420761281425,0.0012189969099811737
2026-08-28T19:45:00+00:00,769.26,-0.005057102577699535,0.0012209418644522074
2026-08-28T19:50:00+00:00,769.375,-0.004908364266590692,0.0012228868189232411
2026-08-28T19:55:00+00:00,769.28,-0.005031235045332871,0.0012248317733942748
2026-08-28T20:00:00+00:00,769.28,-0.005031235045332871,0.0012267767278655306
2026-08-31T13:30:00+00:00,766.37,-0.008794961004694901,0.0012287216823365643
2026-08-31T13:35:00+00:00,766.33,-0.00884669606942834,0.0012306683483194192
2026-08-31T13:40:00+00:00,765.81,-0.009519251910963922,0.001232615014302496
2026-08-31T13:45:00+00:00,766.14,-0.009092437626912586,0.001234561680285129
2026-08-31T13:50:00+00:00,766.475,-0.008659156459769446,0.0012365083462679838
2026-08-31T13:55:00+00:00,766.22,-0.008988967497445488,0.0012384550122510607
2026-08-31T14:00:00+00:00,765.76,-0.009583920741880747,0.0012404016782339156
2026-08-31T14:05:00+00:00,765.54,-0.009868463597915045,0.0012423483442167704
2026-08-31T14:10:00+00:00,765.81,-0.009519251910963922,0.0012442950101996253
2026-08-31T14:15:00+00:00,765.99,-0.009286444119663173,0.0012462416761824802
2026-08-31T14:20:00+00:00,765.0,-0.01056688697181729,0.001248188342165335
2026-08-31T14:25:00+00:00,764.93,-0.010657423335101002,0.001250135008148412
2026-08-31T14:30:00+00:00,764.81,-0.010812628529301427,0.0012520816741310448
2026-08-31T14:35:00+00:00,765.535,-0.009874930481006738,0.0012540283401138996
2026-08-31T14:40:00+00:00,765.75,-0.009596854508064134,0.0012559750060969765
2026-08-31T14:45:00+00:00,765.4,-0.010049536324482355,0.0012579216720798314
2026-08-31T14:50:00+00:00,765.835,-0.009486917495505454,0.0012598683380626863
2026-08-31T14:55:00+00:00,765.93,-0.009364046716763497,0.0012618150040455411
2026-08-31T15:00:00+00:00,765.81,-0.009519251910963922,0.001263761670028396
2026-08-31T15:05:00+00:00,765.68,-0.009687390871347845,0.0012657083360112509
2026-08-31T15:10:00+00:00,765.67,-0.009700324637531232,0.0012676550019943278
2026-08-31T15:15:00+00:00,765.71,-0.009648589572797572,0.0012696016679771827
2026-08-31T15:20:00+00:00,766.035,-0.009228242171838041,0.0012715483339600375
2026-08-31T15:25:00+00:00,765.92,-0.009376980482946884,0.0012734949999428924
2026-08-31T15:30:00+00:00,765.71,-0.009648589572797572,0.0012754416659257473
2026-08-31T15:35:00+00:00,765.545,-0.009861996714823351,0.0012773883319088242
2026-08-31T15:40:00+00:00,765.835,-0.009486917495505454,0.001279334997891679
2026-08-31T15:45:00+00:00,765.86,-0.009454583080046985,0.0012812816638743119
2026-08-31T15:50:00+00:00,766.07,-0.009182973990196075,0.0012832283298573888
2026-08-31T15:55:00+00:00,765.36,-0.010101271389215793,0.0012851749958402436
2026-08-31T16:00:00+00:00,765.105,-0.010431082426891836,0.0012871216618230985
2026-08-31T16:05:00+00:00,765.19,-0.010321145414333044,0.0012890683278059534
2026-08-31T16:10:00+00:00,765.72,-0.009635655806614185,0.0012910149937888082
2026-08-31T16:15:00+00:00,765.43,-0.010010735025932194,0.001292961659771663
2026-08-31T16:20:00+00:00,765.435,-0.0100042681428405,0.00129490832575474
2026-08-31T16:25:00+00:00,765.86,-0.009454583080046985,0.0012968549917375949
2026-08-31T16:30:00+00:00,765.82,-0.009506318144780423,0.0012988016577202277
2026-08-31T16:35:00+00:00,765.36,-0.010101271389215793,0.0013007483237033046
2026-08-31T16:40:00+00:00,765.425,-0.010017201909023887,0.0013026949896861595
2026-08-31T16:45:00+00:00,765.84,-0.00948045061241376,0.0013046416556690144
2026-08-31T16:50:00+00:00,765.81,-0.009519251910963922,0.0013065883216520913
2026-08-31T16:55:00+00:00,765.89,-0.009415781781496935,0.001308534987634724
2026-08-31T17:00:00+00:00,765.65,-0.009726192169897896,0.001310481653617579
2026-08-31T17:05:00+00:00,765.585,-0.009810261650089802,0.0013124283196006559
2026-08-31T17:10:00+00:00,765.87,-0.009441649313863598,0.0013143749855835107
2026-08-31T17:15:00+00:00,765.73,-0.009622722040430909,0.0013163216515663656
2026-08-31T17:20:00+00:00,765.8,-0.009532185677147309,0.0013182683175492205
2026-08-31T17:25:00+00:00,765.47,-0.009958999961198645,0.0013202149835320753
2026-08-31T17:30:00+00:00,765.29,-0.010191807752499393,0.0013221616495149302
2026-08-31T17:35:00+00:00,765.84,-0.00948045061241376,0.0013241083154980071
2026-08-31T17:40:00+00:00,766.21,-0.009001901263628875,0.00132605498148064
2026-08-31T17:45:00+00:00,766.31,-0.008872563601795225,0.0013280016474634948
2026-08-31T17:50:00+00:00,766.755,-0.008297011006634936,0.0013299483134465717
2026-08-31T17:55:00+00:00,766.51,-0.008613888278127702,0.0013318949794294266
2026-08-31T18:00:00+00:00,766.625,-0.008465149967018859,0.0013338416454122815
2026-08-31T18:05:00+00:00,766.67,-0.008406948019193727,0.0013357883113951363
2026-08-31T18:10:00+00:00,766.72,-0.008342279188276791,0.0013377349773779912
2026-08-31T18:15:00+00:00,766.7,-0.008368146720643455,0.001339681643360846
2026-08-31T18:20:00+00:00,766.63,-0.008458683083927165,0.001341628309343923
2026-08-31T18:25:00+00:00,766.31,-0.008872563601795225,0.0013435749753267778
2026-08-31T18:30:00+00:00,766.03,-0.009234709054929735,0.0013455216413094107
2026-08-31T18:35:00+00:00,765.47,-0.009958999961198645,0.0013474683072924876
2026-08-31T18:40:00+00:00,765.345,-0.010120672038490763,0.0013494149732753424
2026-08-31T18:45:00+00:00,765.42,-0.010023668792115581,0.0013513616392584193
2026-08-31T18:50:00+00:00,765.66,-0.00971325840371462,0.0013533083052410522
2026-08-31T18:55:00+00:00,765.68,-0.009687390871347845,0.001355254971223907
2026-08-31T19:00:00+00:00,765.815,-0.009512785027872117,0.001357201637206984
2026-08-31T19:05:00+00:00,766.025,-0.009241175938021318,0.0013591483031898388
2026-08-31T19:10:00+00:00,766.18,-0.009040702562179148,0.0013610949691726937
2026-08-31T19:15:00+00:00,766.04,-0.009221775288746348,0.0013630416351555485
2026-08-31T19:20:00+00:00,766.42,-0.008730292173778076,0.0013649883011384034
2026-08-31T19:25:00+00:00,766.67,-0.008406948019193727,0.0013669349671212583
2026-08-31T19:30:00+00:00,766.4,-0.00875615970614485,0.0013688816331043352
2026-08-31T19:35:00+00:00,766.63,-0.008458683083927165,0.00137082829908719
2026-08-31T19:40:00+00:00,767.03,-0.00794133243659223,0.0013727749650698229
2026-08-31T19:45:00+00:00,766.87,-0.008148272695526204,0.0013747216310528998
2026-08-31T19:50:00+00:00,767.4,-0.007462783087807345,0.0013766682970357547
2026-08-31T19:55:00+00:00,766.87,-0.008148272695526204,0.0013786149630186095
2026-08-31T20:00:00+00:00,766.87,-0.008148272695526204,0.0013805616290016864
2026-09-01T13:30:00+00:00,761.91,-0.01456342072248018,0.0013825082949843193
2026-09-01T13:35:00+00:00,761.8,-0.01470569215049733,0.0013844568109033784
2026-09-01T13:40:00+00:00,761.93,-0.014537553190113406,0.0013864053268224374
2026-09-01T13:45:00+00:00,762.06,-0.014369414229729593,0.0013883538427412745
2026-09-01T13:50:00+00:00,761.81,-0.014692758384313942,0.0013903023586601115
2026-09-01T13:55:00+00:00,762.02,-0.014421149294463032,0.0013922508745791706
2026-09-01T14:00:00+00:00,762.2,-0.014188341503162172,0.0013941993904982297
2026-09-01T14:05:00+00:00,762.88,-0.013308845402692726,0.0013961479064172888
2026-09-01T14:10:00+00:00,763.02,-0.013127772676125526,0.001398096422336348
2026-09-01T14:15:00+00:00,763.305,-0.012759160339899434,0.001400044938255185
2026-09-01T14:20:00+00:00,763.695,-0.012254743458747663,0.001401993454174022
2026-09-01T14:25:00+00:00,763.76,-0.012170673978555757,0.001403941970093081
2026-09-01T14:30:00+00:00,764.415,-0.01132351229354478,0.0014058904860121402
2026-09-01T14:35:00+00:00,764.27,-0.011511051903203673,0.0014078390019311993
2026-09-01T14:40:00+00:00,764.16,-0.011653323331220822,0.0014097875178500363
2026-09-01T14:45:00+00:00,763.935,-0.011944333070346813,0.0014117360337690954
2026-09-01T14:50:00+00:00,763.59,-0.012390548003673119,0.0014136845496879324
2026-09-01T14:55:00+00:00,763.465,-0.012552220080965237,0.0014156330656069915
2026-09-01T15:00:00+00:00,763.12,-0.012998435014291765,0.0014175815815260506
2026-09-01T15:05:00+00:00,762.79,-0.013425249298343211,0.0014195300974448877
2026-09-01T15:10:00+00:00,763.05,-0.013088971377575476,0.0014214786133639468
2026-09-01T15:15:00+00:00,763.29,-0.012778560989174403,0.0014234271292830059
2026-09-01T15:20:00+00:00,763.445,-0.012578087613332012,0.001425375645201843
2026-09-01T15:25:00+00:00,763.59,-0.012390548003673119,0.001427324161120902
2026-09-01T15:30:00+00:00,763.635,-0.012332346055847987,0.001429272677039961
2026-09-01T15:35:00+00:00,764.04,-0.011808528525421358,0.0014312211929587981
2026-09-01T15:40:00+00:00,764.23,-0.011562786967937111,0.0014331697088778572
2026-09-01T15:45:00+00:00,764.57,-0.011123038917702277,0.0014351182247969163
2026-09-01T15:50:00+00:00,764.51,-0.0112006415148026,0.0014370667407157534
2026-09-01T15:55:00+00:00,764.275,-0.01150458502011198,0.0014390152566348124
2026-09-01T16:00:00+00:00,764.26,-0.01152398566938706,0.0014409637725536495
2026-09-01T16:05:00+00:00,763.865,-0.012034869433630302,0.0014429122884727086
2026-09-01T16:10:00+00:00,763.54,-0.012455216834590055,0.0014448608043917677
2026-09-01T16:15:00+00:00,763.01,-0.013140706442308914,0.0014468093203108268
2026-09-01T16:20:00+00:00,762.845,-0.013354113584334582,0.0014487578362296638
2026-09-01T16:25:00+00:00,762.54,-0.01374859345292756,0.0014507063521485009
2026-09-01T16:30:00+00:00,761.7,-0.01483502981233098,0.00145265486806756
2026-09-01T16:35:00+00:00,762.205,-0.014181874620070478,0.001454603383986619
2026-09-01T16:40:00+00:00,761.71,-0.014822096046147593,0.0014565518999056781
2026-09-01T16:45:00+00:00,761.955,-0.014505218774654938,0.0014585004158247372
2026-09-01T16:50:00+00:00,761.89,-0.014589288254846844,0.0014604489317435743
2026-09-01T16:55:00+00:00,762.32,-0.014033136308961636,0.0014623974476624113
2026-09-01T17:00:00+00:00,761.7,-0.01483502981233098,0.0014643459635814704
2026-09-01T17:05:00+00:00,761.725,-0.014802695396872512,0.0014662944795005295
2026-09-01T17:10:00+00:00,762.0,-0.014447016826829806,0.0014682429954195886
2026-09-01T17:15:00+00:00,761.62,-0.014938499941797967,0.0014701915113386477
2026-09-01T17:20:00+00:00,761.62,-0.014938499941797967,0.0014721400272572627
2026-09-01T17:25:00+00:00,761.68,-0.014860897344697865,0.0014740885431763218
2026-09-01T17:30:00+00:00,761.945,-0.014518152540838214,0.0014760370590953809
2026-09-01T17:35:00+00:00,761.915,-0.014556953839388487,0.00147798557501444
2026-09-01T17:40:00+00:00,762.065,-0.014362947346637789,0.001479934090933499
2026-09-01T17:45:00+00:00,761.72,-0.014809162279964205,0.001481882606852336
2026-09-01T17:50:00+00:00,761.52,-0.015067837603631729,0.0014838311227711731
2026-09-01T17:55:00+00:00,761.82,-0.014679824618130444,0.0014857796386902322
2026-09-01T18:00:00+00:00,761.61,-0.014951433707981354,0.0014877281546092913
2026-09-01T18:05:00+00:00,761.655,-0.014893231760156223,0.0014896766705283504
2026-09-01T18:10:00+00:00,761.36,-0.015274777862565703,0.0014916251864474095
2026-09-01T18:15:00+00:00,761.75,-0.014770360981414155,0.0014935737023662465
2026-09-01T18:20:00+00:00,761.69,-0.014847963578514256,0.0014955222182850836
2026-09-01T18:25:00+00:00,761.21,-0.01546878435531629,0.0014974707342041427
2026-09-01T18:30:00+00:00,760.77,-0.016037870067384885,0.0014994192501232018
2026-09-01T18:35:00+00:00,760.54,-0.01633534668960257,0.0015013677660422609
2026-09-01T18:40:00+00:00,759.86,-0.017214842790072016,0.001503316281961098
2026-09-01T18:45:00+00:00,760.175,-0.01680742915529576,0.001505264797880157
2026-09-01T18:50:00+00:00,760.27,-0.016684558376553693,0.001507213313798994
2026-09-01T18:55:00+00:00,760.74,-0.016076671365934936,0.0015091618297180531
2026-09-01T19:00:00+00:00,761.15,-0.015546386952416613,0.0015111103456371122
2026-09-01T19:05:00+00:00,761.12,-0.015585188250966775,0.0015130588615559493
2026-09-01T19:10:00+00:00,761.43,-0.015184241499282214,0.0015150073774750084
2026-09-01T19:15:00+00:00,761.4,-0.015223042797832265,0.0015169558933940674
2026-09-01T19:20:00+00:00,761.28,-0.0153782479920328,0.0015189044093129045
2026-09-01T19:25:00+00:00,761.43,-0.015184241499282214,0.0015208529252319636
2026-09-01T19:30:00+00:00,761.13,-0.015572254484783388,0.0015228014411510227
2026-09-01T19:35:00+00:00,760.83,-0.01596026747028456,0.0015247499570698597
2026-09-01T19:40:00+00:00,761.05,-0.015675724614250486,0.0015266984729889188
2026-09-01T19:45:00+00:00,761.26,-0.015404115524399464,0.001528646988907978
2026-09-01T19:50:00+00:00,760.93,-0.01583092980845091,0.001530595504827037
2026-09-01T19:55:00+00:00,761.63,-0.01492556617561458,0.001532544020745874
2026-09-01T20:00:00+00:00,761.9,-0.014576354488663568,0.001534492536664711
2026-09-02T13:30:00+00:00,762.39,-0.013942599945678147,0.0015364410525837702
2026-09-02T13:35:00+00:00,762.45,-0.013864997348577823,0.0015383912367092911
2026-09-02T13:40:00+00:00,762.8,-0.013412315532159824,0.00154034142083459
2026-09-02T13:45:00+00:00,762.1,-0.014317679164995933,0.001542291604959889
2026-09-02T13:50:00+00:00,762.44,-0.01387793111476121,0.0015442417890851878
2026-09-02T13:55:00+00:00,763.035,-0.013108372026850446,0.0015461919732107088
2026-09-02T14:00:00+00:00,763.53,-0.012468150600773442,0.0015481421573360077
2026-09-02T14:05:00+00:00,763.73,-0.012209475277105919,0.0015500923414613066
2026-09-02T14:10:00+00:00,764.265,-0.011517518786295367,0.0015520425255866055
2026-09-02T14:15:00+00:00,764.855,-0.010754426581476184,0.0015539927097121264
2026-09-02T14:20:00+00:00,765.185,-0.01032761229742496,0.0015559428938376474
2026-09-02T14:25:00+00:00,765.23,-0.010269410349599606,0.0015578930779627242
2026-09-02T14:30:00+00:00,765.53,-0.009881397364098432,0.0015598432620882452
2026-09-02T14:35:00+00:00,765.74,-0.009609788274247522,0.001561793446213544
2026-09-02T14:40:00+00:00,766.29,-0.008898431134162,0.001563743630339065
2026-09-02T14:45:00+00:00,765.825,-0.00949985126168873,0.001565693814464142
2026-09-02T14:50:00+00:00,765.43,-0.010010735025932194,0.0015676439985896629
2026-09-02T14:55:00+00:00,765.32,-0.010153006453949232,0.0015695941827151838
2026-09-02T15:00:00+00:00,765.42,-0.010023668792115581,0.0015715443668404827
2026-09-02T15:05:00+00:00,765.45,-0.009984867493565308,0.0015734945509657816
2026-09-02T15:10:00+00:00,765.53,-0.009881397364098432,0.0015754447350910805
2026-09-02T15:15:00+00:00,765.975,-0.009305844768938143,0.0015773949192166015
2026-09-02T15:20:00+00:00,765.91,-0.00938991424913016,0.0015793451033419004
2026-09-02T15:25:00+00:00,766.305,-0.008879030484886918,0.0015812952874671993
2026-09-02T15:30:00+00:00,766.02,-0.009247642821113011,0.0015832454715924982
2026-09-02T15:35:00+00:00,765.84,-0.00948045061241376,0.0015851956557180191
2026-09-02T15:40:00+00:00,765.67,-0.009700324637531232,0.00158714583984354
2026-09-02T15:45:00+00:00,765.06,-0.010489284374717078,0.001589096023968839
2026-09-02T15:50:00+00:00,765.29,-0.010191807752499393,0.0015910462080941379
2026-09-02T15:55:00+00:00,765.9,-0.009402848015313547,0.0015929963922194368
2026-09-02T16:00:00+00:00,765.81,-0.009519251910963922,0.0015949465763449577
2026-09-02T16:05:00+00:00,765.66,-0.00971325840371462,0.0015968967604702566
2026-09-02T16:10:00+00:00,765.69,-0.009674457105164347,0.0015988469445955555
2026-09-02T16:15:00+00:00,765.465,-0.009965466844290338,0.0016007971287208544
2026-09-02T16:20:00+00:00,764.98,-0.010592754504183954,0.0016027473128463754
2026-09-02T16:25:00+00:00,764.81,-0.010812628529301427,0.0016046974969718963
2026-09-02T16:30:00+00:00,765.16,-0.010359946712883317,0.0016066476810969732
2026-09-02T16:35:00+00:00,765.14,-0.010385814245250091,0.0016085978652224941
2026-09-02T16:40:00+00:00,764.7,-0.010954899957318465,0.001610548049347793
2026-09-02T16:45:00+00:00,764.845,-0.010767360347659571,0.001612498233473314
2026-09-02T16:50:00+00:00,765.14,-0.010385814245250091,0.0016144484175983909
2026-09-02T16:55:00+00:00,764.92,-0.010670357101284278,0.0016163986017239118
2026-09-02T17:00:00+00:00,765.465,-0.009965466844290338,0.0016183487858494328
2026-09-02T17:05:00+00:00,764.63,-0.011045436320602176,0.0016202989699747317
2026-09-02T17:10:00+00:00,764.95,-0.010631555802734116,0.0016222491541000306
2026-09-02T17:15:00+00:00,764.6,-0.011084237619152226,0.0016241993382253295
2026-09-02T17:20:00+00:00,764.63,-0.011045436320602176,0.0016261495223508504
2026-09-02T17:25:00+00:00,764.685,-0.010974300606593657,0.0016280997064761493
2026-09-02T17:30:00+00:00,764.39,-0.011355846709003137,0.0016300498906014482
2026-09-02T17:35:00+00:00,764.475,-0.011245909696444456,0.0016320000747267471
2026-09-02T17:40:00+00:00,764.8,-0.010825562295484814,0.001633950258852268
2026-09-02T17:45:00+00:00,764.98,-0.010592754504183954,0.001635900442977789
2026-09-02T17:50:00+00:00,764.99,-0.010579820738000678,0.0016378506271028659
2026-09-02T17:55:00+00:00,765.16,-0.010359946712883317,0.0016398008112283868
2026-09-02T18:00:00+00:00,765.22,-0.010282344115782993,0.0016417509953536857
2026-09-02T18:05:00+00:00,765.12,-0.010411681777616755,0.0016437011794792067
2026-09-02T18:10:00+00:00,765.18,-0.010334079180516542,0.0016456513636045056
2026-09-02T18:15:00+00:00,765.61,-0.009777927234631334,0.0016476015477298045
2026-09-02T18:20:00+00:00,765.48,-0.009946066195015257,0.0016495517318551034
2026-09-02T18:25:00+00:00,765.29,-0.010191807752499393,0.0016515019159806243
2026-09-02T18:30:00+00:00,765.26,-0.010230609051049555,0.0016534521001061453
2026-09-02T18:35:00+00:00,764.81,-0.010812628529301427,0.0016554022842312222
2026-09-02T18:40:00+00:00,764.72,-0.01092903242495169,0.001657352468356743
2026-09-02T18:45:00+00:00,764.88,-0.010722092166017827,0.001659302652482042
2026-09-02T18:50:00+00:00,764.8,-0.010825562295484814,0.001661252836607563
2026-09-02T18:55:00+00:00,764.79,-0.010838496061668201,0.0016632030207326398
2026-09-02T19:00:00+00:00,764.9,-0.010696224633651052,0.0016651532048581608
2026-09-02T19:05:00+00:00,765.2,-0.010308211648149768,0.0016671033889836817
2026-09-02T19:10:00+00:00,765.39,-0.010062470090665632,0.0016690535731089806
2026-09-02T19:15:00+00:00,765.41,-0.010036602558298968,0.0016710037572342795
2026-09-02T19:20:00+00:00,765.23,-0.010269410349599606,0.0016729539413595784
2026-09-02T19:25:00+00:00,765.43,-0.010010735025932194,0.0016749041254850994
2026-09-02T19:30:00+00:00,765.305,-0.010172407103224423,0.0016768543096103983
2026-09-02T19:35:00+00:00,765.08,-0.010463416842350193,0.0016788044937356972
2026-09-02T19:40:00+00:00,765.345,-0.010120672038490763,0.001680754677860996
2026-09-02T19:45:00+00:00,765.375,-0.010081870739940713,0.001682704861986517
2026-09-02T19:50:00+00:00,765.23,-0.010269410349599606,0.001684655046112038
2026-09-02T19:55:00+00:00,765.13,-0.010398748011433367,0.0016866052302371148
2026-09-02T20:00:00+00:00,765.2,-0.010308211648149768,0.0016885554143626358
2026-09-03T13:30:00+00:00,768.99,-0.005406314264650658,0.0016905055984879347
2026-09-03T13:35:00+00:00,769.735,-0.004442748683989195,0.0016924564607987413
2026-09-03T13:40:00+00:00,769.79,-0.004371612969980676,0.001694407323109326
2026-09-03T13:45:00+00:00,769.64,-0.004565619462731263,0.0016963581854199106
2026-09-03T13:50:00+00:00,769.59,-0.004630288293648088,0.0016983090477307172
2026-09-03T13:55:00+00:00,769.54,-0.004694957124565136,0.0017002599100413018
2026-09-03T14:00:00+00:00,768.16,-0.0064798168578708015,0.0017022107723521085
2026-09-03T14:05:00+00:00,767.78,-0.006971299972839073,0.001704161634662693
2026-09-03T14:10:00+00:00,768.37,-0.006208207768019891,0.0017061124969732777
2026-09-03T14:15:00+00:00,768.87,-0.005561519458851194,0.0017080633592840844
2026-09-03T14:20:00+00:00,768.865,-0.005567986341942888,0.001710014221594669
2026-09-03T14:25:00+00:00,768.67,-0.005820194782518717,0.0017119650839052536
2026-09-03T14:30:00+00:00,767.96,-0.006738492181538214,0.0017139159462160602
2026-09-03T14:35:00+00:00,768.2,-0.0064280817931372525,0.0017158668085266449
2026-09-03T14:40:00+00:00,768.19,-0.00644101555932064,0.0017178176708374515
2026-09-03T14:45:00+00:00,768.75,-0.005716724653051619,0.0017197685331482582
2026-09-03T14:50:00+00:00,768.62,-0.0058848636134355425,0.0017217193954586207
2026-09-03T14:55:00+00:00,769.265,-0.005050635694607841,0.0017236702577694274
2026-09-03T15:00:00+00:00,770.445,-0.0035244512849695875,0.001725621120080234
2026-09-03T15:05:00+00:00,770.73,-0.0031558389487433836,0.0017275719823908187
2026-09-03T15:10:00+00:00,771.5,-0.0021599389526235635,0.0017295228447014033
2026-09-03T15:15:00+00:00,772.02,-0.001487383111088092,0.00173147370701221
2026-09-03T15:20:00+00:00,772.11,-0.0013709792154377176,0.0017334245693227945
2026-09-03T15:25:00+00:00,772.93,-0.00031041038840096125,0.0017353754316336012
2026-09-03T15:30:00+00:00,772.855,-0.0004074136347762547,0.0017373262939439638
2026-09-03T15:35:00+00:00,772.465,-0.0009118305159278028,0.0017392771562547704
2026-09-03T15:40:00+00:00,772.58,-0.0007630922048189603,0.001741228018565577
2026-09-03T15:45:00+00:00,772.935,-0.00030394350530937864,0.0017431788808761617
2026-09-03T15:50:00+00:00,773.145,-3.2334415458357135e-05,0.0017451297431869683
2026-09-03T15:55:00+00:00,773.3,0.00016813896038381237,0.001747080605497553
2026-09-03T16:00:00+00:00,772.79,-0.0004914831149682719,0.0017490314678081376
2026-09-03T16:05:00+00:00,772.545,-0.0008083603864609268,0.0017509823301189442
2026-09-03T16:10:00+00:00,772.69,-0.0006208207768019225,0.0017529331924297509
2026-09-03T16:15:00+00:00,772.77,-0.0005173506473349354,0.0017548840547401134
2026-09-03T16:20:00+00:00,772.525,-0.0008342279188277013,0.00175683491705092
2026-09-03T16:25:00+00:00,772.45,-0.0009312311652028837,0.0017587857793617268
2026-09-03T16:30:00+00:00,772.46,-0.0009182973990194965,0.0017607366416723114
2026-09-03T16:35:00+00:00,772.95,-0.0002845428560341867,0.001762687503983118
2026-09-03T16:40:00+00:00,773.14,-3.880129855005077e-05,0.0017646383662937026
2026-09-03T16:45:00+00:00,773.05,-0.00015520519420053613,0.0017665892286042872
2026-09-03T16:50:00+00:00,772.84,-0.00042681428405122457,0.001768540090915094
2026-09-03T16:55:00+00:00,772.88,-0.00037507921931778654,0.0017704909532256785
2026-09-03T17:00:00+00:00,772.77,-0.0005173506473349354,0.0017724418155362631
2026-09-03T17:05:00+00:00,772.43,-0.0009570986975697693,0.0017743926778470698
2026-09-03T17:10:00+00:00,772.39,-0.0010088337623032073,0.0017763435401576544
2026-09-03T17:15:00+00:00,772.335,-0.0010799694763117262,0.001778294402468461
2026-09-03T17:20:00+00:00,772.295,-0.0011317045410452753,0.0017802452647790457
2026-09-03T17:25:00+00:00,772.64,-0.0006854896077188588,0.0017821961270896303
2026-09-03T17:30:00+00:00,772.85,-0.00041388051786794833,0.001784146989400437
2026-09-03T17:35:00+00:00,773.01,-0.00020694025893397416,0.0017860978517112436
2026-09-03T17:40:00+00:00,773.07,-0.00012933766183365059,0.0017880487140218282
2026-09-03T17:45:00+00:00,773.0,-0.00021987402511736143,0.0017899995763324128
2026-09-03T17:50:00+00:00,773.4,0.000297476622217685,0.0017919504386432195
2026-09-03T17:55:00+00:00,773.26,0.00011640389565048537,0.001793901300953804
2026-09-03T18:00:00+00:00,773.75,0.0007501584386357951,0.0017958521632646107
2026-09-03T18:05:00+00:00,773.795,0.0008083603864610378,0.0017978030255749733
2026-09-03T18:10:00+00:00,773.89,0.0009312311652029948,0.00179975388788578
2026-09-03T18:15:00+00:00,773.72,0.0007113571400856333,0.0018017047501965866
2026-09-03T18:20:00+00:00,773.71,0.0006984233739022461,0.0018036556125071712
2026-09-03T18:25:00+00:00,773.72,0.0007113571400856333,0.0018056064748177558
2026-09-03T18:30:00+00:00,773.855,0.0008859629835613614,0.0018075573371285625
2026-09-03T18:35:00+00:00,773.81,0.0008277610357358967,0.001809508199439147
2026-09-03T18:40:00+00:00,773.6,0.0005561519458852082,0.0018114590617499537
2026-09-03T18:45:00+00:00,773.76,0.0007630922048191824,0.0018134099240607604
2026-09-03T18:50:00+00:00,773.57,0.0005173506473350464,0.001815360786371123
2026-09-03T18:55:00+00:00,773.67,0.000646688309168697,0.0018173116486819296
2026-09-03T19:00:00+00:00,773.59,0.000543218179701821,0.0018192625109927363
2026-09-03T19:05:00+00:00,773.56,0.0005044168811516592,0.001821213373303321
2026-09-03T19:10:00+00:00,773.39,0.00028454285603429774,0.0018231642356139055
2026-09-03T19:15:00+00:00,773.59,0.000543218179701821,0.0018251150979247122
2026-09-03T19:20:00+00:00,773.18,1.2933766183387263e-05,0.0018270659602352968
2026-09-03T19:25:00+00:00,773.415,0.0003168772714927659,0.0018290168225461034
2026-09-03T19:30:00+00:00,773.33,0.0002069402589341962,0.001830967684856466
2026-09-03T19:35:00+00:00,773.43,0.0003362779207678468,0.0018329185471672726
2026-09-03T19:40:00+00:00,773.235,8.406948019201721e-05,0.0018348694094780793
2026-09-03T19:45:00+00:00,773.26,0.00011640389565048537,0.001836820271788664
2026-09-03T19:50:00+00:00,773.22,6.466883091693632e-05,0.0018387711340994706
2026-09-03T19:55:00+00:00,773.22,6.466883091693632e-05,0.0018407219964100552
2026-09-03T20:00:00+00:00,773.115,-7.113571400851892e-05,0.0018426728587206398
2026-09-04T13:30:00+00:00,772.71,-0.000594953244435148,0.0018446237210314465
2026-09-04T13:35:00+00:00,772.505,-0.0008600954511943648,0.001846575751655699
2026-09-04T13:40:00+00:00,772.14,-0.0013321779168875558,0.0018485277822799517
2026-09-04T13:45:00+00:00,772.53,-0.0008277610357360077,0.0018504798129042044
2026-09-04T13:50:00+00:00,772.385,-0.001015300645394901,0.001852431843528457
2026-09-04T13:55:00+00:00,772.31,-0.0011123038917703054,0.0018543838741527097
2026-09-04T14:00:00+00:00,771.95,-0.0015779194743715808,0.0018563359047769623
2026-09-04T14:05:00+00:00,771.55,-0.002095270121706738,0.001858287935401215
2026-09-04T14:10:00+00:00,771.64,-0.001978866226056364,0.0018602399660252456
2026-09-04T14:15:00+00:00,770.96,-0.0028583623265258096,0.0018621919966497202
2026-09-04T14:20:00+00:00,771.08,-0.0027031571323252734,0.0018641440272739729
2026-09-04T14:25:00+00:00,771.21,-0.00253501817194135,0.0018660960578980035
2026-09-04T14:30:00+00:00,770.77,-0.0031041038840099455,0.0018680480885224782
2026-09-04T14:35:00+00:00,771.1,-0.002677289599958499,0.0018700001191467308
2026-09-04T14:40:00+00:00,770.3,-0.0037119908946285918,0.0018719521497707614
2026-09-04T14:45:00+00:00,769.79,-0.004371612969980676,0.001873904180395236
2026-09-04T14:50:00+00:00,769.56,-0.004669089592198361,0.0018758562110194887
2026-09-04T14:55:00+00:00,769.42,-0.004850162318765561,0.0018778082416435193
2026-09-04T15:00:00+00:00,769.49,-0.004759625955481961,0.001879760272267994
2026-09-04T15:05:00+00:00,769.69,-0.004500950631814327,0.0018817123028922467
2026-09-04T15:10:00+00:00,769.87,-0.004268142840513689,0.0018836643335162773
2026-09-04T15:15:00+00:00,769.365,-0.00492129803277408,0.001885616364140752
2026-09-04T15:20:00+00:00,769.27,-0.005044168811516148,0.0018875683947650046
2026-09-04T15:25:00+00:00,769.47,-0.004785493487848624,0.0018895204253890352
2026-09-04T15:30:00+00:00,769.21,-0.00512177140861636,0.0018914724560132878
2026-09-04T15:35:00+00:00,769.515,-0.004727291540023493,0.0018934244866375405
2026-09-04T15:40:00+00:00,769.99,-0.004112937646313153,0.0018953765172617931
2026-09-04T15:45:00+00:00,769.82,-0.004332811671430514,0.0018973285478860458
2026-09-04T15:50:00+00:00,769.95,-0.004164672711046591,0.0018992805785102984
2026-09-04T15:55:00+00:00,769.95,-0.004164672711046591,0.001901232609134551
2026-09-04T16:00:00+00:00,770.115,-0.003951265569021034,0.0019031846397588037
2026-09-04T16:05:00+00:00,770.34,-0.0036602558298950427,0.0019051366703830563
2026-09-04T16:10:00+00:00,770.73,-0.0031558389487433836,0.001907088701007309
2026-09-04T16:15:00+00:00,770.85,-0.0030006337545429584,0.0019090407316315616
2026-09-04T16:20:00+00:00,770.88,-0.0029618324559927967,0.0019109927622558143
2026-09-04T16:25:00+00:00,770.67,-0.003233441545843707,0.001912944792880067
2026-09-04T16:30:00+00:00,770.9,-0.002935964923626133,0.0019148968235043196
2026-09-04T16:35:00+00:00,770.79,-0.003078236351643282,0.0019168488541285722
2026-09-04T16:40:00+00:00,770.93,-0.0028971636250759714,0.0019188008847528248
2026-09-04T16:45:00+00:00,771.205,-0.0025414850550330437,0.0019207529153770775
2026-09-04T16:50:00+00:00,771.105,-0.0026708227168668053,0.001922704946001108
2026-09-04T16:55:00+00:00,770.895,-0.0029424318067177158,0.0019246569766255828
2026-09-04T17:00:00+00:00,770.5,-0.0034533155709610686,0.0019266090072498354
2026-09-04T17:05:00+00:00,770.42,-0.0035567857004280556,0.001928561037873866
2026-09-04T17:10:00+00:00,770.36,-0.003634388297528268,0.0019305130684983407
2026-09-04T17:15:00+00:00,770.28,-0.0037378584269953663,0.0019324650991225933
2026-09-04T17:20:00+00:00,770.1,-0.003970666218296004,0.001934417129746624
2026-09-04T17:25:00+00:00,769.85,-0.0042940103728803525,0.0019363691603710986
2026-09-04T17:30:00+00:00,769.64,-0.004565619462731263,0.0019383211909953513
2026-09-04T17:35:00+00:00,769.645,-0.00455915257963968,0.0019402732216193819
2026-09-04T17:40:00+00:00,769.34,-0.004953632448232548,0.0019422252522438566
2026-09-04T17:45:00+00:00,769.395,-0.004882496734224029,0.0019441772828681092
2026-09-04T17:50:00+00:00,769.39,-0.0048889636173157225,0.0019461293134921398
2026-09-04T17:55:00+00:00,769.47,-0.004785493487848624,0.0019480813441166145
2026-09-04T18:00:00+00:00,769.31,-0.00499243374678271,0.0019500333747408671
2026-09-04T18:05:00+00:00,769.58,-0.0046432220598314755,0.0019519854053648977
2026-09-04T18:10:00+00:00,769.655,-0.004546218813456293,0.0019539374359891504
2026-09-04T18:15:00+00:00,769.75,-0.004423348034714225,0.001955889466613625
2026-09-04T18:20:00+00:00,769.91,-0.004216407775780251,0.0019578414972376557
2026-09-04T18:25:00+00:00,769.875,-0.004261675957421995,0.0019597935278619083
2026-09-04T18:30:00+00:00,769.995,-0.004106470763221459,0.001961745558486383
2026-09-04T18:35:00+00:00,769.855,-0.00428754348978877,0.0019636975891104136
2026-09-04T18:40:00+00:00,770.15,-0.0039059973873791787,0.0019656496197346662
2026-09-04T18:45:00+00:00,770.22,-0.003815461024095468,0.001967601650359141
2026-09-04T18:50:00+00:00,770.25,-0.003776659725545417,0.0019695536809831715
2026-09-04T18:55:00+00:00,770.26,-0.00376372595936203,0.001971505711607424
2026-09-04T19:00:00+00:00,769.71,-0.004475083099447663,0.001973457742231899
2026-09-04T19:05:00+00:00,769.685,-0.004507417514906131,0.0019754097728559294
2026-09-04T19:10:00+00:00,769.615,-0.004597953878189731,0.001977361803480182
2026-09-04T19:15:00+00:00,769.66,-0.0045397519303645995,0.0019793138341044347
2026-09-04T19:20:00+00:00,769.77,-0.004397480502347451,0.0019812658647286874
2026-09-04T19:25:00+00:00,769.95,-0.004164672711046591,0.00198321789535294
2026-09-04T19:30:00+00:00,769.985,-0.0041194045294048465,0.0019851699259771927
2026-09-04T19:35:00+00:00,769.755,-0.0044168811516225315,0.0019871219566014453
2026-09-04T19:40:00+00:00,769.9,-0.004229341541963527,0.001989073987225698
2026-09-04T19:45:00+00:00,770.13,-0.003931864919745953,0.0019910260178497285
2026-09-04T19:50:00+00:00,770.395,-0.003589120115886524,0.0019929780484742032
2026-09-04T19:55:00+00:00,770.18,-0.003867196088829128,0.001994930079098456
2026-09-04T20:00:00+00:00,770.18,-0.003867196088829128,0.0019968821097224865
2026-09-08T13:30:00+00:00,768.825,-0.005619721406676326,0.001998834140346961
2026-09-08T13:35:00+00:00,768.16,-0.0064798168578708015,0.002000788007874732
2026-09-08T13:40:00+00:00,767.26,-0.007643855814374545,0.0020027418754022808
2026-09-08T13:45:00+00:00,767.72,-0.007048902569939286,0.0020046957429300516
2026-09-08T13:50:00+00:00,767.26,-0.007643855814374545,0.0020066496104578224
2026-09-08T13:55:00+00:00,767.44,-0.007411048023073685,0.002008603477985371
2026-09-08T14:00:00+00:00,766.96,-0.008031868799875719,0.002010557345513142
2026-09-08T14:05:00+00:00,766.42,-0.008730292173778076,0.002012511213040691
2026-09-08T14:10:00+00:00,766.46,-0.008678557109044527,0.0020144650805684616
2026-09-08T14:15:00+00:00,766.58,-0.00852335191484399,0.0020164189480962325
2026-09-08T14:20:00+00:00,767.05,-0.007915464904225455,0.0020183728156237812
2026-09-08T14:25:00+00:00,766.71,-0.008355212954460067,0.002020326683151552
2026-09-08T14:30:00+00:00,767.005,-0.007973666852050587,0.002022280550679323
2026-09-08T14:35:00+00:00,766.9,-0.008109471396976042,0.0020242344182068717
2026-09-08T14:40:00+00:00,767.115,-0.007831395424033438,0.0020261882857346425
2026-09-08T14:45:00+00:00,767.26,-0.007643855814374545,0.0020281421532624133
2026-09-08T14:50:00+00:00,767.63,-0.00716530646558966,0.002030096020789962
2026-09-08T14:55:00+00:00,767.65,-0.007139438933222997,0.002032049888317733
2026-09-08T15:00:00+00:00,767.695,-0.007081236985397643,0.0020340037558452817
2026-09-08T15:05:00+00:00,767.68,-0.007100637634672835,0.0020359576233730525
2026-09-08T15:10:00+00:00,768.04,-0.006635022052071338,0.0020379114909008234
2026-09-08T15:15:00+00:00,768.02,-0.006660889584438112,0.002039865358428372
2026-09-08T15:20:00+00:00,768.0,-0.006686757116804776,0.002041819225956143
2026-09-08T15:25:00+00:00,767.83,-0.006906631141922137,0.0020437730934839138
2026-09-08T15:30:00+00:00,767.785,-0.00696483308974738,0.0020457269610114626
2026-09-08T15:35:00+00:00,767.51,-0.0073205116597901965,0.0020476808285392334
2026-09-08T15:40:00+00:00,767.96,-0.006738492181538214,0.002049634696067004
2026-09-08T15:45:00+00:00,767.565,-0.0072493759457815665,0.002051588563594553
2026-09-08T15:50:00+00:00,767.545,-0.007275243478148452,0.002053542431122324
2026-09-08T15:55:00+00:00,767.395,-0.007469249970899039,0.0020554962986500946
2026-09-08T16:00:00+00:00,767.655,-0.007132972050131303,0.0020574501661776434
2026-09-08T16:05:00+00:00,767.37,-0.007501584386357396,0.0020594040337054142
2026-09-08T16:10:00+00:00,767.245,-0.007663256463649626,0.002061357901232963
2026-09-08T16:15:00+00:00,766.925,-0.008077136981517685,0.002063311768760734
2026-09-08T16:20:00+00:00,767.4,-0.007462783087807345,0.0020652656362887267
2026-09-08T16:25:00+00:00,767.08,-0.007876663605675183,0.0020672195038162755
2026-09-08T16:30:00+00:00,767.2,-0.0077214584114747575,0.0020691733713440463
2026-09-08T16:35:00+00:00,766.97,-0.008018935033692332,0.002071127238871817
2026-09-08T16:40:00+00:00,767.005,-0.007973666852050587,0.002073081106399366
2026-09-08T16:45:00+00:00,767.245,-0.007663256463649626,0.0020750349739271368
2026-09-08T16:50:00+00:00,767.24,-0.0076697233467413195,0.0020769888414549076
2026-09-08T16:55:00+00:00,766.95,-0.008044802566059106,0.0020789427089824564
2026-09-08T17:00:00+00:00,767.87,-0.006854896077188699,0.002080896576510227
2026-09-08T17:05:00+00:00,767.58,-0.007229975296506486,0.002082850444037776
2026-09-08T17:10:00+00:00,767.635,-0.007158839582497967,0.002084804311565547
2026-09-08T17:15:00+00:00,767.63,-0.00716530646558966,0.0020867581790933176
2026-09-08T17:20:00+00:00,767.68,-0.007100637634672835,0.0020887120466208664
2026-09-08T17:25:00+00:00,767.475,-0.007365779841431941,0.0020906659141486372
2026-09-08T17:30:00+00:00,767.72,-0.007048902569939286,0.002092619781676408
2026-09-08T17:35:00+00:00,767.695,-0.007081236985397643,0.002094573649203957
2026-09-08T17:40:00+00:00,767.315,-0.007572720100365915,0.0020965275167317277
2026-09-08T17:45:00+00:00,767.59,-0.007217041530323098,0.0020984813842594985
2026-09-08T17:50:00+00:00,767.76,-0.006997167505205848,0.0021004352517870473
2026-09-08T17:55:00+00:00,767.56,-0.007255842828873371,0.002102389119314818
2026-09-08T18:00:00+00:00,767.59,-0.007217041530323098,0.002104342986842367
2026-09-08T18:05:00+00:00,767.77,-0.006984233739022461,0.0021062968543701377
2026-09-08T18:10:00+00:00,767.76,-0.006997167505205848,0.0021082507218979085
2026-09-08T18:15:00+00:00,767.81,-0.006932498674289023,0.0021102045894254573
2026-09-08T18:20:00+00:00,767.61,-0.007191173997956435,0.002112158456953228
2026-09-08T18:25:00+00:00,767.765,-0.006990700622114154,0.002114112324480999
2026-09-08T18:30:00+00:00,767.525,-0.007301111010515116,0.0021160661920085477
2026-09-08T18:35:00+00:00,767.17,-0.007760259710024919,0.0021180200595363186
2026-09-08T18:40:00+00:00,767.52,-0.007307577893606809,0.0021199739270640894
2026-09-08T18:45:00+00:00,766.26,-0.00893723243271205,0.002121927794591638
2026-09-08T18:50:00+00:00,766.98,-0.008006001267509055,0.002123881662119409
2026-09-08T18:55:00+00:00,766.79,-0.008251742824993191,0.0021258355296469578
2026-09-08T19:00:00+00:00,766.63,-0.008458683083927165,0.0021277893971747286
2026-09-08T19:05:00+00:00,766.825,-0.008206474643351336,0.0021297432647024994
2026-09-08T19:10:00+00:00,766.91,-0.008096537630792655,0.002131697132230048
2026-09-08T19:15:00+00:00,766.715,-0.008348746071368374,0.002133650999757819
2026-09-08T19:20:00+00:00,766.58,-0.00852335191484399,0.00213560486728559
2026-09-08T19:25:00+00:00,766.97,-0.008018935033692332,0.0021375587348131386
2026-09-08T19:30:00+00:00,767.09,-0.007863729839491906,0.0021395126023409095
2026-09-08T19:35:00+00:00,766.99,-0.007993067501325668,0.0021414664698686803
2026-09-08T19:40:00+00:00,766.82,-0.008212941526442918,0.002143420337396229
2026-09-08T19:45:00+00:00,766.54,-0.00857508697957754,0.002145374204924
2026-09-08T19:50:00+00:00,765.71,-0.009648589572797572,0.0021473280724517707
2026-09-08T19:55:00+00:00,766.06,-0.009195907756379573,0.0021492819399793195
2026-09-08T20:00:00+00:00,766.06,-0.009195907756379573,0.0021512358075070903
2026-09-09T13:30:00+00:00,764.155,-0.011659790214312515,0.002153189675034639
2026-09-09T13:35:00+00:00,763.8,-0.01211893891382232,0.0021551438435509773
2026-09-09T13:40:00+00:00,763.75,-0.012183607744739144,0.0021570980120673156
2026-09-09T13:45:00+00:00,763.885,-0.012009001901263638,0.0021590521805836538
2026-09-09T13:50:00+00:00,763.785,-0.0121383395630974,0.002161006349099992
2026-09-09T13:55:00+00:00,764.13,-0.011692124629770873,0.0021629605176163302
2026-09-09T14:00:00+00:00,763.84,-0.01206720384908877,0.0021649146861326685
2026-09-09T14:05:00+00:00,764.06,-0.011782660993054583,0.0021668688546490067
2026-09-09T14:10:00+00:00,763.885,-0.012009001901263638,0.002168823023165345
2026-09-09T14:15:00+00:00,763.055,-0.013082504494483782,0.002170777191681683
2026-09-09T14:20:00+00:00,762.705,-0.013535186310901781,0.0021727313601980214
2026-09-09T14:25:00+00:00,763.98,-0.01188613112252146,0.0021746855287143596
2026-09-09T14:30:00+00:00,763.485,-0.012526352548598574,0.002176639697230698
2026-09-09T14:35:00+00:00,763.605,-0.012371147354398038,0.002178593865747036
2026-09-09T14:40:00+00:00,763.72,-0.012222409043289195,0.0021805480342633743
2026-09-09T14:45:00+00:00,763.73,-0.012209475277105919,0.0021825022027797125
2026-09-09T14:50:00+00:00,763.65,-0.012312945406572906,0.0021844563712958287
2026-09-09T14:55:00+00:00,763.78,-0.012144806446189094,0.002186410539812167
2026-09-09T15:00:00+00:00,762.87,-0.013321779168876113,0.002188364708328505
2026-09-09T15:05:00+00:00,762.18,-0.014214209035529057,0.0021903188768448434
2026-09-09T15:10:00+00:00,761.63,-0.01492556617561458,0.0021922730453611816
2026-09-09T15:15:00+00:00,761.97,-0.014485818125379857,0.00219422721387752
2026-09-09T15:20:00+00:00,761.07,-0.0156498570818836,0.002196181382393858
2026-09-09T15:25:00+00:00,761.54,-0.015041970071265065,0.0021981355509101963
2026-09-09T15:30:00+00:00,762.15,-0.014253010334079108,0.0022000897194265345
2026-09-09T15:35:00+00:00,762.89,-0.01329591163650945,0.0022020438879428728
2026-09-09T15:40:00+00:00,762.23,-0.014149540204612121,0.002203998056459211
2026-09-09T15:45:00+00:00,762.29,-0.014071937607511908,0.002205952224975549
2026-09-09T15:50:00+00:00,762.54,-0.01374859345292756,0.0022079063934918874
2026-09-09T15:55:00+00:00,762.18,-0.014214209035529057,0.0022098605620082257
2026-09-09T16:00:00+00:00,762.37,-0.013968467478044921,0.002211814730524564
2026-09-09T16:05:00+00:00,761.58,-0.014990235006531405,0.002213768899040902
2026-09-09T16:10:00+00:00,761.645,-0.01490616552633961,0.0022157230675572404
2026-09-09T16:15:00+00:00,761.44,-0.015171307733098716,0.0022176772360735786
2026-09-09T16:20:00+00:00,761.74,-0.014783294747597542,0.002219631404590139
2026-09-09T16:25:00+00:00,761.62,-0.014938499941797967,0.002221585573106477
2026-09-09T16:30:00+00:00,762.09,-0.01433061293117932,0.0022235397416228153
2026-09-09T16:35:00+00:00,762.25,-0.014123672672245347,0.0022254939101391535
2026-09-09T16:40:00+00:00,762.36,-0.013981401244228198,0.0022274480786554918
2026-09-09T16:45:00+00:00,762.5,-0.013800328517660998,0.00222940224717183
2026-09-09T16:50:00+00:00,762.685,-0.013561053843268667,0.0022313564156881682
2026-09-09T16:55:00+00:00,762.56,-0.013722725920560785,0.0022333105842045065
2026-09-09T17:00:00+00:00,762.38,-0.013955533711861534,0.0022352647527208447
2026-09-09T17:05:00+00:00,762.65,-0.013606322024910411,0.002237218921237183
2026-09-09T17:10:00+00:00,763.12,-0.012998435014291765,0.002239173089753521
2026-09-09T17:15:00+00:00,762.91,-0.013270044104142675,0.0022411272582698594
2026-09-09T17:20:00+00:00,763.19,-0.012907898651008054,0.0022430814267861976
2026-09-09T17:25:00+00:00,762.92,-0.013257110337959288,0.0022450355953023138
2026-09-09T17:30:00+00:00,762.81,-0.013399381765976437,0.002246989763818652
2026-09-09T17:35:00+00:00,762.44,-0.01387793111476121,0.0022489439323349902
2026-09-09T17:40:00+00:00,762.94,-0.013231242805592403,0.0022508981008513285
2026-09-09T17:45:00+00:00,763.09,-0.013037236312841816,0.0022528522693676667
2026-09-09T17:50:00+00:00,763.27,-0.012804428521541178,0.002254806437884005
2026-09-09T17:55:00+00:00,763.025,-0.013121305793033833,0.002256760606400343
2026-09-09T18:00:00+00:00,763.08,-0.013050170079025203,0.0022587147749166814
2026-09-09T18:05:00+00:00,762.74,-0.013489918129260037,0.0022606689434330196
2026-09-09T18:10:00+00:00,762.46,-0.013852063582394436,0.002262623111949358
2026-09-09T18:15:00+00:00,762.525,-0.01376799410220264,0.002264577280465696
2026-09-09T18:20:00+00:00,762.965,-0.013198908390134045,0.0022665314489820343
2026-09-09T18:25:00+00:00,762.835,-0.013367047350517858,0.0022684856174983725
2026-09-09T18:30:00+00:00,762.74,-0.013489918129260037,0.0022704397860147107
2026-09-09T18:35:00+00:00,763.0,-0.013153640208492301,0.002272393954531049
2026-09-09T18:40:00+00:00,763.2,-0.012894964884824667,0.002274348123047387
2026-09-09T18:45:00+00:00,762.97,-0.013192441507042352,0.0022763022915637254
2026-09-09T18:50:00+00:00,763.28,-0.01279149475535779,0.0022782564600800637
2026-09-09T18:55:00+00:00,762.92,-0.013257110337959288,0.002280210628596402
2026-09-09T19:00:00+00:00,762.68,-0.01356752072636036,0.00228216479711274
2026-09-09T19:05:00+00:00,763.1,-0.013024302546658428,0.0022841189656290783
2026-09-09T19:10:00+00:00,762.96,-0.013205375273225739,0.0022860731341454166
2026-09-09T19:15:00+00:00,763.3,-0.012765627222991016,0.002288027302661755
2026-09-09T19:20:00+00:00,763.22,-0.012869097352458003,0.002289981471178093
2026-09-09T19:25:00+00:00,763.12,-0.012998435014291765,0.0022919356396944313
2026-09-09T19:30:00+00:00,763.03,-0.01311483890994214,0.0022938898082107695
2026-09-09T19:35:00+00:00,762.795,-0.013418782415251518,0.0022958439767271077
2026-09-09T19:40:00+00:00,762.84,-0.013360580467426164,0.002297798145243446
2026-09-09T19:45:00+00:00,762.83,-0.013373514233609551,0.002299752313759784
2026-09-09T19:50:00+00:00,762.415,-0.01391026553021979,0.0023017064822761224
2026-09-09T19:55:00+00:00,762.425,-0.013897331764036402,0.0023036606507924606
2026-09-09T20:00:00+00:00,762.28,-0.014084871373695296,0.002305614819308577
2026-09-10T13:30:00+00:00,757.79,-0.019892132390030626,0.002307568987824915
2026-09-10T13:35:00+00:00,758.43,-0.019064371354294618,0.002309523457376228
2026-09-10T13:40:00+00:00,758.135,-0.01944591745670421,0.002311477926927541
2026-09-10T13:45:00+00:00,758.66,-0.018766894732077044,0.002313432396478854
2026-09-10T13:50:00+00:00,757.32,-0.02050001940064916,0.002315386866030167
2026-09-10T13:55:00+00:00,756.81,-0.021159641476001467,0.002317341335581702
2026-09-10T14:00:00+00:00,757.26,-0.020577621997749485,0.002319295805133015
2026-09-10T14:05:00+00:00,756.75,-0.02123724407310157,0.0023212502746843278
2026-09-10T14:10:00+00:00,757.355,-0.020454751219007417,0.0023232047442356407
2026-09-10T14:15:00+00:00,758.08,-0.019517053170712728,0.0023251592137869537
2026-09-10T14:20:00+00:00,759.33,-0.017900332397790764,0.0023271136833382666
2026-09-10T14:25:00+00:00,758.71,-0.018702225901160108,0.0023290681528895796
2026-09-10T14:30:00+00:00,758.995,-0.018333613564933904,0.0023310226224408925
2026-09-10T14:35:00+00:00,759.325,-0.017906799280882457,0.0023329770919922055
2026-09-10T14:40:00+00:00,758.79,-0.01859875577169312,0.0023349315615437405
2026-09-10T14:45:00+00:00,758.81,-0.018572888239326457,0.0023368860310950534
2026-09-10T14:50:00+00:00,759.16,-0.018120206422908236,0.0023388405006463664
2026-09-10T14:55:00+00:00,759.39,-0.017822729800690662,0.0023407949701976793
2026-09-10T15:00:00+00:00,758.85,-0.018521153174592797,0.0023427494397489923
2026-09-10T15:05:00+00:00,759.07,-0.0182366103185585,0.0023447039093003053
2026-09-10T15:10:00+00:00,759.07,-0.0182366103185585,0.002346658378851618
2026-09-10T15:15:00+00:00,759.01,-0.018314212915658823,0.002348612848402931
2026-09-10T15:20:00+00:00,759.3,-0.017939133696341036,0.002350567317954466
2026-09-10T15:25:00+00:00,759.185,-0.01808787200744988,0.002352521787505779
2026-09-10T15:30:00+00:00,759.42,-0.0177839285021405,0.002354476257057092
2026-09-10T15:35:00+00:00,759.22,-0.018042603825807912,0.002356430726608405
2026-09-10T15:40:00+00:00,759.42,-0.0177839285021405,0.002358385196159718
2026-09-10T15:45:00+00:00,759.135,-0.018152540838366704,0.002360339665711031
2026-09-10T15:50:00+00:00,758.65,-0.01877982849826043,0.002362294135262344
2026-09-10T15:55:00+00:00,758.56,-0.018896232393910806,0.002364248604813657
2026-09-10T16:00:00+00:00,758.54,-0.01892209992627758,0.00236620307436497
2026-09-10T16:05:00+00:00,758.095,-0.019497652521437647,0.002368157543916505
2026-09-10T16:10:00+00:00,758.155,-0.019420049924337435,0.0023701120134678177
2026-09-10T16:15:00+00:00,758.12,-0.01946531810597918,0.0023720664830191307
2026-09-10T16:20:00+00:00,758.05,-0.01955585446926289,0.0023740209525706657
2026-09-10T16:25:00+00:00,758.085,-0.019510586287621035,0.0023759754221219787
2026-09-10T16:30:00+00:00,757.54,-0.020215476544614974,0.0023779298916732916
2026-09-10T16:35:00+00:00,758.22,-0.019335980444145418,0.0023798843612246046
2026-09-10T16:40:00+00:00,758.86,-0.01850821940840941,0.0023818388307759175
2026-09-10T16:45:00+00:00,758.91,-0.018443550577492696,0.0023837933003272305
2026-09-10T16:50:00+00:00,759.16,-0.018120206422908236,0.0023857477698787655
2026-09-10T16:55:00+00:00,759.205,-0.018062004475082993,0.0023877022394300784
2026-09-10T17:00:00+00:00,758.99,-0.018340080448025597,0.0023896567089813914
2026-09-10T17:05:00+00:00,758.97,-0.018365947980392372,0.0023916111785327043
2026-09-10T17:10:00+00:00,759.035,-0.018281878500200466,0.0023935656480840173
2026-09-10T17:15:00+00:00,758.97,-0.018365947980392372,0.0023955201176353302
2026-09-10T17:20:00+00:00,758.65,-0.01877982849826043,0.002397474587186643
2026-09-10T17:25:00+00:00,758.635,-0.0187992291475354,0.002399429056737956
2026-09-10T17:30:00+00:00,758.65,-0.01877982849826043,0.002401383526289269
2026-09-10T17:35:00+00:00,758.06,-0.019542920703079503,0.002403337995840804
2026-09-10T17:40:00+00:00,758.45,-0.019038503821927844,0.002405292465392117
2026-09-10T17:45:00+00:00,758.25,-0.019297179145595367,0.00240724693494343
2026-09-10T17:50:00+00:00,758.36,-0.019154907717578218,0.002409201404494743
2026-09-10T17:55:00+00:00,758.305,-0.019226043431586848,0.002411155874046056
2026-09-10T18:00:00+00:00,757.98,-0.01964639083254649,0.002413110343597369
2026-09-10T18:05:00+00:00,757.74,-0.01995680122094745,0.002415064813148682
2026-09-10T18:10:00+00:00,757.74,-0.01995680122094745,0.0024170192826999948
2026-09-10T18:15:00+00:00,757.71,-0.019995602519497502,0.0024189737522513077
2026-09-10T18:20:00+00:00,757.8,-0.01987919862384724,0.0024209282218028427
2026-09-10T18:25:00+00:00,757.69,-0.020021470051864276,0.0024228826913541557
2026-09-10T18:30:00+00:00,757.61,-0.020124940181331374,0.0024248371609054686
2026-09-10T18:35:00+00:00,757.83,-0.019840397325297077,0.0024267916304567816
2026-09-10T18:40:00+00:00,757.82,-0.019853331091480464,0.0024287461000080945
2026-09-10T18:45:00+00:00,757.8,-0.01987919862384724,0.0024307005695594075
2026-09-10T18:50:00+00:00,757.95,-0.01968519213109654,0.0024326550391107205
2026-09-10T18:55:00+00:00,757.775,-0.019911533039305707,0.0024346095086620334
2026-09-10T19:00:00+00:00,757.335,-0.02048061875137408,0.0024365639782135684
2026-09-10T19:05:00+00:00,757.97,-0.019659324598729766,0.0024385184477648814
2026-09-10T19:10:00+00:00,757.83,-0.019840397325297077,0.0024404729173161943
2026-09-10T19:15:00+00:00,757.505,-0.02026074472625683,0.0024424273868675073
2026-09-10T19:20:00+00:00,757.715,-0.01998913563640592,0.0024443818564188202
2026-09-10T19:25:00+00:00,757.615,-0.02011847329823968,0.002446336325970133
2026-09-10T19:30:00+00:00,757.925,-0.01971752654655512,0.002448290795521446
2026-09-10T19:35:00+00:00,758.01,-0.019607589533996328,0.002450245265072759
2026-09-10T19:40:00+00:00,758.03,-0.019581722001629664,0.002452199734624072
2026-09-10T19:45:00+00:00,758.15,-0.01942651680742913,0.002454154204175607
2026-09-10T19:50:00+00:00,757.86,-0.019801596026746915,0.00245610867372692
2026-09-10T19:55:00+00:00,757.87,-0.01978866226056364,0.002458063143278233
2026-09-10T20:00:00+00:00,757.87,-0.01978866226056364,0.002460017612829546
2026-09-11T13:30:00+00:00,765.775,-0.009564520092605777,0.002461972082380859
2026-09-11T13:35:00+00:00,765.52,-0.00989433113028182,0.002463926853013554
2026-09-11T13:40:00+00:00,765.43,-0.010010735025932194,0.002465881623646249
2026-09-11T13:45:00+00:00,764.97,-0.010605688270367342,0.002467836394278944
2026-09-11T13:50:00+00:00,765.055,-0.010495751257808772,0.002469791164911639
2026-09-11T13:55:00+00:00,766.27,-0.008924298666528663,0.002471745935544556
2026-09-11T14:00:00+00:00,765.42,-0.010023668792115581,0.002473700706177251
2026-09-11T14:05:00+00:00,765.34,-0.010127138921582457,0.002475655476809946
2026-09-11T14:10:00+00:00,764.87,-0.010735025932201103,0.002477610247442641
2026-09-11T14:15:00+00:00,765.74,-0.009609788274247522,0.002479565018075336
2026-09-11T14:20:00+00:00,765.73,-0.009622722040430909,0.002481519788708031
2026-09-11T14:25:00+00:00,765.83,-0.009493384378597147,0.002483474559340726
2026-09-11T14:30:00+00:00,764.74,-0.010903164892585027,0.002485429329973421
2026-09-11T14:35:00+00:00,764.34,-0.011420515539919962,0.002487384100606116
2026-09-11T14:40:00+00:00,764.045,-0.011802061642329664,0.002489338871239033
2026-09-11T14:45:00+00:00,764.73,-0.010916098658768414,0.002491293641871728
2026-09-11T14:50:00+00:00,764.09,-0.01174385969450431,0.002493248412504423
2026-09-11T14:55:00+00:00,763.965,-0.01190553177179654,0.002495203183137118
2026-09-11T15:00:00+00:00,764.66,-0.011006635022052014,0.002497157953769813
2026-09-11T15:05:00+00:00,764.89,-0.01070915839983444,0.002499112724402508
2026-09-11T15:10:00+00:00,764.59,-0.011097171385335614,0.002501067495035203
2026-09-11T15:15:00+00:00,765.375,-0.010081870739940713,0.002503022265667898
2026-09-11T15:20:00+00:00,765.86,-0.009454583080046985,0.002504977036300593
2026-09-11T15:25:00+00:00,765.99,-0.009286444119663173,0.002506931806933288
2026-09-11T15:30:00+00:00,765.905,-0.009396381132221854,0.002508886577566205
2026-09-11T15:35:00+00:00,765.96,-0.009325245418213224,0.0025108413481989
2026-09-11T15:40:00+00:00,766.135,-0.00909890451000428,0.002512796118831595
2026-09-11T15:45:00+00:00,765.975,-0.009305844768938143,0.00251475088946429
2026-09-11T15:50:00+00:00,765.54,-0.009868463597915045,0.002516705660096985
2026-09-11T15:55:00+00:00,765.78,-0.009558053209514084,0.00251866043072968
2026-09-11T16:00:00+00:00,766.18,-0.009040702562179148,0.002520615201362375
2026-09-11T16:05:00+00:00,765.85,-0.009467516846230373,0.00252256997199507
2026-09-11T16:10:00+00:00,765.55,-0.009855529831731658,0.002524524742627765
2026-09-11T16:15:00+00:00,765.52,-0.00989433113028182,0.002526479513260682
2026-09-11T16:20:00+00:00,765.36,-0.010101271389215793,0.002528434283893599
2026-09-11T16:25:00+00:00,764.87,-0.010735025932201103,0.002530389054526294
2026-09-11T16:30:00+00:00,765.645,-0.00973265905298959,0.002532343825158989
2026-09-11T16:35:00+00:00,764.92,-0.010670357101284278,0.002534298595791684
2026-09-11T16:40:00+00:00,765.47,-0.009958999961198645,0.002536253366424379
2026-09-11T16:45:00+00:00,765.37,-0.010088337623032406,0.002538208137057074
2026-09-11T16:50:00+00:00,765.41,-0.010036602558298968,0.002540162907689769
2026-09-11T16:55:00+00:00,765.645,-0.00973265905298959,0.002542117678322464
2026-09-11T17:00:00+00:00,765.65,-0.009726192169897896,0.002544072448955381
2026-09-11T17:05:00+00:00,765.74,-0.009609788274247522,0.002546027219588076
2026-09-11T17:10:00+00:00,765.535,-0.009874930481006738,0.002547981990220771
2026-09-11T17:15:00+00:00,765.87,-0.009441649313863598,0.002549936760853466
2026-09-11T17:20:00+00:00,766.17,-0.009053636328362424,0.002551891531486161
2026-09-11T17:25:00+00:00,765.995,-0.00927997723657148,0.002553846302118856
2026-09-11T17:30:00+00:00,766.015,-0.009254109704204705,0.0025558010727515512
2026-09-11T17:35:00+00:00,765.815,-0.009512785027872117,0.0025577558433842462
2026-09-11T17:40:00+00:00,765.86,-0.009454583080046985,0.0025597106140169412
2026-09-11T17:45:00+00:00,765.9,-0.009402848015313547,0.0025616653846498583
2026-09-11T17:50:00+00:00,765.845,-0.009473983729322066,0.0025636201552825533
2026-09-11T17:55:00+00:00,765.745,-0.009603321391155828,0.0025655749259152483
2026-09-11T18:00:00+00:00,765.87,-0.009441649313863598,0.0025675296965479433
2026-09-11T18:05:00+00:00,765.69,-0.009674457105164347,0.0025694844671806383
2026-09-11T18:10:00+00:00,765.595,-0.009797327883906415,0.0025714392378133333
2026-09-11T18:15:00+00:00,765.58,-0.009816728533181496,0.0025733940084460283
2026-09-11T18:20:00+00:00,765.34,-0.010127138921582457,0.0025753487790787233
2026-09-11T18:25:00+00:00,765.53,-0.009881397364098432,0.0025773035497114183
2026-09-11T18:30:00+00:00,765.43,-0.010010735025932194,0.0025792583203443353
2026-09-11T18:35:00+00:00,765.3,-0.010178873986316117,0.0025812130909770303
2026-09-11T18:40:00+00:00,765.13,-0.010398748011433367,0.0025831678616097253
2026-09-11T18:45:00+00:00,765.06,-0.010489284374717078,0.0025851226322424203
2026-09-11T18:50:00+00:00,765.05,-0.010502218140900466,0.0025870774028751153
2026-09-11T18:55:00+00:00,765.025,-0.010534552556358823,0.0025890321735078103
2026-09-11T19:00:00+00:00,765.12,-0.010411681777616755,0.0025909869441405053
2026-09-11T19:05:00+00:00,764.78,-0.010851429827851589,0.0025929417147732003
2026-09-11T19:10:00+00:00,764.84,-0.010773827230751265,0.0025948964854058953
2026-09-11T19:15:00+00:00,765.0,-0.01056688697181729,0.0025968512560388124
2026-09-11T19:20:00+00:00,765.21,-0.01029527788196638,0.0025988060266715074
2026-09-11T19:25:00+00:00,765.02,-0.010541019439450516,0.0026007607973042024
2026-09-11T19:30:00+00:00,764.965,-0.010612155153459035,0.0026027155679368974
2026-09-11T19:35:00+00:00,764.935,-0.010650956452009308,0.0026046703385695924
2026-09-11T19:40:00+00:00,765.02,-0.010541019439450516,0.0026066251092022874
2026-09-11T19:45:00+00:00,764.75,-0.01089023112640164,0.0026085798798349824
2026-09-11T19:50:00+00:00,764.67,-0.010993701255868737,0.0026105346504676774
2026-09-11T19:55:00+00:00,764.14,-0.011679190863587485,0.0026124894211003724
2026-09-11T20:00:00+00:00,764.29,-0.011485184370836898,0.0026144441917330674
