timestamp,spy_close,spy_cum,cash_cum
2026-08-14T13:30:00+00:00,,,0.0
2026-08-14T13:35:00+00:00,,,1.945197910302454e-06
2026-08-14T13:40:00+00:00,,,3.890395820826953e-06
2026-08-14T13:45:00+00:00,,,5.835593731129407e-06
2026-08-14T13:50:00+00:00,,,7.780791641653906e-06
2026-08-14T13:55:00+00:00,,,9.72598955195636e-06
2026-08-14T14:00:00+00:00,,,1.1671187462258814e-05
2026-08-14T14:05:00+00:00,,,1.3616385372783313e-05
2026-08-14T14:10:00+00:00,,,1.5561583283085767e-05
2026-08-14T14:15:00+00:00,,,1.750678119338822e-05
2026-08-14T14:20:00+00:00,,,1.945197910391272e-05
2026-08-14T14:25:00+00:00,,,2.1397177014215174e-05
2026-08-14T14:30:00+00:00,,,2.3342374924739673e-05
2026-08-14T14:35:00+00:00,,,2.5287572835042127e-05
2026-08-14T14:40:00+00:00,,,2.723277074534458e-05
2026-08-14T14:45:00+00:00,,,2.917796865586908e-05
2026-08-14T14:50:00+00:00,,,3.1123166566171534e-05
2026-08-14T14:55:00+00:00,,,3.306836447647399e-05
2026-08-14T15:00:00+00:00,,,3.501356238699849e-05
2026-08-14T15:05:00+00:00,,,3.695876029730094e-05
2026-08-14T15:10:00+00:00,,,3.890395820782544e-05
2026-08-14T15:15:00+00:00,,,4.0849156118127894e-05
2026-08-14T15:20:00+00:00,,,4.279435402843035e-05
2026-08-14T15:25:00+00:00,,,4.473955193895485e-05
2026-08-14T15:30:00+00:00,,,4.66847498492573e-05
2026-08-14T15:35:00+00:00,,,4.8629947759559755e-05
2026-08-14T15:40:00+00:00,,,5.0575145670084254e-05
2026-08-14T15:45:00+00:00,,,5.252034358038671e-05
2026-08-14T15:50:00+00:00,,,5.446554149091121e-05
2026-08-14T15:55:00+00:00,,,5.641073940121366e-05
2026-08-14T16:00:00+00:00,,,5.8355937311516115e-05
2026-08-14T16:05:00+00:00,,,6.0301135222040614e-05
2026-08-14T16:10:00+00:00,,,6.224633313234307e-05
2026-08-14T16:15:00+00:00,,,6.419153104286757e-05
2026-08-14T16:20:00+00:00,,,6.613672895317002e-05
2026-08-14T16:25:00+00:00,,,6.808192686347248e-05
2026-08-14T16:30:00+00:00,,,7.002712477399697e-05
2026-08-14T16:35:00+00:00,,,7.197232268429943e-05
2026-08-14T16:40:00+00:00,,,7.391752059460188e-05
2026-08-14T16:45:00+00:00,,,7.586271850512638e-05
2026-08-14T16:50:00+00:00,,,7.780791641542883e-05
2026-08-14T16:55:00+00:00,,,7.975311432595333e-05
2026-08-14T17:00:00+00:00,,,8.169831223625579e-05
2026-08-14T17:05:00+00:00,,,8.364351014655824e-05
2026-08-14T17:10:00+00:00,,,8.558870805708274e-05
2026-08-14T17:15:00+00:00,,,8.75339059673852e-05
2026-08-14T17:20:00+00:00,,,8.947910387768765e-05
2026-08-14T17:25:00+00:00,,,9.142430178821215e-05
2026-08-14T17:30:00+00:00,,,9.33694996985146e-05
2026-08-14T17:35:00+00:00,,,9.53146976090391e-05
2026-08-14T17:40:00+00:00,,,9.725989551934155e-05
2026-08-14T17:45:00+00:00,,,9.920509342964401e-05
2026-08-14T17:50:00+00:00,,,0.00010115029134016851
2026-08-14T17:55:00+00:00,,,0.00010309548925047096
2026-08-14T18:00:00+00:00,,,0.00010504068716099546
2026-08-14T18:05:00+00:00,,,0.00010698588507129791
2026-08-14T18:10:00+00:00,,,0.00010893108298160037
2026-08-14T18:15:00+00:00,,,0.00011087628089212487
2026-08-14T18:20:00+00:00,,,0.00011282147880242732
2026-08-14T18:25:00+00:00,,,0.00011476667671272978
2026-08-14T18:30:00+00:00,,,0.00011671187462325427
2026-08-14T18:35:00+00:00,,,0.00011865707253355673
2026-08-14T18:40:00+00:00,,,0.00012060227044408123
2026-08-14T18:45:00+00:00,,,0.00012254746835438368
2026-08-14T18:50:00+00:00,,,0.00012449266626468614
2026-08-14T18:55:00+00:00,,,0.00012643786417521063
2026-08-14T19:00:00+00:00,,,0.0001283830620855131
2026-08-14T19:05:00+00:00,,,0.00013032825999581554
2026-08-14T19:10:00+00:00,,,0.00013227345790634004
2026-08-14T19:15:00+00:00,,,0.0001342186558166425
2026-08-14T19:20:00+00:00,,,0.000136163853727167
2026-08-14T19:25:00+00:00,,,0.00013810905163746945
2026-08-14T19:30:00+00:00,,,0.0001400542495477719
2026-08-14T19:35:00+00:00,,,0.0001419994474582964
2026-08-14T19:40:00+00:00,,,0.00014394464536859886
2026-08-14T19:45:00+00:00,,,0.0001458898432789013
2026-08-14T19:50:00+00:00,,,0.0001478350411894258
2026-08-14T19:55:00+00:00,,,0.00014978023909972826
2026-08-14T20:00:00+00:00,,,0.00015172543701025276
2026-08-17T13:30:00+00:00,775.48,-0.0030340429908464195,0.00015367063492055522
2026-08-17T13:35:00+00:00,775.34,-0.0032140285919983747,0.00015561588055668096
2026-08-17T13:40:00+00:00,775.59,-0.0028926257327984706,0.0001575611261932508
2026-08-17T13:45:00+00:00,775.975,-0.002397665329630816,0.00015950637182937655
2026-08-17T13:50:00+00:00,775.81,-0.002609791216702795,0.00016145161746572434
2026-08-17T13:55:00+00:00,775.19,-0.003406870307518184,0.0001633968631018501
2026-08-17T14:00:00+00:00,775.425,-0.0031047516198705605,0.00016534210873819788
2026-08-17T14:05:00+00:00,775.435,-0.0030918955055024844,0.00016728735437454567
2026-08-17T14:10:00+00:00,775.63,-0.0028412012753266103,0.00016923260001067142
2026-08-17T14:15:00+00:00,775.405,-0.0031304638486064906,0.0001711778456470192
2026-08-17T14:20:00+00:00,775.235,-0.003349017792862341,0.000173123091283367
2026-08-17T14:25:00+00:00,775.46,-0.0030597552195824607,0.00017506833691949275
2026-08-17T14:30:00+00:00,775.565,-0.0029247660187184943,0.00017701358255584054
2026-08-17T14:35:00+00:00,775.08,-0.003548287565566133,0.00017895882819218834
2026-08-17T14:40:00+00:00,775.155,-0.0034518667078062837,0.00018090407382853613
2026-08-17T14:45:00+00:00,775.305,-0.0032590249922864745,0.00018284931946466187
2026-08-17T14:50:00+00:00,774.92,-0.003753985395454129,0.00018479456510078762
2026-08-17T14:55:00+00:00,775.27,-0.0033040213925743522,0.00018673981073735746
2026-08-17T15:00:00+00:00,775.515,-0.0029890465905585417,0.0001886850563734832
2026-08-17T15:05:00+00:00,775.37,-0.0031754602488943684,0.000190630302009831
2026-08-17T15:10:00+00:00,775.32,-0.003239740820734305,0.00019257554764595675
2026-08-17T15:15:00+00:00,775.74,-0.0026997840172786614,0.00019452079328252658
2026-08-17T15:20:00+00:00,775.715,-0.002731924303198574,0.00019646603891865233
2026-08-17T15:25:00+00:00,775.765,-0.0026676437313586376,0.00019841128455477808
2026-08-17T15:30:00+00:00,775.23,-0.0033554458500463236,0.00020035653019134791
2026-08-17T15:35:00+00:00,775.02,-0.0036254242517742563,0.00020230177582747366
2026-08-17T15:40:00+00:00,775.095,-0.003529003394014185,0.00020424702146382145
2026-08-17T15:45:00+00:00,775.11,-0.0035097192224622376,0.0002061922670999472
2026-08-17T15:50:00+00:00,775.37,-0.0031754602488943684,0.000208137512736295
2026-08-17T15:55:00+00:00,775.32,-0.003239740820734305,0.00021008275837264279
2026-08-17T16:00:00+00:00,775.22,-0.0033683019644142886,0.00021202800400876853
2026-08-17T16:05:00+00:00,775.12,-0.0034968631080942725,0.00021397324964511633
2026-08-17T16:10:00+00:00,775.395,-0.0031433199629744557,0.00021591849528146412
2026-08-17T16:15:00+00:00,775.5,-0.0030083307621104893,0.00021786374091758987
2026-08-17T16:20:00+00:00,775.37,-0.0031754602488943684,0.00021980898655393766
2026-08-17T16:25:00+00:00,775.3,-0.003265453049470457,0.00022175423219028545
2026-08-17T16:30:00+00:00,775.11,-0.0035097192224622376,0.00022369947782663324
2026-08-17T16:35:00+00:00,775.28,-0.003291165278206387,0.000225644723462759
2026-08-17T16:40:00+00:00,774.94,-0.003728273166718088,0.00022758996909888474
2026-08-17T16:45:00+00:00,775.03,-0.00361256813740618,0.00022953521473545457
2026-08-17T16:50:00+00:00,774.87,-0.0038182659672940655,0.00023148046037158032
2026-08-17T16:55:00+00:00,774.67,-0.004075388254654033,0.0002334257060079281
2026-08-17T17:00:00+00:00,774.67,-0.004075388254654033,0.00023537095164405386
2026-08-17T17:05:00+00:00,774.58,-0.00419109328396583,0.00023731619728040165
2026-08-17T17:10:00+00:00,774.3,-0.00455106448626974,0.00023926144291674944
2026-08-17T17:15:00+00:00,774.24,-0.004628201172477642,0.0002412066885528752
2026-08-17T17:20:00+00:00,773.75,-0.005258150776509374,0.00024315193418944503
2026-08-17T17:25:00+00:00,773.58,-0.005476704720765224,0.0002450971798255708
2026-08-17T17:30:00+00:00,773.43,-0.0056695464362852555,0.0002470424254616965
2026-08-17T17:35:00+00:00,773.16,-0.006016661524220979,0.0002489876710980443
2026-08-17T17:40:00+00:00,773.78,-0.0052195824334053675,0.0002509329167343921
2026-08-17T17:45:00+00:00,773.5,-0.005579553635709167,0.0002528781623707399
2026-08-17T17:50:00+00:00,773.51,-0.005566697521341202,0.00025482340800686565
2026-08-17T17:55:00+00:00,773.41,-0.005695258665021186,0.0002567686536429914
2026-08-17T18:00:00+00:00,773.41,-0.005695258665021186,0.00025871389927956123
2026-08-17T18:05:00+00:00,773.37,-0.005746683122493046,0.000260659144915687
2026-08-17T18:10:00+00:00,773.68,-0.005348143577085351,0.00026260439055203477
2026-08-17T18:15:00+00:00,773.57,-0.005489560835133189,0.00026454963618838256
2026-08-17T18:20:00+00:00,773.72,-0.005296719119613269,0.0002664948818245083
2026-08-17T18:25:00+00:00,773.6,-0.005450992492029183,0.0002684401274608561
2026-08-17T18:30:00+00:00,773.3,-0.0058366759230691345,0.00027038537309698185
2026-08-17T18:35:00+00:00,773.47,-0.005618121978813173,0.0002723306187335517
2026-08-17T18:40:00+00:00,773.595,-0.0054574205492131656,0.00027427586436967744
2026-08-17T18:45:00+00:00,773.71,-0.005309575233981234,0.00027622111000602523
2026-08-17T18:50:00+00:00,773.59,-0.005463848606397148,0.000278166355642151
2026-08-17T18:55:00+00:00,773.535,-0.005534557235421289,0.00028011160127849877
2026-08-17T19:00:00+00:00,773.34,-0.005785251465597052,0.00028205684691484656
2026-08-17T19:05:00+00:00,773.325,-0.005804535637149,0.0002840020925509723
2026-08-17T19:10:00+00:00,773.21,-0.005952380952380931,0.00028594733818754214
2026-08-17T19:15:00+00:00,773.405,-0.005701686722205168,0.0002878925838236679
2026-08-17T19:20:00+00:00,773.29,-0.0058495320374371,0.00028983782945979364
2026-08-17T19:25:00+00:00,773.13,-0.006055229867324985,0.00029178307509614143
2026-08-17T19:30:00+00:00,772.97,-0.006260927697212759,0.0002937283207324892
2026-08-17T19:35:00+00:00,773.02,-0.006196647125372934,0.000295673566368837
2026-08-17T19:40:00+00:00,772.995,-0.0062287874112928465,0.00029761881200496276
2026-08-17T19:45:00+00:00,773.33,-0.005798107579965017,0.0002995640576410885
2026-08-17T19:50:00+00:00,772.755,-0.0065373341561246745,0.00030150930327765835
2026-08-17T19:55:00+00:00,772.62,-0.006710891700092647,0.0003034545489137841
2026-08-17T20:00:00+00:00,772.75,-0.006543762213308657,0.0003053997945501319
2026-08-18T13:30:00+00:00,768.57,-0.011917618019129828,0.0003073450401864797
2026-08-18T13:35:00+00:00,769.1,-0.011236243957626235,0.0003092895797811579
2026-08-18T13:40:00+00:00,768.75,-0.011686207960506012,0.00031123411937605816
2026-08-18T13:45:00+00:00,768.5,-0.012007610819705916,0.0003131786589707364
2026-08-18T13:50:00+00:00,768.51,-0.011994754705337951,0.00031512319856563664
2026-08-18T13:55:00+00:00,768.48,-0.012033323048441846,0.00031706773816031486
2026-08-18T14:00:00+00:00,768.91,-0.011480510130618238,0.0003190122777552151
2026-08-18T14:05:00+00:00,768.61,-0.011866193561657967,0.00032095681734989334
2026-08-18T14:10:00+00:00,768.14,-0.012470430936953658,0.0003229013569447936
2026-08-18T14:15:00+00:00,768.64,-0.011827625218553961,0.0003248458965394718
2026-08-18T14:20:00+00:00,768.8,-0.011621927388666187,0.0003267904361343721
2026-08-18T14:25:00+00:00,768.58,-0.011904761904761862,0.0003287349757290503
2026-08-18T14:30:00+00:00,768.92,-0.011467654016250273,0.00033067951532395057
2026-08-18T14:35:00+00:00,769.085,-0.011255528129178183,0.0003326240549186288
2026-08-18T14:40:00+00:00,768.4,-0.0121361719633859,0.00033456859451352905
2026-08-18T14:45:00+00:00,768.47,-0.012046179162809811,0.00033651313410820727
2026-08-18T14:50:00+00:00,767.97,-0.012688984881209509,0.00033845767370310753
2026-08-18T14:55:00+00:00,767.88,-0.012804689910521527,0.00034040221329778575
2026-08-18T15:00:00+00:00,768.235,-0.012348297850457657,0.000342346752892686
2026-08-18T15:05:00+00:00,767.83,-0.012868970482361353,0.00034429129248736423
2026-08-18T15:10:00+00:00,767.73,-0.012997531626041336,0.0003462358320822645
2026-08-18T15:15:00+00:00,767.48,-0.01331893448524124,0.0003481803716769427
2026-08-18T15:20:00+00:00,767.63,-0.01312609276972132,0.000350124911271843
2026-08-18T15:25:00+00:00,767.85,-0.012843258253625423,0.0003520694508665212
2026-08-18T15:30:00+00:00,767.88,-0.012804689910521527,0.00035401399046142146
2026-08-18T15:35:00+00:00,767.835,-0.01286254242517737,0.0003559585300560997
2026-08-18T15:40:00+00:00,768.07,-0.012560423737529525,0.00035790306965099994
2026-08-18T15:45:00+00:00,768.4,-0.0121361719633859,0.00035984760924567816
2026-08-18T15:50:00+00:00,768.55,-0.01194333024786598,0.0003617921488403564
2026-08-18T15:55:00+00:00,768.37,-0.012174740306489795,0.00036373668843525664
2026-08-18T16:00:00+00:00,768.59,-0.011891905790393897,0.00036568122802993486
2026-08-18T16:05:00+00:00,768.44,-0.012084747505913818,0.00036762576762505716
2026-08-18T16:10:00+00:00,768.56,-0.011930474133498015,0.0003695703072197354
2026-08-18T16:15:00+00:00,768.27,-0.012303301450169779,0.00037151484681463565
2026-08-18T16:20:00+00:00,768.62,-0.011853337447290002,0.00037345938640931386
2026-08-18T16:25:00+00:00,768.23,-0.01235472590764164,0.00037540392600421413
2026-08-18T16:30:00+00:00,768.31,-0.012251876992697808,0.00037734846559889235
2026-08-18T16:35:00+00:00,768.52,-0.011981898590969875,0.0003792930051937926
2026-08-18T16:40:00+00:00,768.36,-0.01218759642085776,0.00038123754478847083
2026-08-18T16:45:00+00:00,768.76,-0.011673351846138047,0.0003831820843833711
2026-08-18T16:50:00+00:00,768.825,-0.011589787102746052,0.0003851266239780493
2026-08-18T16:55:00+00:00,768.63,-0.011840481332922037,0.00038707116357294957
2026-08-18T17:00:00+00:00,768.645,-0.011821197161369978,0.0003890157031676278
2026-08-18T17:05:00+00:00,768.71,-0.011737632417977983,0.00039096024276252805
2026-08-18T17:10:00+00:00,768.64,-0.011827625218553961,0.00039290478235720627
2026-08-18T17:15:00+00:00,768.39,-0.012149028077753865,0.00039484932195210654
2026-08-18T17:20:00+00:00,768.24,-0.012341869793273674,0.00039679386154678475
2026-08-18T17:25:00+00:00,768.29,-0.012277589221433849,0.000398738401141685
2026-08-18T17:30:00+00:00,768.24,-0.012341869793273674,0.00040068294073636324
2026-08-18T17:35:00+00:00,768.215,-0.012374010079193698,0.0004026274803312635
2026-08-18T17:40:00+00:00,768.12,-0.012496143165689588,0.0004045720199259417
2026-08-18T17:45:00+00:00,768.0,-0.012650416538105613,0.000406516559520842
2026-08-18T17:50:00+00:00,768.09,-0.012534711508793595,0.0004084610991155202
2026-08-18T17:55:00+00:00,767.63,-0.01312609276972132,0.0004104056387101984
2026-08-18T18:00:00+00:00,767.635,-0.013119664712537338,0.0004123501783050987
2026-08-18T18:05:00+00:00,767.46,-0.01334464671397717,0.0004142947178997769
2026-08-18T18:10:00+00:00,768.01,-0.012637560423737537,0.00041623925749467716
2026-08-18T18:15:00+00:00,768.31,-0.012251876992697808,0.0004181837970893554
2026-08-18T18:20:00+00:00,768.265,-0.012309729507353762,0.00042012833668425564
2026-08-18T18:25:00+00:00,768.32,-0.012239020878329732,0.00042207287627893386
2026-08-18T18:30:00+00:00,768.23,-0.01235472590764164,0.0004240174158738341
2026-08-18T18:35:00+00:00,768.32,-0.012239020878329732,0.00042596195546851234
2026-08-18T18:40:00+00:00,768.13,-0.012483287051321623,0.0004279064950634126
2026-08-18T18:45:00+00:00,768.07,-0.012560423737529525,0.0004298510346580908
2026-08-18T18:50:00+00:00,767.8,-0.01290753882546547,0.0004317955742529911
2026-08-18T18:55:00+00:00,767.75,-0.012971819397305406,0.0004337401138476693
2026-08-18T19:00:00+00:00,767.795,-0.012913966882649452,0.00043568465344256957
2026-08-18T19:05:00+00:00,767.82,-0.012881826596729429,0.0004376291930372478
2026-08-18T19:10:00+00:00,767.62,-0.013138948884089285,0.00043957373263214805
2026-08-18T19:15:00+00:00,767.84,-0.012856114367993388,0.00044151827222682627
2026-08-18T19:20:00+00:00,768.15,-0.012457574822585693,0.00044346281182172653
2026-08-18T19:25:00+00:00,768.06,-0.012573279851897712,0.00044540735141640475
2026-08-18T19:30:00+00:00,767.905,-0.012772549624601504,0.000447351891011305
2026-08-18T19:35:00+00:00,767.96,-0.012701840995577474,0.00044929643060598323
2026-08-18T19:40:00+00:00,767.9,-0.012778977681785486,0.0004512409702008835
2026-08-18T19:45:00+00:00,767.93,-0.01274040933868159,0.0004531855097955617
2026-08-18T19:50:00+00:00,767.415,-0.013402499228633236,0.000455130049390462
2026-08-18T19:55:00+00:00,767.365,-0.013466779800473172,0.0004570745889851402
2026-08-18T20:00:00+00:00,767.35,-0.01348606397202512,0.00045901912858004046
2026-08-19T13:30:00+00:00,770.045,-0.010021341149850982,0.0004609636681747187
2026-08-19T13:35:00+00:00,769.54,-0.010670574925434662,0.0004629077884779065
2026-08-19T13:40:00+00:00,770.15,-0.009886351948987016,0.00046485190878087224
2026-08-19T13:45:00+00:00,768.55,-0.01194333024786598,0.00046679602908406004
2026-08-19T13:50:00+00:00,769.72,-0.010439164866810624,0.00046874014938724784
2026-08-19T13:55:00+00:00,770.045,-0.010021341149850982,0.0004706842696902136
2026-08-19T14:00:00+00:00,769.73,-0.010426308752442659,0.0004726283899934014
2026-08-19T14:05:00+00:00,769.775,-0.010368456237786816,0.0004745725102965892
2026-08-19T14:10:00+00:00,768.76,-0.011673351846138047,0.00047651663059955496
2026-08-19T14:15:00+00:00,769.795,-0.010342744009050775,0.00047846075090274276
2026-08-19T14:20:00+00:00,769.72,-0.010439164866810624,0.00048040487120593056
2026-08-19T14:25:00+00:00,769.965,-0.010124190064794814,0.00048234899150911836
2026-08-19T14:30:00+00:00,770.08,-0.009976344749562882,0.0004842931118120841
2026-08-19T14:35:00+00:00,771.14,-0.008613596626555697,0.0004862372321152719
2026-08-19T14:40:00+00:00,771.08,-0.008690733312763488,0.0004881813524184597
2026-08-19T14:45:00+00:00,770.73,-0.009140697315643376,0.0004901254727214255
2026-08-19T14:50:00+00:00,771.36,-0.0083307621104598,0.0004920695930246133
2026-08-19T14:55:00+00:00,772.19,-0.007263704617916256,0.0004940137133278011
2026-08-19T15:00:00+00:00,772.16,-0.007302272961020373,0.0004959578336307668
2026-08-19T15:05:00+00:00,771.53,-0.00811220816620395,0.0004979019539339546
2026-08-19T15:10:00+00:00,771.78,-0.007790805307004045,0.0004998460742371424
2026-08-19T15:15:00+00:00,771.505,-0.008144348452123862,0.0005017901945401082
2026-08-19T15:20:00+00:00,771.2,-0.008536459940347574,0.000503734314843296
2026-08-19T15:25:00+00:00,771.065,-0.008710017484315546,0.0005056784351464838
2026-08-19T15:30:00+00:00,770.79,-0.009063560629435474,0.0005076225554494496
2026-08-19T15:35:00+00:00,770.56,-0.009359251259899337,0.0005095666757526374
2026-08-19T15:40:00+00:00,770.5,-0.009436387946107239,0.0005115107960558252
2026-08-19T15:45:00+00:00,770.46,-0.009487812403579099,0.0005134549163587909
2026-08-19T15:50:00+00:00,770.11,-0.009937776406458987,0.0005153990366619787
2026-08-19T15:55:00+00:00,770.62,-0.009282114573691325,0.0005173431569651665
2026-08-19T16:00:00+00:00,771.29,-0.008420754911035777,0.0005192872772683543
2026-08-19T16:05:00+00:00,771.48,-0.008176488738043886,0.0005212313975713201
2026-08-19T16:10:00+00:00,771.6,-0.00802221536562786,0.0005231755178745079
2026-08-19T16:15:00+00:00,771.85,-0.0077008125064280675,0.0005251196381776957
2026-08-19T16:20:00+00:00,771.36,-0.0083307621104598,0.0005270637584806614
2026-08-19T16:25:00+00:00,770.745,-0.009121413144091317,0.0005290078787838493
2026-08-19T16:30:00+00:00,770.73,-0.009140697315643376,0.000530951999087037
2026-08-19T16:35:00+00:00,770.51,-0.009423531831739274,0.0005328961193900028
2026-08-19T16:40:00+00:00,770.395,-0.009571377146971205,0.0005348402396931906
2026-08-19T16:45:00+00:00,770.22,-0.009796359148411038,0.0005367843599963784
2026-08-19T16:50:00+00:00,769.88,-0.01023346703692285,0.0005387284802993442
2026-08-19T16:55:00+00:00,769.73,-0.010426308752442659,0.000540672600602532
2026-08-19T17:00:00+00:00,769.9,-0.010207754808186809,0.0005426167209057198
2026-08-19T17:05:00+00:00,769.5,-0.010721999382906522,0.0005445608412086855
2026-08-19T17:10:00+00:00,769.835,-0.010291319551578693,0.0005465049615118733
2026-08-19T17:15:00+00:00,769.54,-0.010670574925434662,0.0005484490818150611
2026-08-19T17:20:00+00:00,769.265,-0.011024118070554367,0.0005503932021180269
2026-08-19T17:25:00+00:00,769.54,-0.010670574925434662,0.0005523373224212147
2026-08-19T17:30:00+00:00,769.22,-0.011081970585210321,0.0005542814427244025
2026-08-19T17:35:00+00:00,769.245,-0.011049830299290408,0.0005562255630273683
2026-08-19T17:40:00+00:00,769.58,-0.01061915046796258,0.0005581696833305561
2026-08-19T17:45:00+00:00,769.55,-0.010657718811066696,0.0005601138036337439
2026-08-19T17:50:00+00:00,769.6,-0.010593438239226538,0.0005620579239369317
2026-08-19T17:55:00+00:00,769.41,-0.01083770441221854,0.0005640020442398974
2026-08-19T18:00:00+00:00,770.12,-0.00992492029209091,0.0005659461645430852
2026-08-19T18:05:00+00:00,768.985,-0.011384089272858167,0.000567890284846273
2026-08-19T18:10:00+00:00,769.44,-0.010799136069114423,0.0005698344051492388
2026-08-19T18:15:00+00:00,769.34,-0.010927697212794407,0.0005717785254524266
2026-08-19T18:20:00+00:00,769.29,-0.010991977784634455,0.0005737226457556144
2026-08-19T18:25:00+00:00,769.58,-0.01061915046796258,0.0005756667660585801
2026-08-19T18:30:00+00:00,769.97,-0.010117762007610831,0.0005776108863617679
2026-08-19T18:35:00+00:00,769.82,-0.010310603723130751,0.0005795550066649557
2026-08-19T18:40:00+00:00,769.8,-0.010336315951866792,0.0005814991269679215
2026-08-19T18:45:00+00:00,769.775,-0.010368456237786816,0.0005834432472711093
2026-08-19T18:50:00+00:00,769.68,-0.010490589324282706,0.0005853873675742971
2026-08-19T18:55:00+00:00,769.52,-0.010696287154170592,0.0005873314878772629
2026-08-19T19:00:00+00:00,769.62,-0.010567726010490608,0.0005892756081804507
2026-08-19T19:05:00+00:00,769.96,-0.010130618121978796,0.0005912197284836385
2026-08-19T19:10:00+00:00,769.685,-0.010484161267098724,0.0005931638487866042
2026-08-19T19:15:00+00:00,770.01,-0.01006633755013886,0.000595107969089792
2026-08-19T19:20:00+00:00,769.94,-0.010156330350714726,0.0005970520893929798
2026-08-19T19:25:00+00:00,769.625,-0.010561297953306625,0.0005989962096961676
2026-08-19T19:30:00+00:00,770.175,-0.009854211663067103,0.0006009403299991334
2026-08-19T19:35:00+00:00,769.22,-0.011081970585210321,0.0006028844503023212
2026-08-19T19:40:00+00:00,769.005,-0.011358377044122236,0.000604828570605509
2026-08-19T19:45:00+00:00,768.74,-0.011699064074874088,0.0006067726909084747
2026-08-19T19:50:00+00:00,768.74,-0.011699064074874088,0.0006087168112118846
2026-08-19T19:55:00+00:00,769.09,-0.0112491000719942,0.0006106609315150724
2026-08-19T20:00:00+00:00,769.13,-0.01119767561452234,0.0006126050518180381
2026-08-20T13:30:00+00:00,767.05,-0.01387174740306496,0.000614549172121226
2026-08-20T13:35:00+00:00,767.285,-0.013569628715417115,0.0006164936806289933
2026-08-20T13:40:00+00:00,767.41,-0.013408927285817218,0.0006184381891365387
2026-08-20T13:45:00+00:00,767.13,-0.013768898488121017,0.0006203826976443061
2026-08-20T13:50:00+00:00,766.96,-0.013987452432376868,0.0006223272061518514
2026-08-20T13:55:00+00:00,766.57,-0.014488840892728505,0.0006242717146596188
2026-08-20T14:00:00+00:00,766.005,-0.015215211354520308,0.0006262162231673862
2026-08-20T14:05:00+00:00,766.645,-0.014392420034968656,0.0006281607316749316
2026-08-20T14:10:00+00:00,765.99,-0.015234495526072256,0.000630105240182699
2026-08-20T14:15:00+00:00,765.455,-0.01592229764475983,0.0006320497486904664
2026-08-20T14:20:00+00:00,766.75,-0.01425743083410469,0.0006339942571980117
2026-08-20T14:25:00+00:00,766.22,-0.014938804895608393,0.0006359387657057791
2026-08-20T14:30:00+00:00,766.105,-0.015086650210840324,0.0006378832742133245
2026-08-20T14:35:00+00:00,766.96,-0.013987452432376868,0.0006398277827210919
2026-08-20T14:40:00+00:00,767.15,-0.013743186259385087,0.0006417722912288593
2026-08-20T14:45:00+00:00,766.73,-0.01428314306284073,0.0006437167997364046
2026-08-20T14:50:00+00:00,766.74,-0.014270286948472766,0.000645661308244172
2026-08-20T14:55:00+00:00,767.2,-0.013678905687544929,0.0006476058167519394
2026-08-20T15:00:00+00:00,767.895,-0.012785405738969469,0.0006495503252594848
2026-08-20T15:05:00+00:00,766.57,-0.014488840892728505,0.0006514948337672521
2026-08-20T15:10:00+00:00,766.705,-0.014315283348760643,0.0006534393422750195
2026-08-20T15:15:00+00:00,766.845,-0.0141352977476088,0.0006553838507827869
2026-08-20T15:20:00+00:00,766.32,-0.01481024375192841,0.0006573283592905543
2026-08-20T15:25:00+00:00,766.69,-0.014334567520312591,0.0006592728677980997
2026-08-20T15:30:00+00:00,766.045,-0.015163786897048337,0.0006612173763058671
2026-08-20T15:35:00+00:00,765.61,-0.015723027872055928,0.0006631618848136345
2026-08-20T15:40:00+00:00,765.38,-0.01601871850251979,0.0006651063933211798
2026-08-20T15:45:00+00:00,765.53,-0.01582587678699998,0.0006670509018289472
2026-08-20T15:50:00+00:00,765.835,-0.015433765298776048,0.0006689954103364926
2026-08-20T15:55:00+00:00,765.81,-0.015465905584696182,0.00067093991884426
2026-08-20T16:00:00+00:00,765.54,-0.015813020672632017,0.0006728844273520274
2026-08-20T16:05:00+00:00,765.9,-0.015350200555384164,0.0006748289358595727
2026-08-20T16:10:00+00:00,765.51,-0.015851589015735912,0.0006767734443673401
2026-08-20T16:15:00+00:00,765.615,-0.015716599814871945,0.0006787179528751075
2026-08-20T16:20:00+00:00,766.045,-0.015163786897048337,0.0006806624613826529
2026-08-20T16:25:00+00:00,765.745,-0.015549470328088066,0.0006826069698904202
2026-08-20T16:30:00+00:00,766.1,-0.015093078268024307,0.0006845514783979656
2026-08-20T16:35:00+00:00,766.29,-0.014848812095032526,0.000686495986905733
2026-08-20T16:40:00+00:00,766.625,-0.014418132263704697,0.0006884404954135004
2026-08-20T16:45:00+00:00,766.36,-0.014758819294456438,0.0006903850039210457
2026-08-20T16:50:00+00:00,766.16,-0.015015941581816405,0.0006923295124288131
2026-08-20T16:55:00+00:00,766.4,-0.014707394836984578,0.0006942740209365805
2026-08-20T17:00:00+00:00,766.02,-0.01519592718296825,0.0006962185294441259
2026-08-20T17:05:00+00:00,765.68,-0.01563303507148006,0.0006981630379518933
2026-08-20T17:10:00+00:00,765.51,-0.015851589015735912,0.0007001075464594386
2026-08-20T17:15:00+00:00,764.865,-0.016680808392471436,0.000702052054967206
2026-08-20T17:20:00+00:00,765.08,-0.01640440193355963,0.0007039965634749734
2026-08-20T17:25:00+00:00,764.74,-0.016841509822071443,0.0007059410719825188
2026-08-20T17:30:00+00:00,764.61,-0.017008639308855322,0.0007078855804902862
2026-08-20T17:35:00+00:00,764.51,-0.017137200452535306,0.0007098300889978315
2026-08-20T17:40:00+00:00,764.44,-0.017227193253111173,0.0007117745975055989
2026-08-20T17:45:00+00:00,764.72,-0.016867222050807373,0.0007137191060133663
2026-08-20T17:50:00+00:00,764.755,-0.016822225650519385,0.0007156636145209117
2026-08-20T17:55:00+00:00,764.54,-0.0170986321094313,0.000717608123028679
2026-08-20T18:00:00+00:00,764.105,-0.017657873084439002,0.0007195526315364464
2026-08-20T18:05:00+00:00,763.73,-0.01813997737323869,0.0007214971400439918
2026-08-20T18:10:00+00:00,763.585,-0.01832639103157463,0.0007234416485517592
2026-08-20T18:15:00+00:00,763.67,-0.018217114059446815,0.0007253861570593045
2026-08-20T18:20:00+00:00,763.62,-0.01828139463128664,0.0007273306655670719
2026-08-20T18:25:00+00:00,763.53,-0.01839709966059866,0.0007292751740748393
2026-08-20T18:30:00+00:00,763.32,-0.01866707806232637,0.0007312196825826067
2026-08-20T18:35:00+00:00,763.51,-0.01842281188933459,0.0007331641910903741
2026-08-20T18:40:00+00:00,763.58,-0.018332819088758612,0.0007351086995981415
2026-08-20T18:45:00+00:00,763.73,-0.01813997737323869,0.0007370532081056869
2026-08-20T18:50:00+00:00,763.6,-0.01830710686002268,0.0007389977166134543
2026-08-20T18:55:00+00:00,763.26,-0.018744214748534493,0.0007409422251209996
2026-08-20T19:00:00+00:00,763.42,-0.018538516918646608,0.000742886733628767
2026-08-20T19:05:00+00:00,763.6,-0.01830710686002268,0.0007448312421365344
2026-08-20T19:10:00+00:00,763.55,-0.01837138743186273,0.0007467757506440797
2026-08-20T19:15:00+00:00,763.32,-0.01866707806232637,0.0007487202591518471
2026-08-20T19:20:00+00:00,763.67,-0.018217114059446815,0.0007506647676596145
2026-08-20T19:25:00+00:00,763.49,-0.01844852411807063,0.0007526092761671599
2026-08-20T19:30:00+00:00,763.19,-0.01883420754911036,0.0007545537846749273
2026-08-20T19:35:00+00:00,763.49,-0.01844852411807063,0.0007564982931824726
2026-08-20T19:40:00+00:00,763.04,-0.01902704926463039,0.00075844280169024
2026-08-20T19:45:00+00:00,763.37,-0.018602797490486545,0.0007603873101980074
2026-08-20T19:50:00+00:00,762.9,-0.019207034865782235,0.0007623318187055528
2026-08-20T19:55:00+00:00,762.62,-0.019567006068086035,0.0007642763272133202
2026-08-20T20:00:00+00:00,762.72,-0.01943844492440605,0.0007662208357210876
2026-08-21T13:30:00+00:00,764.89,-0.016648668106551523,0.0007681653442286329
2026-08-21T13:35:00+00:00,765.08,-0.01640440193355963,0.0007701107796314055
2026-08-21T13:40:00+00:00,765.15,-0.016314409132983765,0.0007720562150341781
2026-08-21T13:45:00+00:00,764.965,-0.016552247248791563,0.0007740016504369507
2026-08-21T13:50:00+00:00,764.38,-0.017304329939319185,0.0007759470858397233
2026-08-21T13:55:00+00:00,764.57,-0.017060063766327294,0.0007778925212424959
2026-08-21T14:00:00+00:00,764.905,-0.016629383934999575,0.0007798379566454905
2026-08-21T14:05:00+00:00,765.24,-0.016198704103671746,0.000781783392048041
2026-08-21T14:10:00+00:00,764.72,-0.016867222050807373,0.0007837288274510357
2026-08-21T14:15:00+00:00,764.59,-0.017034351537591252,0.0007856742628538083
2026-08-21T14:20:00+00:00,764.755,-0.016822225650519385,0.0007876196982565808
2026-08-21T14:25:00+00:00,764.64,-0.016970070965751316,0.0007895651336593534
2026-08-21T14:30:00+00:00,764.48,-0.0171757687956392,0.000791510569062126
2026-08-21T14:35:00+00:00,764.335,-0.01736218245397514,0.0007934560044648986
2026-08-21T14:40:00+00:00,764.55,-0.017085775995063335,0.0007954014398678932
2026-08-21T14:45:00+00:00,765.04,-0.016455826391031714,0.0007973468752704438
2026-08-21T14:50:00+00:00,764.94,-0.016584387534711476,0.0007992923106734384
2026-08-21T14:55:00+00:00,765.815,-0.015459477527512089,0.000801237746075989
2026-08-21T15:00:00+00:00,766.24,-0.014913092666872352,0.0008031831814789836
2026-08-21T15:05:00+00:00,765.825,-0.015446621413144124,0.0008051286168817562
2026-08-21T15:10:00+00:00,765.7,-0.01560732284274402,0.0008070740522845288
2026-08-21T15:15:00+00:00,765.595,-0.015742312043607987,0.0008090194876873014
2026-08-21T15:20:00+00:00,765.505,-0.015858017072919894,0.000810964923090296
2026-08-21T15:25:00+00:00,765.92,-0.015324488326648233,0.0008129103584928465
2026-08-21T15:30:00+00:00,766.47,-0.014617402036408489,0.0008148557938958412
2026-08-21T15:35:00+00:00,767.04,-0.013884603517432925,0.0008168012292983917
2026-08-21T15:40:00+00:00,767.3,-0.013550344543865167,0.0008187466647013864
2026-08-21T15:45:00+00:00,767.01,-0.013923171860536931,0.0008206921001041589
2026-08-21T15:50:00+00:00,767.68,-0.013061812197881384,0.0008226375355067095
2026-08-21T15:55:00+00:00,767.2,-0.013678905687544929,0.0008245829709097041
2026-08-21T16:00:00+00:00,766.74,-0.014270286948472766,0.0008265284063122547
2026-08-21T16:05:00+00:00,766.35,-0.014771675408824403,0.0008284738417152493
2026-08-21T16:10:00+00:00,766.335,-0.014790959580376462,0.0008304192771180219
2026-08-21T16:15:00+00:00,766.025,-0.015189499125784267,0.0008323647125207945
2026-08-21T16:20:00+00:00,766.17,-0.01500308546744844,0.0008343101479235671
2026-08-21T16:25:00+00:00,766.445,-0.014649542322328513,0.0008362555833265617
2026-08-21T16:30:00+00:00,766.04,-0.01517021495423232,0.0008382010187291122
2026-08-21T16:35:00+00:00,766.55,-0.014514553121464657,0.0008401464541321069
2026-08-21T16:40:00+00:00,766.38,-0.014733107065720508,0.0008420918895346574
2026-08-21T16:45:00+00:00,766.18,-0.014990229353080475,0.000844037324937652
2026-08-21T16:50:00+00:00,766.02,-0.01519592718296825,0.0008459827603404246
2026-08-21T16:55:00+00:00,766.3,-0.01483595598066445,0.0008479281957431972
2026-08-21T17:00:00+00:00,766.33,-0.014797387637560444,0.0008498736311459698
2026-08-21T17:05:00+00:00,766.375,-0.01473953512290449,0.0008518190665487424
2026-08-21T17:10:00+00:00,766.15,-0.01502879769618437,0.000853764501951515
2026-08-21T17:15:00+00:00,766.14,-0.015041653810552336,0.0008557099373545096
2026-08-21T17:20:00+00:00,765.845,-0.015420909184408083,0.0008576553727570602
2026-08-21T17:25:00+00:00,765.81,-0.015465905584696182,0.0008596008081600548
2026-08-21T17:30:00+00:00,765.545,-0.015806592615448034,0.0008615462435628274
2026-08-21T17:35:00+00:00,765.575,-0.015768024272343917,0.0008634916789656
2026-08-21T17:40:00+00:00,765.655,-0.015665175357400085,0.0008654371143683726
2026-08-21T17:45:00+00:00,765.695,-0.015613750899928003,0.0008673825497711452
2026-08-21T17:50:00+00:00,765.59,-0.01574874010079197,0.0008693279851739177
2026-08-21T17:55:00+00:00,765.505,-0.015858017072919894,0.0008712734205766903
2026-08-21T18:00:00+00:00,765.66,-0.015658747300216103,0.0008732188559794629
2026-08-21T18:05:00+00:00,765.33,-0.016082999074359727,0.0008751642913822355
2026-08-21T18:10:00+00:00,765.34,-0.016070142959991762,0.0008771097267850081
2026-08-21T18:15:00+00:00,765.47,-0.015903013473207883,0.0008790551621877807
2026-08-21T18:20:00+00:00,765.495,-0.01587087318728786,0.0008810005975907753
2026-08-21T18:25:00+00:00,765.285,-0.016140851589015792,0.0008829460329933259
2026-08-21T18:30:00+00:00,765.175,-0.01628226884706374,0.0008848914683963205
2026-08-21T18:35:00+00:00,765.225,-0.016217988275223694,0.000886836903798871
2026-08-21T18:40:00+00:00,765.41,-0.015980150159415896,0.0008887823392018657
2026-08-21T18:45:00+00:00,765.65,-0.015671603414584068,0.0008907277746046383
2026-08-21T18:50:00+00:00,765.885,-0.015369484726936222,0.0008926732100074108
2026-08-21T18:55:00+00:00,766.22,-0.014938804895608393,0.0008946186454101834
2026-08-21T19:00:00+00:00,766.03,-0.015183071068600285,0.0008965640808131781
2026-08-21T19:05:00+00:00,766.11,-0.015080222153656342,0.0008985095162157286
2026-08-21T19:10:00+00:00,766.04,-0.01517021495423232,0.0009004549516187232
2026-08-21T19:15:00+00:00,765.97,-0.015260207754808186,0.0009024003870212738
2026-08-21T19:20:00+00:00,766.225,-0.01493237683842441,0.0009043458224242684
2026-08-21T19:25:00+00:00,766.04,-0.01517021495423232,0.000906291257827041
2026-08-21T19:30:00+00:00,766.085,-0.015112362439576255,0.0009082366932298136
2026-08-21T19:35:00+00:00,766.275,-0.014868096266584474,0.0009101821286325862
2026-08-21T19:40:00+00:00,766.46,-0.014630258150776454,0.0009121275640353588
2026-08-21T19:45:00+00:00,766.66,-0.014373135863416708,0.0009140729994381314
2026-08-21T19:50:00+00:00,765.89,-0.01536305666975224,0.000916018434841126
2026-08-21T19:55:00+00:00,765.64,-0.015684459528952033,0.0009179638702436765
2026-08-21T20:00:00+00:00,765.54,-0.015813020672632017,0.0009199093056466712
2026-08-24T13:30:00+00:00,763.5,-0.018435668003702554,0.0009218547410494438
2026-08-24T13:35:00+00:00,763.36,-0.01861565360485451,0.0009238004752154527
2026-08-24T13:40:00+00:00,762.19,-0.020119818985909643,0.0009257462093816837
2026-08-24T13:45:00+00:00,763.105,-0.018943484521238285,0.0009276919435476927
2026-08-24T13:50:00+00:00,763.485,-0.018454952175254613,0.0009296376777137016
2026-08-24T13:55:00+00:00,763.39,-0.018577085261750503,0.0009315834118797106
2026-08-24T14:00:00+00:00,762.97,-0.019117042065206258,0.0009335291460459416
2026-08-24T14:05:00+00:00,762.76,-0.01938702046693408,0.0009354748802119506
2026-08-24T14:10:00+00:00,762.96,-0.019129898179574223,0.0009374206143781816
2026-08-24T14:15:00+00:00,762.85,-0.019271315437622172,0.0009393663485441905
2026-08-24T14:20:00+00:00,762.825,-0.019303455723542084,0.0009413120827104215
2026-08-24T14:25:00+00:00,762.905,-0.019200606808598253,0.0009432578168764305
2026-08-24T14:30:00+00:00,763.62,-0.01828139463128664,0.0009452035510424395
2026-08-24T14:35:00+00:00,763.655,-0.018236398230998763,0.0009471492852084484
2026-08-24T14:40:00+00:00,763.755,-0.01810783708731878,0.0009490950193746794
2026-08-24T14:45:00+00:00,763.83,-0.01801141622955882,0.0009510407535406884
2026-08-24T14:50:00+00:00,763.6,-0.01830710686002268,0.0009529864877069194
2026-08-24T14:55:00+00:00,763.68,-0.01820425794507874,0.0009549322218729284
2026-08-24T15:00:00+00:00,763.04,-0.01902704926463039,0.0009568779560391594
2026-08-24T15:05:00+00:00,763.005,-0.01907204566491827,0.0009588236902051683
2026-08-24T15:10:00+00:00,762.71,-0.019451301038774016,0.0009607694243711773
2026-08-24T15:15:00+00:00,762.675,-0.019496297439062116,0.0009627151585371863
2026-08-24T15:20:00+00:00,763.095,-0.01895634063560625,0.0009646608927034173
2026-08-24T15:25:00+00:00,763.72,-0.018152833487606657,0.0009666066268694262
2026-08-24T15:30:00+00:00,763.8,-0.018049984572662825,0.0009685523610356572
2026-08-24T15:35:00+00:00,764.03,-0.017754293942198962,0.0009704980952016662
2026-08-24T15:40:00+00:00,764.25,-0.017471459426103064,0.0009724438293678972
2026-08-24T15:45:00+00:00,764.265,-0.017452175254551117,0.0009743895635339062
2026-08-24T15:50:00+00:00,764.32,-0.017381466625527087,0.0009763352976996931
2026-08-24T15:55:00+00:00,764.53,-0.017111488223799265,0.000978281031865924
2026-08-24T16:00:00+00:00,764.96,-0.016558675305975545,0.000980226766031933
2026-08-24T16:05:00+00:00,764.51,-0.017137200452535306,0.000982172500198164
2026-08-24T16:10:00+00:00,764.655,-0.01695078679419937,0.000984118234364173
2026-08-24T16:15:00+00:00,765.065,-0.01642368610511158,0.000986063968530404
2026-08-24T16:20:00+00:00,764.855,-0.016693664506839512,0.000988009702696413
2026-08-24T16:25:00+00:00,764.88,-0.016661524220919488,0.000989955436862644
2026-08-24T16:30:00+00:00,764.56,-0.01707291988069537,0.000991901171028431
2026-08-24T16:35:00+00:00,764.35,-0.01734289828242308,0.000993846905194662
2026-08-24T16:40:00+00:00,764.31,-0.017394322739895163,0.0009957926393606709
2026-08-24T16:45:00+00:00,764.35,-0.01734289828242308,0.0009977383735269019
2026-08-24T16:50:00+00:00,764.15,-0.017600020569783048,0.0009996841076929108
2026-08-24T16:55:00+00:00,764.19,-0.017548596112310966,0.0010016298418591418
2026-08-24T17:00:00+00:00,764.02,-0.017767150056566927,0.0010035755760251508
2026-08-24T17:05:00+00:00,764.45,-0.017214337138743208,0.0010055213101913818
2026-08-24T17:10:00+00:00,764.515,-0.017130772395351324,0.0010074670443571687
2026-08-24T17:15:00+00:00,764.21,-0.017522883883575036,0.0010094127785233997
2026-08-24T17:20:00+00:00,763.6,-0.01830710686002268,0.0010113585126894087
2026-08-24T17:25:00+00:00,763.4,-0.018564229147382538,0.0010133042468556397
2026-08-24T17:30:00+00:00,763.36,-0.01861565360485451,0.0010152499810216487
2026-08-24T17:35:00+00:00,763.39,-0.018577085261750503,0.0010171957151878797
2026-08-24T17:40:00+00:00,763.15,-0.018885632006582442,0.0010191414493538886
2026-08-24T17:45:00+00:00,763.21,-0.01880849532037432,0.0010210871835201196
2026-08-24T17:50:00+00:00,763.2,-0.018821351434742395,0.0010230329176859065
2026-08-24T17:55:00+00:00,763.31,-0.018679934176694557,0.0010249786518519155
2026-08-24T18:00:00+00:00,763.54,-0.018384243546230694,0.0010269243860181465
2026-08-24T18:05:00+00:00,763.94,-0.01786999897151087,0.0010288701201841555
2026-08-24T18:10:00+00:00,764.25,-0.017471459426103064,0.0010308158543503865
2026-08-24T18:15:00+00:00,764.235,-0.017490743597655123,0.0010327615885163954
2026-08-24T18:20:00+00:00,764.615,-0.01700221125167134,0.0010347073226826264
2026-08-24T18:25:00+00:00,764.825,-0.016732232849943407,0.0010366530568486354
2026-08-24T18:30:00+00:00,764.69,-0.01690579039391127,0.0010385987910146444
2026-08-24T18:35:00+00:00,764.23,-0.017497171654839105,0.0010405445251806533
2026-08-24T18:40:00+00:00,764.33,-0.01736861051115912,0.0010424902593468843
2026-08-24T18:45:00+00:00,764.33,-0.01736861051115912,0.0010444359935128933
2026-08-24T18:50:00+00:00,764.15,-0.017600020569783048,0.0010463817276791243
2026-08-24T18:55:00+00:00,764.01,-0.017780006170935003,0.0010483274618451333
2026-08-24T19:00:00+00:00,763.92,-0.01789571120024691,0.0010502731960113643
2026-08-24T19:05:00+00:00,763.9,-0.01792142342898284,0.0010522189301773732
2026-08-24T19:10:00+00:00,764.2,-0.017535739997943,0.0010541646643433822
2026-08-24T19:15:00+00:00,764.1,-0.017664301141622984,0.0010561103985093911
2026-08-24T19:20:00+00:00,764.02,-0.017767150056566927,0.0010580561326756222
2026-08-24T19:25:00+00:00,763.985,-0.017812146456854916,0.0010600018668416311
2026-08-24T19:30:00+00:00,763.74,-0.018127121258870726,0.0010619476010078621
2026-08-24T19:35:00+00:00,763.66,-0.01822997017381478,0.001063893335173871
2026-08-24T19:40:00+00:00,763.69,-0.018191401830710663,0.001065839069340102
2026-08-24T19:45:00+00:00,763.77,-0.01808855291576683,0.001067784803506111
2026-08-24T19:50:00+00:00,763.74,-0.018127121258870726,0.00106973053767212
2026-08-24T19:55:00+00:00,763.52,-0.018409955774966624,0.001071676271838129
2026-08-24T20:00:00+00:00,763.58,-0.018332819088758612,0.00107362200600436
2026-08-25T13:30:00+00:00,766.72,-0.014295999177208696,0.001075567740170369
2026-08-25T13:35:00+00:00,766.18,-0.014990229353080475,0.0010775133160085826
2026-08-25T13:40:00+00:00,766.195,-0.014970945181528306,0.0010794588918465742
2026-08-25T13:45:00+00:00,766.515,-0.014559549521752646,0.0010814044676845658
2026-08-25T13:50:00+00:00,766.01,-0.015208783297336215,0.0010833500435225574
2026-08-25T13:55:00+00:00,765.69,-0.015620178957111985,0.001085295619360771
2026-08-25T14:00:00+00:00,765.46,-0.015915869587575848,0.0010872411951989847
2026-08-25T14:05:00+00:00,765.25,-0.01618584798930378,0.0010891867710369763
2026-08-25T14:10:00+00:00,765.185,-0.016269412732695776,0.0010911323468749679
2026-08-25T14:15:00+00:00,765.47,-0.015903013473207883,0.0010930779227129594
2026-08-25T14:20:00+00:00,765.1,-0.01637868970482359,0.001095023498551173
2026-08-25T14:25:00+00:00,764.7,-0.016892934279543304,0.0010969690743893867
2026-08-25T14:30:00+00:00,764.5,-0.01715005656690327,0.0010989146502273783
2026-08-25T14:35:00+00:00,765.02,-0.016481538619767644,0.00110086022606537
2026-08-25T14:40:00+00:00,764.19,-0.017548596112310966,0.0011028058019035836
2026-08-25T14:45:00+00:00,764.26,-0.0174586033117351,0.0011047513777415752
2026-08-25T14:50:00+00:00,764.715,-0.016873650107991356,0.0011066969535797888
2026-08-25T14:55:00+00:00,764.705,-0.01688650622235932,0.0011086425294177804
2026-08-25T15:00:00+00:00,764.45,-0.017214337138743208,0.001110588105255994
2026-08-25T15:05:00+00:00,764.66,-0.016944358737015386,0.0011125336810939856
2026-08-25T15:10:00+00:00,764.56,-0.01707291988069537,0.0011144792569319772
2026-08-25T15:15:00+00:00,764.85,-0.016700092564023494,0.0011164248327701909
2026-08-25T15:20:00+00:00,764.795,-0.016770801193047524,0.0011183704086081825
2026-08-25T15:25:00+00:00,765.33,-0.016082999074359727,0.0011203159844463961
2026-08-25T15:30:00+00:00,765.085,-0.01639797387637565,0.0011222615602843877
2026-08-25T15:35:00+00:00,765.155,-0.01630798107579967,0.0011242071361223793
2026-08-25T15:40:00+00:00,765.2,-0.016250128561143606,0.001126152711960593
2026-08-25T15:45:00+00:00,764.69,-0.01690579039391127,0.0011280982877985846
2026-08-25T15:50:00+00:00,765.21,-0.01623727244677564,0.0011300438636367982
2026-08-25T15:55:00+00:00,765.47,-0.015903013473207883,0.0011319894394747898
2026-08-25T16:00:00+00:00,765.555,-0.01579373650108007,0.0011339350153127814
2026-08-25T16:05:00+00:00,765.35,-0.016057286845623797,0.001135880591150995
2026-08-25T16:10:00+00:00,765.5,-0.015864445130103877,0.0011378261669889866
2026-08-25T16:15:00+00:00,765.5,-0.015864445130103877,0.0011397717428272003
2026-08-25T16:20:00+00:00,765.61,-0.015723027872055928,0.0011417173186651919
2026-08-25T16:25:00+00:00,765.76,-0.015530186156536119,0.0011436628945031835
2026-08-25T16:30:00+00:00,765.72,-0.015581610614007979,0.0011456084703413971
2026-08-25T16:35:00+00:00,765.88,-0.015375912784120205,0.0011475540461793887
2026-08-25T16:40:00+00:00,765.53,-0.01582587678699998,0.0011494996220176024
2026-08-25T16:45:00+00:00,765.625,-0.01570374370050398,0.001151445197855594
2026-08-25T16:50:00+00:00,765.41,-0.015980150159415896,0.0011533907736935856
2026-08-25T16:55:00+00:00,765.76,-0.015530186156536119,0.0011553363495317992
2026-08-25T17:00:00+00:00,765.35,-0.016057286845623797,0.0011572819253700128
2026-08-25T17:05:00+00:00,765.11,-0.016365833590455625,0.0011592275012080044
2026-08-25T17:10:00+00:00,765.29,-0.01613442353183181,0.001161173077045996
2026-08-25T17:15:00+00:00,765.275,-0.016153707703383757,0.0011631186528839876
2026-08-25T17:20:00+00:00,765.05,-0.016442970276663638,0.0011650642287222013
2026-08-25T17:25:00+00:00,764.81,-0.016751517021495577,0.001167009804560415
2026-08-25T17:30:00+00:00,764.84,-0.01671294867839146,0.0011689553803984065
2026-08-25T17:35:00+00:00,764.91,-0.016622955877815593,0.0011709009562363981
2026-08-25T17:40:00+00:00,764.86,-0.01668723644965553,0.0011728465320743897
2026-08-25T17:45:00+00:00,764.9,-0.016635811992183558,0.0011747921079126034
2026-08-25T17:50:00+00:00,765.135,-0.016333693304535712,0.001176737683750817
2026-08-25T17:55:00+00:00,765.055,-0.016436542219479655,0.0011786832595888086
2026-08-25T18:00:00+00:00,764.82,-0.01673866090712739,0.0011806288354270222
2026-08-25T18:05:00+00:00,764.91,-0.016622955877815593,0.0011825744112647918
2026-08-25T18:10:00+00:00,764.83,-0.016725804792759424,0.0011845199871030054
2026-08-25T18:15:00+00:00,764.84,-0.01671294867839146,0.001186465562941219
2026-08-25T18:20:00+00:00,764.91,-0.016622955877815593,0.0011884111387792107
2026-08-25T18:25:00+00:00,764.96,-0.016558675305975545,0.0011903567146174243
2026-08-25T18:30:00+00:00,765.36,-0.016044430731255832,0.0011923022904551939
2026-08-25T18:35:00+00:00,765.29,-0.01613442353183181,0.0011942478662934075
2026-08-25T18:40:00+00:00,765.55,-0.01580016455826405,0.0011961934421316212
2026-08-25T18:45:00+00:00,765.78,-0.015504473927800189,0.0011981390179696128
2026-08-25T18:50:00+00:00,765.685,-0.01562660701429608,0.0012000845938078264
2026-08-25T18:55:00+00:00,765.645,-0.01567803147176805,0.001202030169645596
2026-08-25T19:00:00+00:00,765.49,-0.015877301244471953,0.0012039757454838096
2026-08-25T19:05:00+00:00,765.37,-0.016031574616887867,0.0012059213213220232
2026-08-25T19:10:00+00:00,765.125,-0.016346549418903678,0.0012078668971600148
2026-08-25T19:15:00+00:00,765.015,-0.016487966676951626,0.0012098124729982285
2026-08-25T19:20:00+00:00,765.04,-0.016455826391031714,0.00121175804883622
2026-08-25T19:25:00+00:00,765.18,-0.01627584078987976,0.0012137036246742117
2026-08-25T19:30:00+00:00,765.13,-0.016340121361719695,0.0012156492005124253
2026-08-25T19:35:00+00:00,765.19,-0.016262984675511682,0.001217594776350417
2026-08-25T19:40:00+00:00,765.37,-0.016031574616887867,0.0012195403521886305
2026-08-25T19:45:00+00:00,765.475,-0.0158965854160239,0.0012214859280266221
2026-08-25T19:50:00+00:00,766.12,-0.015067366039288266,0.0012234315038646137
2026-08-25T19:55:00+00:00,765.79,-0.015491617813432113,0.0012253770797028274
2026-08-25T20:00:00+00:00,765.85,-0.0154144811272241,0.001227322655540819
2026-08-26T13:30:00+00:00,765.62,-0.015710171757687963,0.0012292682313790326
2026-08-26T13:35:00+00:00,765.58,-0.015761596215159934,0.00123121330581899
2026-08-26T13:40:00+00:00,766.325,-0.014803815694744427,0.0012331583802587254
2026-08-26T13:45:00+00:00,766.005,-0.015215211354520308,0.0012351034546986828
2026-08-26T13:50:00+00:00,766.6,-0.01445027254962461,0.0012370485291384181
2026-08-26T13:55:00+00:00,766.88,-0.01409030134732081,0.0012389936035783755
2026-08-26T14:00:00+00:00,766.94,-0.014013164661112798,0.0012409386780181109
2026-08-26T14:05:00+00:00,766.56,-0.014501697007096692,0.0012428837524580683
2026-08-26T14:10:00+00:00,766.17,-0.01500308546744844,0.0012448288268980257
2026-08-26T14:15:00+00:00,765.96,-0.015273063869176151,0.001246773901337761
2026-08-26T14:20:00+00:00,765.43,-0.015954437930679966,0.0012487189757777184
2026-08-26T14:25:00+00:00,765.1,-0.01637868970482359,0.0012506640502174537
2026-08-26T14:30:00+00:00,765.135,-0.016333693304535712,0.0012526091246574111
2026-08-26T14:35:00+00:00,765.23,-0.01621156021803971,0.0012545541990973685
2026-08-26T14:40:00+00:00,765.42,-0.01596729404504793,0.0012564992735371039
2026-08-26T14:45:00+00:00,765.465,-0.015909441530391866,0.0012584443479770613
2026-08-26T14:50:00+00:00,765.635,-0.015690887586136015,0.0012603894224167966
2026-08-26T14:55:00+00:00,765.87,-0.01538876889848817,0.001262334496856754
2026-08-26T15:00:00+00:00,766.14,-0.015041653810552336,0.0012642795712964894
2026-08-26T15:05:00+00:00,766.365,-0.014752391237272455,0.0012662246457364468
2026-08-26T15:10:00+00:00,766.285,-0.014855240152216509,0.0012681697201764042
2026-08-26T15:15:00+00:00,765.72,-0.015581610614007979,0.0012701147946161395
2026-08-26T15:20:00+00:00,765.8,-0.015478761699064147,0.001272059869056097
2026-08-26T15:25:00+00:00,765.85,-0.0154144811272241,0.0012740049434958323
2026-08-26T15:30:00+00:00,765.21,-0.01623727244677564,0.0012759500179357897
2026-08-26T15:35:00+00:00,765.48,-0.015890157358839918,0.001277895092375747
2026-08-26T15:40:00+00:00,766.045,-0.015163786897048337,0.0012798401668154824
2026-08-26T15:45:00+00:00,766.24,-0.014913092666872352,0.0012817852412554398
2026-08-26T15:50:00+00:00,765.34,-0.016070142959991762,0.0012837303156951752
2026-08-26T15:55:00+00:00,765.34,-0.016070142959991762,0.0012856753901351325
2026-08-26T16:00:00+00:00,765.25,-0.01618584798930378,0.001287620464574868
2026-08-26T16:05:00+00:00,765.18,-0.01627584078987976,0.0012895655390148253
2026-08-26T16:10:00+00:00,765.055,-0.016436542219479655,0.0012915106134547827
2026-08-26T16:15:00+00:00,764.975,-0.016539391134423598,0.001293455687894518
2026-08-26T16:20:00+00:00,764.935,-0.01659081559189557,0.0012954007623344754
2026-08-26T16:25:00+00:00,764.82,-0.01673866090712739,0.0012973458367742108
2026-08-26T16:30:00+00:00,764.86,-0.01668723644965553,0.0012992909112141682
2026-08-26T16:35:00+00:00,764.21,-0.017522883883575036,0.0013012359856541256
2026-08-26T16:40:00+00:00,763.99,-0.017805718399670933,0.001303181060093861
2026-08-26T16:45:00+00:00,764.095,-0.017670729198806967,0.0013051261345338183
2026-08-26T16:50:00+00:00,764.185,-0.01755502416949517,0.0013070712089735537
2026-08-26T16:55:00+00:00,764.71,-0.01688007816517534,0.001309016283413511
2026-08-26T17:00:00+00:00,764.88,-0.016661524220919488,0.0013109613578532464
2026-08-26T17:05:00+00:00,765.05,-0.016442970276663638,0.0013129064322932038
2026-08-26T17:10:00+00:00,765.12,-0.01635297747608766,0.0013148515067331612
2026-08-26T17:15:00+00:00,765.325,-0.01608942713154371,0.0013167965811728966
2026-08-26T17:20:00+00:00,765.655,-0.015665175357400085,0.001318741655612854
2026-08-26T17:25:00+00:00,765.67,-0.015645891185848138,0.0013206867300525893
2026-08-26T17:30:00+00:00,765.74,-0.015555898385272049,0.0013226318044925467
2026-08-26T17:35:00+00:00,765.64,-0.015684459528952033,0.001324576878932504
2026-08-26T17:40:00+00:00,765.735,-0.015562326442456031,0.0013265219533722394
2026-08-26T17:45:00+00:00,765.495,-0.01587087318728786,0.0013284670278121968
2026-08-26T17:50:00+00:00,765.72,-0.015581610614007979,0.0013304121022519322
2026-08-26T17:55:00+00:00,765.68,-0.01563303507148006,0.0013323571766918896
2026-08-26T18:00:00+00:00,765.53,-0.01582587678699998,0.001334302251131625
2026-08-26T18:05:00+00:00,765.765,-0.015523758099352136,0.0013362473255715823
2026-08-26T18:10:00+00:00,765.41,-0.015980150159415896,0.0013381924000115397
2026-08-26T18:15:00+00:00,765.71,-0.015594466728376055,0.0013401374744514971
2026-08-26T18:20:00+00:00,765.57,-0.0157744523295279,0.0013420825488914545
2026-08-26T18:25:00+00:00,765.56,-0.015787308443895975,0.0013440276233311899
2026-08-26T18:30:00+00:00,765.74,-0.015555898385272049,0.0013459726977711473
2026-08-26T18:35:00+00:00,765.72,-0.015581610614007979,0.0013479177722111046
2026-08-26T18:40:00+00:00,765.87,-0.01538876889848817,0.00134986284665084
2026-08-26T18:45:00+00:00,766.325,-0.014803815694744427,0.0013518079210907974
2026-08-26T18:50:00+00:00,766.49,-0.014591689807672559,0.0013537529955305327
2026-08-26T18:55:00+00:00,766.5,-0.014578833693304594,0.0013556980699704901
2026-08-26T19:00:00+00:00,767.255,-0.013608197058521121,0.0013576431444102255
2026-08-26T19:05:00+00:00,766.955,-0.01399388048956085,0.0013595882188501829
2026-08-26T19:10:00+00:00,766.96,-0.013987452432376868,0.0013615332932901403
2026-08-26T19:15:00+00:00,767.19,-0.013691761801913005,0.0013634783677298756
2026-08-26T19:20:00+00:00,767.07,-0.013846035174328919,0.001365423442169833
2026-08-26T19:25:00+00:00,766.885,-0.014083873290136828,0.0013673685166095684
2026-08-26T19:30:00+00:00,766.85,-0.014128869690424817,0.0013693135910495258
2026-08-26T19:35:00+00:00,766.655,-0.014379563920600691,0.0013712586654894832
2026-08-26T19:40:00+00:00,766.705,-0.014315283348760643,0.0013732037399292185
2026-08-26T19:45:00+00:00,767.12,-0.013781754602488983,0.001375148814369176
2026-08-26T19:50:00+00:00,766.18,-0.014990229353080475,0.0013770938888089113
2026-08-26T19:55:00+00:00,765.94,-0.015298776097912192,0.0013790389632488687
2026-08-26T20:00:00+00:00,766.66,-0.014373135863416708,0.001380984037688604
2026-08-27T13:30:00+00:00,767.45,-0.013357502828345136,0.0013829291121285614
2026-08-27T13:35:00+00:00,768.2,-0.012393294250745646,0.001384873421033772
2026-08-27T13:40:00+00:00,769.16,-0.011159107271418334,0.0013868177299387607
2026-08-27T13:45:00+00:00,768.06,-0.012573279851897712,0.0013887620388439714
2026-08-27T13:50:00+00:00,769.24,-0.011056258356474391,0.0013907063477491821
2026-08-27T13:55:00+00:00,768.31,-0.012251876992697808,0.0013926506566539487
2026-08-27T14:00:00+00:00,768.81,-0.011609071274298222,0.0013945949655591594
2026-08-27T14:05:00+00:00,768.46,-0.012059035277177776,0.00139653927446437
2026-08-27T14:10:00+00:00,768.62,-0.011853337447290002,0.0013984835833693587
2026-08-27T14:15:00+00:00,769.165,-0.011152679214234351,0.0014004278922745694
2026-08-27T14:20:00+00:00,769.44,-0.010799136069114423,0.0014023722011797801
2026-08-27T14:25:00+00:00,769.67,-0.010503445438650671,0.0014043165100847688
2026-08-27T14:30:00+00:00,769.4,-0.010850560526586506,0.0014062608189899795
2026-08-27T14:35:00+00:00,769.34,-0.010927697212794407,0.0014082051278951901
2026-08-27T14:40:00+00:00,769.61,-0.010580582124858573,0.0014101494367999567
2026-08-27T14:45:00+00:00,770.23,-0.009783503034042962,0.0014120937457051674
2026-08-27T14:50:00+00:00,770.13,-0.009912064177722946,0.0014140380546103781
2026-08-27T14:55:00+00:00,770.315,-0.009674226061915037,0.0014159823635153668
2026-08-27T15:00:00+00:00,770.615,-0.009288542630875307,0.0014179266724205775
2026-08-27T15:05:00+00:00,770.55,-0.009372107374267302,0.0014198709813257882
2026-08-27T15:10:00+00:00,770.83,-0.009012136171963392,0.0014218152902307768
2026-08-27T15:15:00+00:00,770.94,-0.008870718913915443,0.0014237595991359875
2026-08-27T15:20:00+00:00,770.76,-0.00910212897253937,0.0014257039080409761
2026-08-27T15:25:00+00:00,770.305,-0.009687082176283113,0.0014276482169459648
2026-08-27T15:30:00+00:00,770.205,-0.009815643319962986,0.0014295925258511755
2026-08-27T15:35:00+00:00,769.825,-0.010304175665946658,0.0014315368347563862
2026-08-27T15:40:00+00:00,769.64,-0.010542013781754678,0.0014334811436613748
2026-08-27T15:45:00+00:00,769.68,-0.010490589324282706,0.0014354254525665855
2026-08-27T15:50:00+00:00,770.82,-0.009024992286331357,0.0014373697614717962
2026-08-27T15:55:00+00:00,770.69,-0.009192121773115236,0.0014393140703767848
2026-08-27T16:00:00+00:00,770.85,-0.008986423943227462,0.0014412583792819955
2026-08-27T16:05:00+00:00,770.53,-0.009397819603003232,0.0014432026881869842
2026-08-27T16:10:00+00:00,770.6,-0.009307826802427255,0.0014451469970919728
2026-08-27T16:15:00+00:00,770.61,-0.00929497068805929,0.0014470913059971835
2026-08-27T16:20:00+00:00,770.52,-0.009410675717371197,0.0014490356149023942
2026-08-27T16:25:00+00:00,770.875,-0.008954283657307438,0.0014509799238073828
2026-08-27T16:30:00+00:00,771.115,-0.00864573691247561,0.0014529242327125935
2026-08-27T16:35:00+00:00,771.495,-0.008157204566491827,0.0014548685416178042
2026-08-27T16:40:00+00:00,771.655,-0.007951506736604053,0.0014568128505227929
2026-08-27T16:45:00+00:00,771.71,-0.007880798107579912,0.0014587571594280035
2026-08-27T16:50:00+00:00,771.915,-0.0076172477630361834,0.0014607014683329922
2026-08-27T16:55:00+00:00,771.97,-0.0075465391340121535,0.0014626457772379808
2026-08-27T17:00:00+00:00,772.0,-0.007507970790908147,0.0014645900861431915
2026-08-27T17:05:00+00:00,772.23,-0.007212280160444284,0.0014665343950484022
2026-08-27T17:10:00+00:00,772.19,-0.007263704617916256,0.0014684787039533909
2026-08-27T17:15:00+00:00,772.14,-0.007327985189756303,0.0014704230128586016
2026-08-27T17:20:00+00:00,772.17,-0.007289416846652408,0.0014723673217638122
2026-08-27T17:25:00+00:00,771.71,-0.007880798107579912,0.0014743116306688009
2026-08-27T17:30:00+00:00,771.79,-0.00777794919263608,0.0014762559395740116
2026-08-27T17:35:00+00:00,771.765,-0.007810089478556104,0.0014782002484790002
2026-08-27T17:40:00+00:00,771.64,-0.007970790908156,0.0014801445573839889
2026-08-27T17:45:00+00:00,771.35,-0.008343618224827765,0.0014820888662891996
2026-08-27T17:50:00+00:00,771.345,-0.008350046282011747,0.0014840331751944102
2026-08-27T17:55:00+00:00,771.23,-0.008497891597243679,0.001485977484099399
2026-08-27T18:00:00+00:00,770.535,-0.00939139154581925,0.0014879217930046096
2026-08-27T18:05:00+00:00,770.5,-0.009436387946107239,0.0014898661019098203
2026-08-27T18:10:00+00:00,770.27,-0.009732078576571102,0.001491810410814809
2026-08-27T18:15:00+00:00,770.27,-0.009732078576571102,0.0014937547197200196
2026-08-27T18:20:00+00:00,770.1,-0.009950632520826952,0.0014956990286250083
2026-08-27T18:25:00+00:00,769.46,-0.010773423840378493,0.001497643337529997
2026-08-27T18:30:00+00:00,769.5,-0.010721999382906522,0.0014995876464352076
2026-08-27T18:35:00+00:00,769.985,-0.010098477836058883,0.0015015319553404183
2026-08-27T18:40:00+00:00,769.92,-0.010182042579450878,0.001503476264245407
2026-08-27T18:45:00+00:00,769.575,-0.010625578525146562,0.0015054205731506176
2026-08-27T18:50:00+00:00,769.34,-0.010927697212794407,0.0015073648820558283
2026-08-27T18:55:00+00:00,769.69,-0.01047773320991463,0.001509309190960817
2026-08-27T19:00:00+00:00,770.0,-0.010079193664506825,0.0015112534998658056
2026-08-27T19:05:00+00:00,770.15,-0.009886351948987016,0.0015131978087710163
2026-08-27T19:10:00+00:00,769.89,-0.010220610922554774,0.001515142117676005
2026-08-27T19:15:00+00:00,770.19,-0.009834927491514933,0.0015170864265812156
2026-08-27T19:20:00+00:00,770.0,-0.010079193664506825,0.0015190307354864263
2026-08-27T19:25:00+00:00,769.96,-0.010130618121978796,0.001520975044391415
2026-08-27T19:30:00+00:00,770.44,-0.00951352463231514,0.0015229193532966256
2026-08-27T19:35:00+00:00,770.58,-0.009333539031163185,0.0015248636622018363
2026-08-27T19:40:00+00:00,770.595,-0.009314254859611237,0.001526807971106825
2026-08-27T19:45:00+00:00,770.8,-0.00905070451506751,0.0015287522800118136
2026-08-27T19:50:00+00:00,771.25,-0.008472179368507748,0.0015306965889170243
2026-08-27T19:55:00+00:00,771.18,-0.008562172169083726,0.001532640897822013
2026-08-27T20:00:00+00:00,770.83,-0.009012136171963392,0.0015345852067272236
2026-08-28T13:30:00+00:00,771.985,-0.007527254962460206,0.0015365295156324343
2026-08-28T13:35:00+00:00,772.25,-0.007186567931708354,0.0015384753666567441
2026-08-28T13:40:00+00:00,772.61,-0.006723747814460612,0.001540421217681498
2026-08-28T13:45:00+00:00,772.155,-0.0073087010182043555,0.0015423670687058078
2026-08-28T13:50:00+00:00,771.72,-0.007867941993211947,0.0015443129197303396
2026-08-28T13:55:00+00:00,771.67,-0.007932222565051994,0.0015462587707546493
2026-08-28T14:00:00+00:00,771.73,-0.007855085878843981,0.0015482046217794032
2026-08-28T14:05:00+00:00,771.075,-0.008697161369947581,0.001550150472803713
2026-08-28T14:10:00+00:00,770.22,-0.009796359148411038,0.0015520963238282448
2026-08-28T14:15:00+00:00,771.41,-0.008266481538619863,0.0015540421748527766
2026-08-28T14:20:00+00:00,771.58,-0.008047927594363902,0.0015559880258773084
2026-08-28T14:25:00+00:00,771.29,-0.008420754911035777,0.0015579338769016182
2026-08-28T14:30:00+00:00,772.14,-0.007327985189756303,0.001559879727925928
2026-08-28T14:35:00+00:00,772.38,-0.007019438444924475,0.0015618255789506819
2026-08-28T14:40:00+00:00,773.46,-0.005630978093181138,0.0015637714299749916
2026-08-28T14:45:00+00:00,773.75,-0.005258150776509374,0.0015657172809995235
2026-08-28T14:50:00+00:00,774.545,-0.00423608968425393,0.0015676631320238332
2026-08-28T14:55:00+00:00,774.84,-0.003856834310398072,0.001569608983048587
2026-08-28T15:00:00+00:00,774.89,-0.0037925537385581354,0.0015715548340728969
2026-08-28T15:05:00+00:00,774.18,-0.004705337858685654,0.0015735006850974287
2026-08-28T15:10:00+00:00,774.2,-0.004679625629949613,0.0015754465361219605
2026-08-28T15:15:00+00:00,774.28,-0.004576776715005781,0.0015773923871464923
2026-08-28T15:20:00+00:00,774.77,-0.003946827110974049,0.001579338238170802
2026-08-28T15:25:00+00:00,774.93,-0.003741129281086164,0.0015812840891951119
2026-08-28T15:30:00+00:00,774.46,-0.004345366656381744,0.0015832299402198657
2026-08-28T15:35:00+00:00,773.685,-0.005341715519901369,0.0015851757912441755
2026-08-28T15:40:00+00:00,772.82,-0.0064537694127326795,0.0015871216422687073
2026-08-28T15:45:00+00:00,772.28,-0.007147999588604459,0.0015890674932932392
2026-08-28T15:50:00+00:00,772.13,-0.007340841304124268,0.001591013344317771
2026-08-28T15:55:00+00:00,771.08,-0.008690733312763488,0.0015929591953420807
2026-08-28T16:00:00+00:00,770.82,-0.009024992286331357,0.0015949050463666126
2026-08-28T16:05:00+00:00,771.6,-0.00802221536562786,0.0015968508973911444
2026-08-28T16:10:00+00:00,770.97,-0.008832150570811437,0.0015987967484154542
2026-08-28T16:15:00+00:00,770.22,-0.009796359148411038,0.001600742599439986
2026-08-28T16:20:00+00:00,769.525,-0.01068985909698661,0.0016026884504642958
2026-08-28T16:25:00+00:00,769.6,-0.010593438239226538,0.0016046343014890496
2026-08-28T16:30:00+00:00,769.64,-0.010542013781754678,0.0016065801525133594
2026-08-28T16:35:00+00:00,770.3,-0.009693510233467095,0.0016085260035378912
2026-08-28T16:40:00+00:00,769.63,-0.010554869896122643,0.001610471854562423
2026-08-28T16:45:00+00:00,770.4,-0.009564949089787222,0.0016124177055869549
2026-08-28T16:50:00+00:00,769.86,-0.01025917926565878,0.0016143635566112646
2026-08-28T16:55:00+00:00,769.7,-0.010464877095546665,0.0016163094076357964
2026-08-28T17:00:00+00:00,769.04,-0.011313380643834248,0.0016182552586603283
2026-08-28T17:05:00+00:00,768.495,-0.012014038876889899,0.001620201109684638
2026-08-28T17:10:00+00:00,769.33,-0.010940553327162372,0.0016221469607091699
2026-08-28T17:15:00+00:00,769.145,-0.011178391442970392,0.0016240928117337017
2026-08-28T17:20:00+00:00,768.92,-0.011467654016250273,0.0016260386627582335
2026-08-28T17:25:00+00:00,768.83,-0.01158335904556207,0.0016279845137825433
2026-08-28T17:30:00+00:00,769.34,-0.010927697212794407,0.001629930364807075
2026-08-28T17:35:00+00:00,768.93,-0.011454797901882197,0.001631876215831607
2026-08-28T17:40:00+00:00,768.91,-0.011480510130618238,0.0016338220668561387
2026-08-28T17:45:00+00:00,769.7,-0.010464877095546665,0.0016357679178804485
2026-08-28T17:50:00+00:00,769.495,-0.010728427440090504,0.0016377137689049803
2026-08-28T17:55:00+00:00,769.55,-0.010657718811066696,0.0016396596199295121
2026-08-28T18:00:00+00:00,769.595,-0.010599866296410632,0.001641605470953822
2026-08-28T18:05:00+00:00,769.56,-0.01064486269669862,0.0016435513219783537
2026-08-28T18:10:00+00:00,769.215,-0.011088398642394304,0.0016454971730028856
2026-08-28T18:15:00+00:00,769.4,-0.010850560526586506,0.0016474430240274174
2026-08-28T18:20:00+00:00,769.08,-0.011261956186362276,0.0016493888750517272
2026-08-28T18:25:00+00:00,769.06,-0.011287668415098318,0.001651334726076259
2026-08-28T18:30:00+00:00,769.395,-0.010856988583770488,0.0016532805771007908
2026-08-28T18:35:00+00:00,769.14,-0.011184819500154375,0.0016552264281253226
2026-08-28T18:40:00+00:00,769.3,-0.01097912167026649,0.0016571722791496324
2026-08-28T18:45:00+00:00,768.77,-0.011660495731770082,0.0016591181301743863
2026-08-28T18:50:00+00:00,768.55,-0.01194333024786598,0.001661063981198696
2026-08-28T18:55:00+00:00,768.685,-0.011769772703898118,0.0016630098322230058
2026-08-28T19:00:00+00:00,768.79,-0.011634783503034152,0.0016649556832475376
2026-08-28T19:05:00+00:00,769.34,-0.010927697212794407,0.0016669015342720694
2026-08-28T19:10:00+00:00,769.19,-0.011120538928314327,0.0016688473852966013
2026-08-28T19:15:00+00:00,769.23,-0.011069114470842356,0.001670793236320911
2026-08-28T19:20:00+00:00,769.25,-0.011043402242106426,0.0016727390873454429
2026-08-28T19:25:00+00:00,769.515,-0.010702715211354574,0.0016746849383699747
2026-08-28T19:30:00+00:00,769.38,-0.010876272755322436,0.0016766307893945065
2026-08-28T19:35:00+00:00,769.545,-0.010664146868250679,0.0016785766404188163
2026-08-28T19:40:00+00:00,769.61,-0.010580582124858573,0.001680522491443348
2026-08-28T19:45:00+00:00,769.26,-0.01103054612773835,0.00168246834246788
2026-08-28T19:50:00+00:00,769.375,-0.010882700812506418,0.0016844141934921897
2026-08-28T19:55:00+00:00,769.28,-0.01100483389900242,0.0016863600445167215
2026-08-28T20:00:00+00:00,769.28,-0.01100483389900242,0.0016883058955412533
2026-08-31T13:30:00+00:00,766.37,-0.014745963180088473,0.0016902517465657851
2026-08-31T13:35:00+00:00,766.33,-0.014797387637560444,0.0016921993098910626
2026-08-31T13:40:00+00:00,765.81,-0.015465905584696182,0.00169414687321634
2026-08-31T13:45:00+00:00,766.14,-0.015041653810552336,0.0016960944365411734
2026-08-31T13:50:00+00:00,766.475,-0.014610973979224506,0.0016980419998664509
2026-08-31T13:55:00+00:00,766.22,-0.014938804895608393,0.0016999895631917283
2026-08-31T14:00:00+00:00,765.76,-0.015530186156536119,0.0017019371265170058
2026-08-31T14:05:00+00:00,765.54,-0.015813020672632017,0.0017038846898418392
2026-08-31T14:10:00+00:00,765.81,-0.015465905584696182,0.0017058322531671166
2026-08-31T14:15:00+00:00,765.99,-0.015234495526072256,0.001707779816492394
2026-08-31T14:20:00+00:00,765.0,-0.016507250848503574,0.0017097273798176715
2026-08-31T14:25:00+00:00,764.93,-0.01659724364907955,0.001711674943142727
2026-08-31T14:30:00+00:00,764.81,-0.016751517021495577,0.0017136225064677824
2026-08-31T14:35:00+00:00,765.535,-0.015819448729816,0.0017155700697930598
2026-08-31T14:40:00+00:00,765.75,-0.015543042270904084,0.0017175176331183373
2026-08-31T14:45:00+00:00,765.4,-0.01599300627378386,0.0017194651964433927
2026-08-31T14:50:00+00:00,765.835,-0.015433765298776048,0.0017214127597686701
2026-08-31T14:55:00+00:00,765.93,-0.015311632212280268,0.0017233603230937256
2026-08-31T15:00:00+00:00,765.81,-0.015465905584696182,0.001725307886419003
2026-08-31T15:05:00+00:00,765.68,-0.01563303507148006,0.0017272554497440584
2026-08-31T15:10:00+00:00,765.67,-0.015645891185848138,0.0017292030130693359
2026-08-31T15:15:00+00:00,765.71,-0.015594466728376055,0.0017311505763943913
2026-08-31T15:20:00+00:00,766.035,-0.015176643011416302,0.0017330981397196688
2026-08-31T15:25:00+00:00,765.92,-0.015324488326648233,0.0017350457030447242
2026-08-31T15:30:00+00:00,765.71,-0.015594466728376055,0.0017369932663700016
2026-08-31T15:35:00+00:00,765.545,-0.015806592615448034,0.001738940829695279
2026-08-31T15:40:00+00:00,765.835,-0.015433765298776048,0.0017408883930203345
2026-08-31T15:45:00+00:00,765.86,-0.015401625012856135,0.00174283595634539
2026-08-31T15:50:00+00:00,766.07,-0.015131646611128202,0.0017447835196706674
2026-08-31T15:55:00+00:00,765.36,-0.016044430731255832,0.0017467310829959448
2026-08-31T16:00:00+00:00,765.105,-0.016372261647639608,0.0017486786463212223
2026-08-31T16:05:00+00:00,765.19,-0.016262984675511682,0.0017506262096460556
2026-08-31T16:10:00+00:00,765.72,-0.015581610614007979,0.001752573772971333
2026-08-31T16:15:00+00:00,765.43,-0.015954437930679966,0.0017545213362966106
2026-08-31T16:20:00+00:00,765.435,-0.015948009873495983,0.001756468899621888
2026-08-31T16:25:00+00:00,765.86,-0.015401625012856135,0.0017584164629467214
2026-08-31T16:30:00+00:00,765.82,-0.015453049470328106,0.0017603640262719988
2026-08-31T16:35:00+00:00,765.36,-0.016044430731255832,0.0017623115895972763
2026-08-31T16:40:00+00:00,765.425,-0.015960865987863948,0.0017642591529225538
2026-08-31T16:45:00+00:00,765.84,-0.015427337241592065,0.0017662067162476092
2026-08-31T16:50:00+00:00,765.81,-0.015465905584696182,0.0017681542795726646
2026-08-31T16:55:00+00:00,765.89,-0.01536305666975224,0.001770101842897942
2026-08-31T17:00:00+00:00,765.65,-0.015671603414584068,0.0017720494062232195
2026-08-31T17:05:00+00:00,765.585,-0.01575516815797595,0.001773996969548275
2026-08-31T17:10:00+00:00,765.87,-0.01538876889848817,0.0017759445328735524
2026-08-31T17:15:00+00:00,765.73,-0.015568754499640014,0.0017778920961986078
2026-08-31T17:20:00+00:00,765.8,-0.015478761699064147,0.0017798396595238852
2026-08-31T17:25:00+00:00,765.47,-0.015903013473207883,0.0017817872228489406
2026-08-31T17:30:00+00:00,765.29,-0.01613442353183181,0.001783734786174218
2026-08-31T17:35:00+00:00,765.84,-0.015427337241592065,0.0017856823494992735
2026-08-31T17:40:00+00:00,766.21,-0.014951661009976358,0.001787629912824551
2026-08-31T17:45:00+00:00,766.31,-0.014823099866296485,0.0017895774761496064
2026-08-31T17:50:00+00:00,766.755,-0.014251002776920707,0.0017915250394748838
2026-08-31T17:55:00+00:00,766.51,-0.014565977578936629,0.0017934726028001613
2026-08-31T18:00:00+00:00,766.625,-0.014418132263704697,0.0017954201661252167
2026-08-31T18:05:00+00:00,766.67,-0.014360279749048743,0.0017973677294502721
2026-08-31T18:10:00+00:00,766.72,-0.014295999177208696,0.0017993152927755496
2026-08-31T18:15:00+00:00,766.7,-0.014321711405944626,0.001801262856100827
2026-08-31T18:20:00+00:00,766.63,-0.014411704206520715,0.0018032104194261045
2026-08-31T18:25:00+00:00,766.31,-0.014823099866296485,0.0018051579827509379
2026-08-31T18:30:00+00:00,766.03,-0.015183071068600285,0.0018071055460762153
2026-08-31T18:35:00+00:00,765.47,-0.015903013473207883,0.0018090531094014928
2026-08-31T18:40:00+00:00,765.345,-0.01606371490280778,0.0018110006727267702
2026-08-31T18:45:00+00:00,765.42,-0.01596729404504793,0.0018129482360518256
2026-08-31T18:50:00+00:00,765.66,-0.015658747300216103,0.001814895799376881
2026-08-31T18:55:00+00:00,765.68,-0.01563303507148006,0.0018168433627021585
2026-08-31T19:00:00+00:00,765.815,-0.015459477527512089,0.001818790926027436
2026-08-31T19:05:00+00:00,766.025,-0.015189499125784267,0.0018207384893527134
2026-08-31T19:10:00+00:00,766.18,-0.014990229353080475,0.0018226860526775468
2026-08-31T19:15:00+00:00,766.04,-0.01517021495423232,0.0018246336160028243
2026-08-31T19:20:00+00:00,766.42,-0.014681682608248536,0.0018265811793281017
2026-08-31T19:25:00+00:00,766.67,-0.014360279749048743,0.0018285287426533792
2026-08-31T19:30:00+00:00,766.4,-0.014707394836984578,0.0018304763059784346
2026-08-31T19:35:00+00:00,766.63,-0.014411704206520715,0.00183242386930349
2026-08-31T19:40:00+00:00,767.03,-0.013897459631801001,0.0018343714326287675
2026-08-31T19:45:00+00:00,766.87,-0.014103157461688776,0.001836318995954045
2026-08-31T19:50:00+00:00,767.4,-0.013421783400185183,0.0018382665592791003
2026-08-31T19:55:00+00:00,766.87,-0.014103157461688776,0.0018402141226041557
2026-08-31T20:00:00+00:00,766.87,-0.014103157461688776,0.0018421616859294332
2026-09-01T13:30:00+00:00,761.91,-0.020479790188213554,0.0018441092492547106
2026-09-01T13:35:00+00:00,761.8,-0.020621207446261502,0.0018460586633688436
2026-09-01T13:40:00+00:00,761.93,-0.020454077959477623,0.0018480080774827545
2026-09-01T13:45:00+00:00,762.06,-0.020286948472693744,0.0018499574915968875
2026-09-01T13:50:00+00:00,761.81,-0.020608351331893537,0.0018519069057107984
2026-09-01T13:55:00+00:00,762.02,-0.020338372930165605,0.0018538563198247093
2026-09-01T14:00:00+00:00,762.2,-0.020106962871541678,0.0018558057339388423
2026-09-01T14:05:00+00:00,762.88,-0.019232747094518166,0.0018577551480529753
2026-09-01T14:10:00+00:00,763.02,-0.01905276149336632,0.0018597045621668862
2026-09-01T14:15:00+00:00,763.305,-0.01868636223387854,0.0018616539762810191
2026-09-01T14:20:00+00:00,763.695,-0.01818497377352668,0.00186360339039493
2026-09-01T14:25:00+00:00,763.76,-0.018101409030134796,0.001865552804509063
2026-09-01T14:30:00+00:00,764.415,-0.017259333539031196,0.001867502218622974
2026-09-01T14:35:00+00:00,764.27,-0.017445747197367134,0.001869451632737107
2026-09-01T14:40:00+00:00,764.16,-0.017587164455415083,0.0018714010468512399
2026-09-01T14:45:00+00:00,763.935,-0.017876427028694963,0.0018733504609651508
2026-09-01T14:50:00+00:00,763.59,-0.018319962974390647,0.0018752998750790617
2026-09-01T14:55:00+00:00,763.465,-0.018480664403990543,0.0018772492891931947
2026-09-01T15:00:00+00:00,763.12,-0.018924200349686338,0.0018791987033071056
2026-09-01T15:05:00+00:00,762.79,-0.019348452123830184,0.0018811481174212386
2026-09-01T15:10:00+00:00,763.05,-0.019014193150262315,0.0018830975315353715
2026-09-01T15:15:00+00:00,763.29,-0.018705646405430487,0.0018850469456492824
2026-09-01T15:20:00+00:00,763.445,-0.018506376632726473,0.0018869963597631934
2026-09-01T15:25:00+00:00,763.59,-0.018319962974390647,0.0018889457738773263
2026-09-01T15:30:00+00:00,763.635,-0.018262110459734693,0.0018908951879912372
2026-09-01T15:35:00+00:00,764.04,-0.017741437827830997,0.0018928446021053702
2026-09-01T15:40:00+00:00,764.23,-0.017497171654839105,0.0018947940162195032
2026-09-01T15:45:00+00:00,764.57,-0.017060063766327294,0.0018967434303336361
2026-09-01T15:50:00+00:00,764.51,-0.017137200452535306,0.001898692844447325
2026-09-01T15:55:00+00:00,764.275,-0.01743931914018315,0.001900642258561458
2026-09-01T16:00:00+00:00,764.26,-0.0174586033117351,0.001902591672675591
2026-09-01T16:05:00+00:00,763.865,-0.01796641982927083,0.0019045410867895018
2026-09-01T16:10:00+00:00,763.54,-0.018384243546230694,0.0019064905009036348
2026-09-01T16:15:00+00:00,763.01,-0.019065617607734286,0.0019084399150177678
2026-09-01T16:20:00+00:00,762.845,-0.019277743494806154,0.0019103893291314566
2026-09-01T16:25:00+00:00,762.54,-0.019669854983029977,0.0019123387432455896
2026-09-01T16:30:00+00:00,761.7,-0.020749768589941375,0.0019142881573597226
2026-09-01T16:35:00+00:00,762.205,-0.020100534814357696,0.0019162375714736335
2026-09-01T16:40:00+00:00,761.71,-0.02073691247557341,0.0019181869855877665
2026-09-01T16:45:00+00:00,761.955,-0.02042193767355749,0.0019201363997018994
2026-09-01T16:50:00+00:00,761.89,-0.020505502416949595,0.0019220858138155883
2026-09-01T16:55:00+00:00,762.32,-0.019952689499125764,0.0019240352279297213
2026-09-01T17:00:00+00:00,761.7,-0.020749768589941375,0.0019259846420438542
2026-09-01T17:05:00+00:00,761.725,-0.02071762830402135,0.0019279340561577651
2026-09-01T17:10:00+00:00,762.0,-0.020364085158901646,0.001929883470271898
2026-09-01T17:15:00+00:00,761.62,-0.020852617504885318,0.001931832884386031
2026-09-01T17:20:00+00:00,761.62,-0.020852617504885318,0.001933782298499942
2026-09-01T17:25:00+00:00,761.68,-0.020775480818677416,0.001935731712613853
2026-09-01T17:30:00+00:00,761.945,-0.020434793787925565,0.0019376811267279859
2026-09-01T17:35:00+00:00,761.915,-0.02047336213102957,0.0019396305408421188
2026-09-01T17:40:00+00:00,762.065,-0.02028052041550954,0.0019415799549560298
2026-09-01T17:45:00+00:00,761.72,-0.020724056361205445,0.0019435293690701627
2026-09-01T17:50:00+00:00,761.52,-0.020981178648565302,0.0019454787831840736
2026-09-01T17:55:00+00:00,761.82,-0.02059549521752546,0.0019474281972979846
2026-09-01T18:00:00+00:00,761.61,-0.020865473619253394,0.0019493776114121175
2026-09-01T18:05:00+00:00,761.655,-0.02080762110459744,0.0019513270255262505
2026-09-01T18:10:00+00:00,761.36,-0.021186876478453187,0.0019532764396401614
2026-09-01T18:15:00+00:00,761.75,-0.02068548801810144,0.0019552258537542944
2026-09-01T18:20:00+00:00,761.69,-0.02076262470430934,0.0019571752678682053
2026-09-01T18:25:00+00:00,761.21,-0.021379718193972996,0.001959124681982116
2026-09-01T18:30:00+00:00,760.77,-0.021945387226164792,0.001961074096096249
2026-09-01T18:35:00+00:00,760.54,-0.022241077856628655,0.001963023510210382
2026-09-01T18:40:00+00:00,759.86,-0.023115293633652167,0.001964972924324515
2026-09-01T18:45:00+00:00,760.175,-0.02271032603106049,0.001966922338438426
2026-09-01T18:50:00+00:00,760.27,-0.02258819294456449,0.001968871752552337
2026-09-01T18:55:00+00:00,760.74,-0.021983955569268798,0.00197082116666647
2026-09-01T19:00:00+00:00,761.15,-0.02145685488018112,0.001972770580780381
2026-09-01T19:05:00+00:00,761.12,-0.021495423223285015,0.0019747199948945138
2026-09-01T19:10:00+00:00,761.43,-0.02109688367787732,0.0019766694090086467
2026-09-01T19:15:00+00:00,761.4,-0.021135452020981216,0.0019786188231225577
2026-09-01T19:20:00+00:00,761.28,-0.02128972539339713,0.0019805682372364686
2026-09-01T19:25:00+00:00,761.43,-0.02109688367787732,0.0019825176513506015
2026-09-01T19:30:00+00:00,761.13,-0.02148256710891705,0.0019844670654645125
2026-09-01T19:35:00+00:00,760.83,-0.02186825053995678,0.0019864164795786454
2026-09-01T19:40:00+00:00,761.05,-0.021585416023860993,0.0019883658936927784
2026-09-01T19:45:00+00:00,761.26,-0.02131543762213317,0.0019903153078066893
2026-09-01T19:50:00+00:00,760.93,-0.021739689396277018,0.0019922647219206002
2026-09-01T19:55:00+00:00,761.63,-0.020839761390517353,0.001994214136034733
2026-09-01T20:00:00+00:00,761.9,-0.02049264630258163,0.001996163550148644
2026-09-02T13:30:00+00:00,762.39,-0.019862696698549898,0.001998112964262777
2026-09-02T13:35:00+00:00,762.45,-0.019785560012341885,0.0020000640473523124
2026-09-02T13:40:00+00:00,762.8,-0.01933559600946222,0.0020020151304416256
2026-09-02T13:45:00+00:00,762.1,-0.020235524015221662,0.002003966213530939
2026-09-02T13:50:00+00:00,762.44,-0.01979841612670985,0.002005917296620252
2026-09-02T13:55:00+00:00,763.035,-0.019033477321814374,0.0020078683797097874
2026-09-02T14:00:00+00:00,763.53,-0.01839709966059866,0.0020098194627993227
2026-09-02T14:05:00+00:00,763.73,-0.01813997737323869,0.002011770545888414
2026-09-02T14:10:00+00:00,764.265,-0.017452175254551117,0.002013721628977949
2026-09-02T14:15:00+00:00,764.855,-0.016693664506839512,0.0020156727120674844
2026-09-02T14:20:00+00:00,765.185,-0.016269412732695776,0.0020176237951567977
2026-09-02T14:25:00+00:00,765.23,-0.01621156021803971,0.002019574878246111
2026-09-02T14:30:00+00:00,765.53,-0.01582587678699998,0.002021525961335424
2026-09-02T14:35:00+00:00,765.74,-0.015555898385272049,0.0020234770444249595
2026-09-02T14:40:00+00:00,766.29,-0.014848812095032526,0.0020254281275144947
2026-09-02T14:45:00+00:00,765.825,-0.015446621413144124,0.002027379210603586
2026-09-02T14:50:00+00:00,765.43,-0.015954437930679966,0.0020293302936931212
2026-09-02T14:55:00+00:00,765.32,-0.016095855188727692,0.0020312813767826565
2026-09-02T15:00:00+00:00,765.42,-0.01596729404504793,0.0020332324598719698
2026-09-02T15:05:00+00:00,765.45,-0.015928725701943813,0.002035183542961283
2026-09-02T15:10:00+00:00,765.53,-0.01582587678699998,0.0020371346260505963
2026-09-02T15:15:00+00:00,765.975,-0.015253779697624203,0.0020390857091401315
2026-09-02T15:20:00+00:00,765.91,-0.015337344441016199,0.002041036792229667
2026-09-02T15:25:00+00:00,766.305,-0.014829527923480468,0.002042987875318758
2026-09-02T15:30:00+00:00,766.02,-0.01519592718296825,0.0020449389584082933
2026-09-02T15:35:00+00:00,765.84,-0.015427337241592065,0.0020468900414978286
2026-09-02T15:40:00+00:00,765.67,-0.015645891185848138,0.002048841124587142
2026-09-02T15:45:00+00:00,765.06,-0.016430114162295673,0.002050792207676677
2026-09-02T15:50:00+00:00,765.29,-0.01613442353183181,0.0020527432907657683
2026-09-02T15:55:00+00:00,765.9,-0.015350200555384164,0.0020546943738553036
2026-09-02T16:00:00+00:00,765.81,-0.015465905584696182,0.002056645456944839
2026-09-02T16:05:00+00:00,765.66,-0.015658747300216103,0.002058596540034152
2026-09-02T16:10:00+00:00,765.69,-0.015620178957111985,0.0020605476231234654
2026-09-02T16:15:00+00:00,765.465,-0.015909441530391866,0.0020624987062130007
2026-09-02T16:20:00+00:00,764.98,-0.016532963077239504,0.002064449789302314
2026-09-02T16:25:00+00:00,764.81,-0.016751517021495577,0.0020664008723918492
2026-09-02T16:30:00+00:00,765.16,-0.01630155301861569,0.0020683519554809404
2026-09-02T16:35:00+00:00,765.14,-0.01632726524735173,0.0020703030385704757
2026-09-02T16:40:00+00:00,764.7,-0.016892934279543304,0.002072254121660011
2026-09-02T16:45:00+00:00,764.845,-0.016706520621207477,0.0020742052047493242
2026-09-02T16:50:00+00:00,765.14,-0.01632726524735173,0.0020761562878386375
2026-09-02T16:55:00+00:00,764.92,-0.016610099763447628,0.0020781073709279507
2026-09-02T17:00:00+00:00,765.465,-0.015909441530391866,0.002080058454017486
2026-09-02T17:05:00+00:00,764.63,-0.016982927080119392,0.0020820095371070213
2026-09-02T17:10:00+00:00,764.95,-0.01657153142034351,0.0020839606201961125
2026-09-02T17:15:00+00:00,764.6,-0.017021495423223287,0.002085911703285648
2026-09-02T17:20:00+00:00,764.63,-0.016982927080119392,0.002087862786375183
2026-09-02T17:25:00+00:00,764.685,-0.016912218451095473,0.0020898138694644963
2026-09-02T17:30:00+00:00,764.39,-0.01729147382495122,0.0020917649525538096
2026-09-02T17:35:00+00:00,764.475,-0.017182196852823184,0.002093716035643123
2026-09-02T17:40:00+00:00,764.8,-0.01676437313586354,0.002095667118732658
2026-09-02T17:45:00+00:00,764.98,-0.016532963077239504,0.0020976182018221934
2026-09-02T17:50:00+00:00,764.99,-0.01652010696287154,0.0020995692849112846
2026-09-02T17:55:00+00:00,765.16,-0.01630155301861569,0.00210152036800082
2026-09-02T18:00:00+00:00,765.22,-0.016224416332407676,0.002103471451090355
2026-09-02T18:05:00+00:00,765.12,-0.01635297747608766,0.0021054225341796684
2026-09-02T18:10:00+00:00,765.18,-0.01627584078987976,0.0021073736172692037
2026-09-02T18:15:00+00:00,765.61,-0.015723027872055928,0.002109324700358295
2026-09-02T18:20:00+00:00,765.48,-0.015890157358839918,0.00211127578344783
2026-09-02T18:25:00+00:00,765.29,-0.01613442353183181,0.0021132268665373655
2026-09-02T18:30:00+00:00,765.26,-0.016172991874935816,0.0021151779496266787
2026-09-02T18:35:00+00:00,764.81,-0.016751517021495577,0.002117129032715992
2026-09-02T18:40:00+00:00,764.72,-0.016867222050807373,0.0021190801158055272
2026-09-02T18:45:00+00:00,764.88,-0.016661524220919488,0.0021210311988948405
2026-09-02T18:50:00+00:00,764.8,-0.01676437313586354,0.0021229822819843758
2026-09-02T18:55:00+00:00,764.79,-0.016777229250231507,0.002124933365073467
2026-09-02T19:00:00+00:00,764.9,-0.016635811992183558,0.0021268844481630023
2026-09-02T19:05:00+00:00,765.2,-0.016250128561143606,0.0021288355312525375
2026-09-02T19:10:00+00:00,765.39,-0.016005862388151826,0.002130786614341851
2026-09-02T19:15:00+00:00,765.41,-0.015980150159415896,0.002132737697431164
2026-09-02T19:20:00+00:00,765.23,-0.01621156021803971,0.0021346887805206993
2026-09-02T19:25:00+00:00,765.43,-0.015954437930679966,0.0021366398636100126
2026-09-02T19:30:00+00:00,765.305,-0.016115139360279862,0.002138590946699548
2026-09-02T19:35:00+00:00,765.08,-0.01640440193355963,0.002140542029788639
2026-09-02T19:40:00+00:00,765.345,-0.01606371490280778,0.0021424931128781743
2026-09-02T19:45:00+00:00,765.375,-0.016025146559703884,0.0021444441959677096
2026-09-02T19:50:00+00:00,765.23,-0.01621156021803971,0.002146395279057023
2026-09-02T19:55:00+00:00,765.13,-0.016340121361719695,0.002148346362146336
2026-09-02T20:00:00+00:00,765.2,-0.016250128561143606,0.0021502974452356494
2026-09-03T13:30:00+00:00,768.99,-0.011377661215674184,0.0021522485283251847
2026-09-03T13:35:00+00:00,769.735,-0.010419880695258676,0.0021542002899126445
2026-09-03T13:40:00+00:00,769.79,-0.010349172066234757,0.00215615205149966
2026-09-03T13:45:00+00:00,769.64,-0.010542013781754678,0.00215810381308712
2026-09-03T13:50:00+00:00,769.59,-0.010606294353594614,0.0021600555746745798
2026-09-03T13:55:00+00:00,769.54,-0.010670574925434662,0.0021620073362618175
2026-09-03T14:00:00+00:00,768.16,-0.012444718708217728,0.0021639590978490553
2026-09-03T14:05:00+00:00,767.78,-0.0129332510542014,0.002165910859436515
2026-09-03T14:10:00+00:00,768.37,-0.012174740306489795,0.002167862621023753
2026-09-03T14:15:00+00:00,768.87,-0.011531934588090098,0.0021698143826112126
2026-09-03T14:20:00+00:00,768.865,-0.01153836264527408,0.0021717661441982283
2026-09-03T14:25:00+00:00,768.67,-0.011789056875450066,0.002173717905785688
2026-09-03T14:30:00+00:00,767.96,-0.012701840995577474,0.002175669667373148
2026-09-03T14:35:00+00:00,768.2,-0.012393294250745646,0.0021776214289603857
2026-09-03T14:40:00+00:00,768.19,-0.01240615036511361,0.0021795731905476234
2026-09-03T14:45:00+00:00,768.75,-0.011686207960506012,0.0021815249521350832
2026-09-03T14:50:00+00:00,768.62,-0.011853337447290002,0.002183476713722321
2026-09-03T14:55:00+00:00,769.265,-0.011024118070554367,0.002185428475309781
2026-09-03T15:00:00+00:00,770.445,-0.009507096575131158,0.0021873802368970185
2026-09-03T15:05:00+00:00,770.73,-0.009140697315643376,0.0021893319984842563
2026-09-03T15:10:00+00:00,771.5,-0.008150776509307844,0.002191283760071716
2026-09-03T15:15:00+00:00,772.02,-0.007482258562172217,0.002193235521659176
2026-09-03T15:20:00+00:00,772.11,-0.007366553532860198,0.0021951872832461916
2026-09-03T15:25:00+00:00,772.93,-0.0063123521546848416,0.0021971390448336514
2026-09-03T15:30:00+00:00,772.855,-0.006408773012444691,0.002199090806420889
2026-09-03T15:35:00+00:00,772.465,-0.006910161472796439,0.002201042568008349
2026-09-03T15:40:00+00:00,772.58,-0.0067623161575645074,0.0022029943295955867
2026-09-03T15:45:00+00:00,772.935,-0.006305924097500859,0.0022049460911828245
2026-09-03T15:50:00+00:00,773.145,-0.006035945695772926,0.0022068978527702843
2026-09-03T15:55:00+00:00,773.3,-0.0058366759230691345,0.002208849614357744
2026-09-03T16:00:00+00:00,772.79,-0.006492337755836797,0.00221080137594476
2026-09-03T16:05:00+00:00,772.545,-0.006807312557852607,0.0022127531375322196
2026-09-03T16:10:00+00:00,772.69,-0.0066208988995165585,0.0022147048991196794
2026-09-03T16:15:00+00:00,772.77,-0.006518049984572727,0.002216656660706695
2026-09-03T16:20:00+00:00,772.525,-0.006833024786588537,0.002218608422294155
2026-09-03T16:25:00+00:00,772.45,-0.0069294456443483865,0.0022205601838816147
2026-09-03T16:30:00+00:00,772.46,-0.006916589529980421,0.0022225119454688524
2026-09-03T16:35:00+00:00,772.95,-0.0062866399259488,0.00222446370705609
2026-09-03T16:40:00+00:00,773.14,-0.00604237375295702,0.00222641546864355
2026-09-03T16:45:00+00:00,773.05,-0.006158078782268928,0.0022283672302307878
2026-09-03T16:50:00+00:00,772.84,-0.006428057183996749,0.0022303189918182476
2026-09-03T16:55:00+00:00,772.88,-0.006376632726524778,0.0022322707534052633
2026-09-03T17:00:00+00:00,772.77,-0.006518049984572727,0.002234222514992723
2026-09-03T17:05:00+00:00,772.43,-0.006955157873084539,0.002236174276580183
2026-09-03T17:10:00+00:00,772.39,-0.00700658233055651,0.0022381260381674206
2026-09-03T17:15:00+00:00,772.335,-0.007077290959580318,0.0022400777997546584
2026-09-03T17:20:00+00:00,772.295,-0.0071287154170524,0.002242029561342118
2026-09-03T17:25:00+00:00,772.64,-0.006685179471356606,0.002243981322929356
2026-09-03T17:30:00+00:00,772.85,-0.006415201069628673,0.0022459330845168157
2026-09-03T17:35:00+00:00,773.01,-0.006209503239740899,0.0022478848461040535
2026-09-03T17:40:00+00:00,773.07,-0.006132366553532886,0.0022498366076912912
2026-09-03T17:45:00+00:00,773.0,-0.006222359354108864,0.002251788369278751
2026-09-03T17:50:00+00:00,773.4,-0.005708114779389151,0.002253740130866211
2026-09-03T17:55:00+00:00,773.26,-0.005888100380540995,0.0022556918924532265
2026-09-03T18:00:00+00:00,773.75,-0.005258150776509374,0.0022576436540406863
2026-09-03T18:05:00+00:00,773.795,-0.00520029826185342,0.002259595415628146
2026-09-03T18:10:00+00:00,773.89,-0.005078165175357419,0.002261547177215384
2026-09-03T18:15:00+00:00,773.72,-0.005296719119613269,0.0022634989388026217
2026-09-03T18:20:00+00:00,773.71,-0.005309575233981234,0.0022654507003898594
2026-09-03T18:25:00+00:00,773.72,-0.005296719119613269,0.002267402461977319
2026-09-03T18:30:00+00:00,773.855,-0.005123161575645407,0.002269354223564779
2026-09-03T18:35:00+00:00,773.81,-0.005181014090301472,0.0022713059851517947
2026-09-03T18:40:00+00:00,773.6,-0.005450992492029183,0.0022732577467392545
2026-09-03T18:45:00+00:00,773.76,-0.005245294662141409,0.0022752095083267143
2026-09-03T18:50:00+00:00,773.57,-0.005489560835133189,0.00227716126991373
2026-09-03T18:55:00+00:00,773.67,-0.0053609996914533165,0.00227911303150119
2026-09-03T19:00:00+00:00,773.59,-0.005463848606397148,0.0022810647930886496
2026-09-03T19:05:00+00:00,773.56,-0.005502416949501265,0.0022830165546758874
2026-09-03T19:10:00+00:00,773.39,-0.005720970893757116,0.002284968316263125
2026-09-03T19:15:00+00:00,773.59,-0.005463848606397148,0.002286920077850585
2026-09-03T19:20:00+00:00,773.18,-0.0059909492954850485,0.0022888718394378227
2026-09-03T19:25:00+00:00,773.415,-0.005688830607837203,0.0022908236010252825
2026-09-03T19:30:00+00:00,773.33,-0.005798107579965017,0.002292775362612298
2026-09-03T19:35:00+00:00,773.43,-0.0056695464362852555,0.002294727124199758
2026-09-03T19:40:00+00:00,773.235,-0.0059202406664610185,0.002296678885787218
2026-09-03T19:45:00+00:00,773.26,-0.005888100380540995,0.0022986306473744555
2026-09-03T19:50:00+00:00,773.22,-0.005939524838012966,0.0023005824089616933
2026-09-03T19:55:00+00:00,773.22,-0.005939524838012966,0.002302534170549153
2026-09-03T20:00:00+00:00,773.115,-0.0060745140388769325,0.002304485932136391
2026-09-04T13:30:00+00:00,772.71,-0.006595186670780628,0.0023064376937238507
2026-09-04T13:35:00+00:00,772.505,-0.006858737015324579,0.0023083906241634367
2026-09-04T13:40:00+00:00,772.14,-0.007327985189756303,0.0023103435546025786
2026-09-04T13:45:00+00:00,772.53,-0.006826596729404555,0.0023122964850421646
2026-09-04T13:50:00+00:00,772.385,-0.007013010387740493,0.0023142494154817506
2026-09-04T13:55:00+00:00,772.31,-0.007109431245500453,0.0023162023459208925
2026-09-04T14:00:00+00:00,771.95,-0.007572251362748084,0.0023181552763604785
2026-09-04T14:05:00+00:00,771.55,-0.008086495937467908,0.0023201082068000645
2026-09-04T14:10:00+00:00,771.64,-0.007970790908156,0.0023220611372394284
2026-09-04T14:15:00+00:00,770.96,-0.008845006685179513,0.0023240140676787924
2026-09-04T14:20:00+00:00,771.08,-0.008690733312763488,0.0023259669981183784
2026-09-04T14:25:00+00:00,771.21,-0.008523603825979609,0.0023279199285577423
2026-09-04T14:30:00+00:00,770.77,-0.009089272858171404,0.0023298728589971063
2026-09-04T14:35:00+00:00,771.1,-0.008665021084027558,0.0023318257894366923
2026-09-04T14:40:00+00:00,770.3,-0.009693510233467095,0.0023337787198760562
2026-09-04T14:45:00+00:00,769.79,-0.010349172066234757,0.00233573165031542
2026-09-04T14:50:00+00:00,769.56,-0.01064486269669862,0.002337684580755006
2026-09-04T14:55:00+00:00,769.42,-0.010824848297850576,0.00233963751119437
2026-09-04T15:00:00+00:00,769.49,-0.010734855497274487,0.002341590441633956
2026-09-04T15:05:00+00:00,769.69,-0.01047773320991463,0.00234354337207332
2026-09-04T15:10:00+00:00,769.87,-0.010246323151290815,0.002345496302512684
2026-09-04T15:15:00+00:00,769.365,-0.010895556926874495,0.00234744923295227
2026-09-04T15:20:00+00:00,769.27,-0.011017690013370385,0.002349402163391412
2026-09-04T15:25:00+00:00,769.47,-0.010760567726010528,0.002351355093830998
2026-09-04T15:30:00+00:00,769.21,-0.011094826699578286,0.002353308024270584
2026-09-04T15:35:00+00:00,769.515,-0.010702715211354574,0.002355260954709726
2026-09-04T15:40:00+00:00,769.99,-0.0100920497788749,0.002357213885149312
2026-09-04T15:45:00+00:00,769.82,-0.010310603723130751,0.002359166815588898
2026-09-04T15:50:00+00:00,769.95,-0.010143474236346761,0.002361119746028262
2026-09-04T15:55:00+00:00,769.95,-0.010143474236346761,0.0023630726764676258
2026-09-04T16:00:00+00:00,770.115,-0.009931348349274893,0.0023650256069072118
2026-09-04T16:05:00+00:00,770.34,-0.009642085775995013,0.0023669785373465757
2026-09-04T16:10:00+00:00,770.73,-0.009140697315643376,0.0023689314677859397
2026-09-04T16:15:00+00:00,770.85,-0.008986423943227462,0.0023708843982255257
2026-09-04T16:20:00+00:00,770.88,-0.008947855600123455,0.0023728373286648896
2026-09-04T16:25:00+00:00,770.67,-0.009217834001851388,0.0023747902591042536
2026-09-04T16:30:00+00:00,770.9,-0.008922143371387525,0.0023767431895438396
2026-09-04T16:35:00+00:00,770.79,-0.009063560629435474,0.0023786961199832035
2026-09-04T16:40:00+00:00,770.93,-0.008883575028283519,0.0023806490504225675
2026-09-04T16:45:00+00:00,771.205,-0.008530031883163591,0.0023826019808621535
2026-09-04T16:50:00+00:00,771.105,-0.008658593026843575,0.0023845549113015174
2026-09-04T16:55:00+00:00,770.895,-0.008928571428571508,0.0023865078417411034
2026-09-04T17:00:00+00:00,770.5,-0.009436387946107239,0.0023884607721804674
2026-09-04T17:05:00+00:00,770.42,-0.009539236861051181,0.0023904137026198313
2026-09-04T17:10:00+00:00,770.36,-0.009616373547259083,0.0023923666330594173
2026-09-04T17:15:00+00:00,770.28,-0.009719222462203136,0.0023943195634987813
2026-09-04T17:20:00+00:00,770.1,-0.009950632520826952,0.0023962724939381452
2026-09-04T17:25:00+00:00,769.85,-0.010272035380026745,0.0023982254243777312
2026-09-04T17:30:00+00:00,769.64,-0.010542013781754678,0.002400178354817095
2026-09-04T17:35:00+00:00,769.645,-0.010535585724570695,0.002402131285256459
2026-09-04T17:40:00+00:00,769.34,-0.010927697212794407,0.002404084215696045
2026-09-04T17:45:00+00:00,769.395,-0.010856988583770488,0.002406037146135631
2026-09-04T17:50:00+00:00,769.39,-0.01086341664095447,0.002407990076574773
2026-09-04T17:55:00+00:00,769.47,-0.010760567726010528,0.002409943007014359
2026-09-04T18:00:00+00:00,769.31,-0.010966265555898524,0.002411895937453945
2026-09-04T18:05:00+00:00,769.58,-0.01061915046796258,0.002413848867893087
2026-09-04T18:10:00+00:00,769.655,-0.01052272961020273,0.002415801798332673
2026-09-04T18:15:00+00:00,769.75,-0.010400596523706729,0.002417754728772259
2026-09-04T18:20:00+00:00,769.91,-0.010194898693818844,0.002419707659211401
2026-09-04T18:25:00+00:00,769.875,-0.010239895094106832,0.002421660589650987
2026-09-04T18:30:00+00:00,769.995,-0.010085621721690918,0.002423613520090351
2026-09-04T18:35:00+00:00,769.855,-0.010265607322842762,0.002425566450529937
2026-09-04T18:40:00+00:00,770.15,-0.009886351948987016,0.0024275193809693008
2026-09-04T18:45:00+00:00,770.22,-0.009796359148411038,0.0024294723114086647
2026-09-04T18:50:00+00:00,770.25,-0.009757790805307032,0.0024314252418482507
2026-09-04T18:55:00+00:00,770.26,-0.009744934690939067,0.0024333781722876147
2026-09-04T19:00:00+00:00,769.71,-0.010452020981178589,0.0024353311027269786
2026-09-04T19:05:00+00:00,769.685,-0.010484161267098724,0.0024372840331665646
2026-09-04T19:10:00+00:00,769.615,-0.01057415406767459,0.0024392369636059286
2026-09-04T19:15:00+00:00,769.66,-0.010516301553018748,0.0024411898940452925
2026-09-04T19:20:00+00:00,769.77,-0.010374884294970799,0.0024431428244848785
2026-09-04T19:25:00+00:00,769.95,-0.010143474236346761,0.0024450957549242425
2026-09-04T19:30:00+00:00,769.985,-0.010098477836058883,0.0024470486853636064
2026-09-04T19:35:00+00:00,769.755,-0.010394168466522746,0.0024490016158031924
2026-09-04T19:40:00+00:00,769.9,-0.010207754808186809,0.0024509545462427784
2026-09-04T19:45:00+00:00,770.13,-0.009912064177722946,0.0024529074766819203
2026-09-04T19:50:00+00:00,770.395,-0.009571377146971205,0.0024548604071215063
2026-09-04T19:55:00+00:00,770.18,-0.00984778360588301,0.0024568133375610923
2026-09-04T20:00:00+00:00,770.18,-0.00984778360588301,0.0024587662680002342
2026-09-08T13:30:00+00:00,768.825,-0.011589787102746052,0.0026150244511651266
2026-09-08T13:35:00+00:00,768.16,-0.012444718708217728,0.0026169795202453106
2026-09-08T13:40:00+00:00,767.26,-0.013601769001337138,0.0026189345893254945
2026-09-08T13:45:00+00:00,767.72,-0.013010387740409302,0.0026208896584059005
2026-09-08T13:50:00+00:00,767.26,-0.013601769001337138,0.0026228447274860844
2026-09-08T13:55:00+00:00,767.44,-0.013370358942713101,0.0026247997965662684
2026-09-08T14:00:00+00:00,766.96,-0.013987452432376868,0.0026267548656464523
2026-09-08T14:05:00+00:00,766.42,-0.014681682608248536,0.0026287099347266363
2026-09-08T14:10:00+00:00,766.46,-0.014630258150776454,0.0026306650038068202
2026-09-08T14:15:00+00:00,766.58,-0.01447598477836054,0.002632620072887226
2026-09-08T14:20:00+00:00,767.05,-0.01387174740306496,0.00263457514196741
2026-09-08T14:25:00+00:00,766.71,-0.014308855291576661,0.002636530211047594
2026-09-08T14:30:00+00:00,767.005,-0.013929599917720914,0.002638485280127778
2026-09-08T14:35:00+00:00,766.9,-0.01406458911858488,0.002640440349207962
2026-09-08T14:40:00+00:00,767.115,-0.013788182659672965,0.002642395418288368
2026-09-08T14:45:00+00:00,767.26,-0.013601769001337138,0.002644350487368552
2026-09-08T14:50:00+00:00,767.63,-0.01312609276972132,0.002646305556448736
2026-09-08T14:55:00+00:00,767.65,-0.01310038054098539,0.00264826062552892
2026-09-08T15:00:00+00:00,767.695,-0.013042528026329325,0.0026502156946091038
2026-09-08T15:05:00+00:00,767.68,-0.013061812197881384,0.0026521707636895098
2026-09-08T15:10:00+00:00,768.04,-0.012598992080633642,0.0026541258327696937
2026-09-08T15:15:00+00:00,768.02,-0.012624704309369572,0.0026560809018498777
2026-09-08T15:20:00+00:00,768.0,-0.012650416538105613,0.0026580359709300616
2026-09-08T15:25:00+00:00,767.83,-0.012868970482361353,0.0026599910400102456
2026-09-08T15:30:00+00:00,767.785,-0.012926822997017418,0.0026619461090904295
2026-09-08T15:35:00+00:00,767.51,-0.013280366142137234,0.0026639011781708355
2026-09-08T15:40:00+00:00,767.96,-0.012701840995577474,0.0026658562472510194
2026-09-08T15:45:00+00:00,767.565,-0.013209657513113204,0.0026678113163312034
2026-09-08T15:50:00+00:00,767.545,-0.013235369741849357,0.0026697663854113873
2026-09-08T15:55:00+00:00,767.395,-0.013428211457369166,0.0026717214544915713
2026-09-08T16:00:00+00:00,767.655,-0.013093952483801408,0.0026736765235719773
2026-09-08T16:05:00+00:00,767.37,-0.01346035174328919,0.0026756315926521612
2026-09-08T16:10:00+00:00,767.245,-0.013621053172889086,0.002677586661732345
2026-09-08T16:15:00+00:00,766.925,-0.014032448832664968,0.002679541730812529
2026-09-08T16:20:00+00:00,767.4,-0.013421783400185183,0.002681496799892713
2026-09-08T16:25:00+00:00,767.08,-0.013833179059960954,0.002683451868973119
2026-09-08T16:30:00+00:00,767.2,-0.013678905687544929,0.002685406938053303
2026-09-08T16:35:00+00:00,766.97,-0.013974596318008903,0.002687362007133487
2026-09-08T16:40:00+00:00,767.005,-0.013929599917720914,0.002689317076213671
2026-09-08T16:45:00+00:00,767.245,-0.013621053172889086,0.002691272145293855
2026-09-08T16:50:00+00:00,767.24,-0.013627481230073069,0.002693227214374261
2026-09-08T16:55:00+00:00,766.95,-0.014000308546744833,0.002695182283454667
2026-09-08T17:00:00+00:00,767.87,-0.012817546024889492,0.0026971373525348508
2026-09-08T17:05:00+00:00,767.58,-0.013190373341561257,0.0026990924216150347
2026-09-08T17:10:00+00:00,767.635,-0.013119664712537338,0.0027010474906952187
2026-09-08T17:15:00+00:00,767.63,-0.01312609276972132,0.0027030025597754026
2026-09-08T17:20:00+00:00,767.68,-0.013061812197881384,0.0027049576288558086
2026-09-08T17:25:00+00:00,767.475,-0.013325362542425223,0.0027069126979359925
2026-09-08T17:30:00+00:00,767.72,-0.013010387740409302,0.0027088677670161765
2026-09-08T17:35:00+00:00,767.695,-0.013042528026329325,0.0027108228360963604
2026-09-08T17:40:00+00:00,767.315,-0.013531060372312997,0.0027127779051765444
2026-09-08T17:45:00+00:00,767.59,-0.013177517227193292,0.0027147329742569504
2026-09-08T17:50:00+00:00,767.76,-0.012958963282937441,0.0027166880433371343
2026-09-08T17:55:00+00:00,767.56,-0.013216085570297298,0.0027186431124173183
2026-09-08T18:00:00+00:00,767.59,-0.013177517227193292,0.002720598181497502
2026-09-08T18:05:00+00:00,767.77,-0.012946107168569476,0.002722553250577686
2026-09-08T18:10:00+00:00,767.76,-0.012958963282937441,0.00272450831965787
2026-09-08T18:15:00+00:00,767.81,-0.012894682711097505,0.002726463388738276
2026-09-08T18:20:00+00:00,767.61,-0.01315180499845725,0.00272841845781846
2026-09-08T18:25:00+00:00,767.765,-0.012952535225753459,0.002730373526898644
2026-09-08T18:30:00+00:00,767.525,-0.013261081970585287,0.002732328595978828
2026-09-08T18:35:00+00:00,767.17,-0.013717474030649046,0.002734283665059012
2026-09-08T18:40:00+00:00,767.52,-0.01326751002776927,0.002736238734139418
2026-09-08T18:45:00+00:00,766.26,-0.014887380438136422,0.002738193803219602
2026-09-08T18:50:00+00:00,766.98,-0.013961740203640827,0.0027401488722997858
2026-09-08T18:55:00+00:00,766.79,-0.01420600637663283,0.0027421039413799697
2026-09-08T19:00:00+00:00,766.63,-0.014411704206520715,0.0027440590104601537
2026-09-08T19:05:00+00:00,766.825,-0.01416100997634473,0.0027460140795405596
2026-09-08T19:10:00+00:00,766.91,-0.014051733004216915,0.0027479691486207436
2026-09-08T19:15:00+00:00,766.715,-0.014302427234392678,0.0027499242177009275
2026-09-08T19:20:00+00:00,766.58,-0.01447598477836054,0.0027518792867811115
2026-09-08T19:25:00+00:00,766.97,-0.013974596318008903,0.0027538343558612954
2026-09-08T19:30:00+00:00,767.09,-0.013820322945592878,0.0027557894249414794
2026-09-08T19:35:00+00:00,766.99,-0.013948884089272862,0.0027577444940218854
2026-09-08T19:40:00+00:00,766.82,-0.014167438033528712,0.0027596995631020693
2026-09-08T19:45:00+00:00,766.54,-0.014527409235832622,0.0027616546321822533
2026-09-08T19:50:00+00:00,765.71,-0.015594466728376055,0.002763609701262437
2026-09-08T19:55:00+00:00,766.06,-0.01514450272549639,0.002765564770342621
2026-09-08T20:00:00+00:00,766.06,-0.01514450272549639,0.002767519839423027
2026-09-09T13:30:00+00:00,764.155,-0.017593592512599066,0.002769474908503211
2026-09-09T13:35:00+00:00,763.8,-0.018049984572662825,0.0027714319097913442
2026-09-09T13:40:00+00:00,763.75,-0.01811426514450276,0.0027733889110796994
2026-09-09T13:45:00+00:00,763.885,-0.0179407076005349,0.0027753459123680546
2026-09-09T13:50:00+00:00,763.785,-0.018069268744214884,0.0027773029136561878
2026-09-09T13:55:00+00:00,764.13,-0.017625732798518978,0.002779259914944543
2026-09-09T14:00:00+00:00,763.84,-0.017998560115190743,0.002781216916232676
2026-09-09T14:05:00+00:00,764.06,-0.017715725599095067,0.0027831739175210313
2026-09-09T14:10:00+00:00,763.885,-0.0179407076005349,0.0027851309188091644
2026-09-09T14:15:00+00:00,763.055,-0.019007765093078333,0.0027870879200975196
2026-09-09T14:20:00+00:00,762.705,-0.019457729095958,0.002789044921385875
2026-09-09T14:25:00+00:00,763.98,-0.0178185745140389,0.002791001922674008
2026-09-09T14:30:00+00:00,763.485,-0.018454952175254613,0.002792958923962141
2026-09-09T14:35:00+00:00,763.605,-0.0183006788028387,0.0027949159252504963
2026-09-09T14:40:00+00:00,763.72,-0.018152833487606657,0.0027968729265388514
2026-09-09T14:45:00+00:00,763.73,-0.01813997737323869,0.0027988299278272066
2026-09-09T14:50:00+00:00,763.65,-0.018242826288182745,0.0028007869291153398
2026-09-09T14:55:00+00:00,763.78,-0.018075696801398866,0.002802743930403473
2026-09-09T15:00:00+00:00,762.87,-0.01924560320888613,0.002804700931691828
2026-09-09T15:05:00+00:00,762.18,-0.02013267510027783,0.0028066579329799612
2026-09-09T15:10:00+00:00,761.63,-0.020839761390517353,0.0028086149342683164
2026-09-09T15:15:00+00:00,761.97,-0.02040265350200554,0.0028105719355566716
2026-09-09T15:20:00+00:00,761.07,-0.02155970379512495,0.0028125289368448048
2026-09-09T15:25:00+00:00,761.54,-0.02095546641982937,0.002814485938132938
2026-09-09T15:30:00+00:00,762.15,-0.020171243443381726,0.002816442939421293
2026-09-09T15:35:00+00:00,762.89,-0.0192198909801502,0.0028183999407096483
2026-09-09T15:40:00+00:00,762.23,-0.020068394528437783,0.0028203569419980035
2026-09-09T15:45:00+00:00,762.29,-0.01999125784222988,0.0028223139432861366
2026-09-09T15:50:00+00:00,762.54,-0.019669854983029977,0.0028242709445742697
2026-09-09T15:55:00+00:00,762.18,-0.02013267510027783,0.002826227945862625
2026-09-09T16:00:00+00:00,762.37,-0.019888408927285828,0.002828184947150758
2026-09-09T16:05:00+00:00,761.58,-0.02090404196235729,0.0028301419484391133
2026-09-09T16:10:00+00:00,761.645,-0.020820477218965405,0.0028320989497274685
2026-09-09T16:15:00+00:00,761.44,-0.021084027563509133,0.0028340559510156016
2026-09-09T16:20:00+00:00,761.74,-0.020698344132469404,0.0028360129523037347
2026-09-09T16:25:00+00:00,761.62,-0.020852617504885318,0.00283796995359209
2026-09-09T16:30:00+00:00,762.09,-0.020248380129589627,0.002839926954880223
2026-09-09T16:35:00+00:00,762.25,-0.020042682299701742,0.0028418839561688003
2026-09-09T16:40:00+00:00,762.36,-0.019901265041653793,0.0028438409574569334
2026-09-09T16:45:00+00:00,762.5,-0.01972127944050195,0.0028457979587450666
2026-09-09T16:50:00+00:00,762.685,-0.01948344132469415,0.0028477549600334218
2026-09-09T16:55:00+00:00,762.56,-0.019644142754294047,0.002849711961321555
2026-09-09T17:00:00+00:00,762.38,-0.019875552812917863,0.00285166896260991
2026-09-09T17:05:00+00:00,762.65,-0.01952843772498203,0.0028536259638982653
2026-09-09T17:10:00+00:00,763.12,-0.018924200349686338,0.0028555829651863984
2026-09-09T17:15:00+00:00,762.91,-0.01919417875141427,0.0028575399664747536
2026-09-09T17:20:00+00:00,763.19,-0.01883420754911036,0.0028594969677628868
2026-09-09T17:25:00+00:00,762.92,-0.019181322637046305,0.00286145396905102
2026-09-09T17:30:00+00:00,762.81,-0.019322739895094254,0.002863410970339597
2026-09-09T17:35:00+00:00,762.44,-0.01979841612670985,0.0028653679716277303
2026-09-09T17:40:00+00:00,762.94,-0.019155610408310153,0.0028673249729158634
2026-09-09T17:45:00+00:00,763.09,-0.018962768692790344,0.0028692819742042186
2026-09-09T17:50:00+00:00,763.27,-0.01873135863416653,0.0028712389754923517
2026-09-09T17:55:00+00:00,763.025,-0.01904633343618234,0.002873195976780707
2026-09-09T18:00:00+00:00,763.08,-0.01897562480715831,0.002875152978069062
2026-09-09T18:05:00+00:00,762.74,-0.01941273269567012,0.0028771099793571953
2026-09-09T18:10:00+00:00,762.46,-0.01977270389797392,0.0028790669806455504
2026-09-09T18:15:00+00:00,762.525,-0.019689139154582036,0.0028810239819336836
2026-09-09T18:20:00+00:00,762.965,-0.01912347012239024,0.0028829809832218167
2026-09-09T18:25:00+00:00,762.835,-0.01929059960917412,0.002884937984510394
2026-09-09T18:30:00+00:00,762.74,-0.01941273269567012,0.002886894985798527
2026-09-09T18:35:00+00:00,763.0,-0.01907847372210225,0.0028888519870866602
2026-09-09T18:40:00+00:00,763.2,-0.018821351434742395,0.0028908089883750154
2026-09-09T18:45:00+00:00,762.97,-0.019117042065206258,0.0028927659896631486
2026-09-09T18:50:00+00:00,763.28,-0.018718502519798452,0.0028947229909515038
2026-09-09T18:55:00+00:00,762.92,-0.019181322637046305,0.002896679992239859
2026-09-09T19:00:00+00:00,762.68,-0.019489869381878133,0.002898636993527992
2026-09-09T19:05:00+00:00,763.1,-0.018949912578422268,0.0029005939948163473
2026-09-09T19:10:00+00:00,762.96,-0.019129898179574223,0.0029025509961044804
2026-09-09T19:15:00+00:00,763.3,-0.018692790291062522,0.0029045079973926136
2026-09-09T19:20:00+00:00,763.22,-0.018795639206006354,0.002906464998681191
2026-09-09T19:25:00+00:00,763.12,-0.018924200349686338,0.002908421999969324
2026-09-09T19:30:00+00:00,763.03,-0.019039905378998356,0.002910379001257457
2026-09-09T19:35:00+00:00,762.795,-0.019342024066646202,0.0029123360025458123
2026-09-09T19:40:00+00:00,762.84,-0.019284171551990137,0.0029142930038339454
2026-09-09T19:45:00+00:00,762.83,-0.019297027666358102,0.0029162500051225226
2026-09-09T19:50:00+00:00,762.415,-0.019830556412629985,0.0029182070064106558
2026-09-09T19:55:00+00:00,762.425,-0.01981770029826191,0.002920164007698789
2026-09-09T20:00:00+00:00,762.28,-0.020004113956597847,0.002922121008987144
2026-09-10T13:30:00+00:00,757.79,-0.025776509307826934,0.0029240780102752773
2026-09-10T13:35:00+00:00,758.43,-0.02495371798827528,0.002926037941226589
2026-09-10T13:40:00+00:00,758.135,-0.025332973362131028,0.002927997872177901
2026-09-10T13:45:00+00:00,758.66,-0.02465802735781142,0.002929957803129435
2026-09-10T13:50:00+00:00,757.32,-0.026380746683122513,0.002931917734080969
2026-09-10T13:55:00+00:00,756.81,-0.027036408515890287,0.0029338776650322806
2026-09-10T14:00:00+00:00,757.26,-0.026457883369330526,0.0029358375959835925
2026-09-10T14:05:00+00:00,756.75,-0.027113545202098188,0.0029377975269351264
2026-09-10T14:10:00+00:00,757.355,-0.026335750282834525,0.0029397574578864383
2026-09-10T14:15:00+00:00,758.08,-0.025403681991154947,0.00294171738883775
2026-09-10T14:20:00+00:00,759.33,-0.02379666769515576,0.002943677319789062
2026-09-10T14:25:00+00:00,758.71,-0.02459374678597137,0.002945637250740818
2026-09-10T14:30:00+00:00,758.995,-0.02422734752648359,0.00294759718169213
2026-09-10T14:35:00+00:00,759.325,-0.023803095752339742,0.0029495571126434417
2026-09-10T14:40:00+00:00,758.79,-0.02449089787102754,0.0029515170435947535
2026-09-10T14:45:00+00:00,758.81,-0.02446518564229161,0.0029534769745462874
2026-09-10T14:50:00+00:00,759.16,-0.024015221639411832,0.0029554369054975993
2026-09-10T14:55:00+00:00,759.39,-0.02371953100894786,0.002957396836448911
2026-09-10T15:00:00+00:00,758.85,-0.024413761184819527,0.002959356767400445
2026-09-10T15:05:00+00:00,759.07,-0.02413092666872363,0.002961316698351979
2026-09-10T15:10:00+00:00,759.07,-0.02413092666872363,0.002963276629303291
2026-09-10T15:15:00+00:00,759.01,-0.02420806335493164,0.0029652365602546027
2026-09-10T15:20:00+00:00,759.3,-0.023835236038259877,0.0029671964912059146
2026-09-10T15:25:00+00:00,759.185,-0.02398308135349181,0.0029691564221574485
2026-09-10T15:30:00+00:00,759.42,-0.023680962665843963,0.0029711163531087603
2026-09-10T15:35:00+00:00,759.22,-0.02393808495320371,0.002973076284060072
2026-09-10T15:40:00+00:00,759.42,-0.023680962665843963,0.002975036215011606
2026-09-10T15:45:00+00:00,759.135,-0.024047361925331745,0.00297699614596314
2026-09-10T15:50:00+00:00,758.65,-0.024670883472179383,0.002978956076914452
2026-09-10T15:55:00+00:00,758.56,-0.024786588501491402,0.0029809160078657637
2026-09-10T16:00:00+00:00,758.54,-0.024812300730227332,0.0029828759388170756
2026-09-10T16:05:00+00:00,758.095,-0.025384397819603,0.0029848358697686095
2026-09-10T16:10:00+00:00,758.155,-0.025307261133395098,0.0029867958007199213
2026-09-10T16:15:00+00:00,758.12,-0.025352257533683087,0.0029887557316714553
2026-09-10T16:20:00+00:00,758.05,-0.025442250334259064,0.002990715662622767
2026-09-10T16:25:00+00:00,758.085,-0.025397253933970965,0.002992675593574079
2026-09-10T16:30:00+00:00,757.54,-0.026097912167026727,0.002994635524525613
2026-09-10T16:35:00+00:00,758.22,-0.025223696390003103,0.0029965954554769247
2026-09-10T16:40:00+00:00,758.86,-0.024400905070451562,0.0029985553864282366
2026-09-10T16:45:00+00:00,758.91,-0.024336624498611625,0.0030005153173795485
2026-09-10T16:50:00+00:00,759.16,-0.024015221639411832,0.0030024752483313044
2026-09-10T16:55:00+00:00,759.205,-0.023957369124755767,0.0030044351792826163
2026-09-10T17:00:00+00:00,758.99,-0.02423377558366757,0.003006395110233928
2026-09-10T17:05:00+00:00,758.97,-0.024259487812403613,0.00300835504118524
2026-09-10T17:10:00+00:00,759.035,-0.02417592306901173,0.003010314972136774
2026-09-10T17:15:00+00:00,758.97,-0.024259487812403613,0.0030122749030880858
2026-09-10T17:20:00+00:00,758.65,-0.024670883472179383,0.0030142348340393976
2026-09-10T17:25:00+00:00,758.635,-0.024690167643731442,0.0030161947649909315
2026-09-10T17:30:00+00:00,758.65,-0.024670883472179383,0.0030181546959424654
2026-09-10T17:35:00+00:00,758.06,-0.0254293942198911,0.0030201146268937773
2026-09-10T17:40:00+00:00,758.45,-0.02492800575953924,0.003022074557845089
2026-09-10T17:45:00+00:00,758.25,-0.025185128046899097,0.003024034488796401
2026-09-10T17:50:00+00:00,758.36,-0.025043710788851148,0.003025994419747935
2026-09-10T17:55:00+00:00,758.305,-0.02511441941787529,0.003027954350699247
2026-09-10T18:00:00+00:00,757.98,-0.02553224313483493,0.0030299142816507807
2026-09-10T18:05:00+00:00,757.74,-0.02584078987966676,0.0030318742126020926
2026-09-10T18:10:00+00:00,757.74,-0.02584078987966676,0.0030338341435536265
2026-09-10T18:15:00+00:00,757.71,-0.025879358222770765,0.0030357940745049383
2026-09-10T18:20:00+00:00,757.8,-0.025763653193458858,0.00303775400545625
2026-09-10T18:25:00+00:00,757.69,-0.025905070451506695,0.003039713936407562
2026-09-10T18:30:00+00:00,757.61,-0.02600791936645075,0.003041673867359096
2026-09-10T18:35:00+00:00,757.83,-0.02572508485035485,0.003043633798310408
2026-09-10T18:40:00+00:00,757.82,-0.025737940964722816,0.0030455937292619417
2026-09-10T18:45:00+00:00,757.8,-0.025763653193458858,0.0030475536602132536
2026-09-10T18:50:00+00:00,757.95,-0.025570811477938937,0.0030495135911647875
2026-09-10T18:55:00+00:00,757.775,-0.02579579347937888,0.0030514735221160993
2026-09-10T19:00:00+00:00,757.335,-0.026361462511570455,0.003053433453067411
2026-09-10T19:05:00+00:00,757.97,-0.025545099249202896,0.003055393384018723
2026-09-10T19:10:00+00:00,757.83,-0.02572508485035485,0.003057353314970035
2026-09-10T19:15:00+00:00,757.505,-0.026142908567314715,0.003059313245921791
2026-09-10T19:20:00+00:00,757.715,-0.025872930165586783,0.0030612731768731027
2026-09-10T19:25:00+00:00,757.615,-0.026001491309266767,0.0030632331078244146
2026-09-10T19:30:00+00:00,757.925,-0.02560295176385896,0.0030651930387757265
2026-09-10T19:35:00+00:00,758.01,-0.025493674791731036,0.0030671529697272604
2026-09-10T19:40:00+00:00,758.03,-0.025467962562994995,0.0030691129006785722
2026-09-10T19:45:00+00:00,758.15,-0.02531368919057908,0.003071072831629884
2026-09-10T19:50:00+00:00,757.86,-0.025686516507250845,0.003073032762581418
2026-09-10T19:55:00+00:00,757.87,-0.02567366039288288,0.003074992693532952
2026-09-10T20:00:00+00:00,757.87,-0.02567366039288288,0.0030769526244842638
2026-09-11T13:30:00+00:00,765.775,-0.015510901984984171,0.0030789125554355756
2026-09-11T13:35:00+00:00,765.52,-0.015838732901367947,0.0030808727889672927
2026-09-11T13:40:00+00:00,765.43,-0.015954437930679966,0.0030828330224987877
2026-09-11T13:45:00+00:00,764.97,-0.01654581919160758,0.0030847932560305047
2026-09-11T13:50:00+00:00,765.055,-0.016436542219479655,0.0030867534895622217
2026-09-11T13:55:00+00:00,766.27,-0.014874524323768457,0.0030887137230939388
2026-09-11T14:00:00+00:00,765.42,-0.01596729404504793,0.0030906739566254338
2026-09-11T14:05:00+00:00,765.34,-0.016070142959991762,0.003092634190157151
2026-09-11T14:10:00+00:00,764.87,-0.016674380335287453,0.003094594423688646
2026-09-11T14:15:00+00:00,765.74,-0.015555898385272049,0.003096554657220363
2026-09-11T14:20:00+00:00,765.73,-0.015568754499640014,0.003098514890751858
2026-09-11T14:25:00+00:00,765.83,-0.01544019335596003,0.003100475124283797
2026-09-11T14:30:00+00:00,764.74,-0.016841509822071443,0.003102435357815292
2026-09-11T14:35:00+00:00,764.34,-0.017355754396791157,0.003104395591347009
2026-09-11T14:40:00+00:00,764.045,-0.017735009770647014,0.003106355824878726
2026-09-11T14:45:00+00:00,764.73,-0.01685436593643941,0.003108316058410221
2026-09-11T14:50:00+00:00,764.09,-0.01767715725599095,0.003110276291941938
2026-09-11T14:55:00+00:00,763.965,-0.017837858685590846,0.003112236525473433
2026-09-11T15:00:00+00:00,764.66,-0.016944358737015386,0.003114196759005372
2026-09-11T15:05:00+00:00,764.89,-0.016648668106551523,0.003116156992536867
2026-09-11T15:10:00+00:00,764.59,-0.017034351537591252,0.003118117226068584
2026-09-11T15:15:00+00:00,765.375,-0.016025146559703884,0.003120077459600079
2026-09-11T15:20:00+00:00,765.86,-0.015401625012856135,0.003122037693131796
2026-09-11T15:25:00+00:00,765.99,-0.015234495526072256,0.003123997926663291
2026-09-11T15:30:00+00:00,765.905,-0.015343772498200181,0.003125958160195008
2026-09-11T15:35:00+00:00,765.96,-0.015273063869176151,0.003127918393726503
2026-09-11T15:40:00+00:00,766.135,-0.015048081867736318,0.0031298786272584422
2026-09-11T15:45:00+00:00,765.975,-0.015253779697624203,0.0031318388607901593
2026-09-11T15:50:00+00:00,765.54,-0.015813020672632017,0.0031337990943216543
2026-09-11T15:55:00+00:00,765.78,-0.015504473927800189,0.0031357593278533713
2026-09-11T16:00:00+00:00,766.18,-0.014990229353080475,0.0031377195613848663
2026-09-11T16:05:00+00:00,765.85,-0.0154144811272241,0.0031396797949165833
2026-09-11T16:10:00+00:00,765.55,-0.01580016455826405,0.0031416400284480783
2026-09-11T16:15:00+00:00,765.52,-0.015838732901367947,0.0031436002619800174
2026-09-11T16:20:00+00:00,765.36,-0.016044430731255832,0.0031455604955115124
2026-09-11T16:25:00+00:00,764.87,-0.016674380335287453,0.0031475207290432294
2026-09-11T16:30:00+00:00,765.645,-0.01567803147176805,0.0031494809625747244
2026-09-11T16:35:00+00:00,764.92,-0.016610099763447628,0.0031514411961064415
2026-09-11T16:40:00+00:00,765.47,-0.015903013473207883,0.0031534014296381585
2026-09-11T16:45:00+00:00,765.37,-0.016031574616887867,0.0031553616631696535
2026-09-11T16:50:00+00:00,765.41,-0.015980150159415896,0.0031573218967015926
2026-09-11T16:55:00+00:00,765.645,-0.01567803147176805,0.0031592821302330876
2026-09-11T17:00:00+00:00,765.65,-0.015671603414584068,0.0031612423637648046
2026-09-11T17:05:00+00:00,765.74,-0.015555898385272049,0.0031632025972962996
2026-09-11T17:10:00+00:00,765.535,-0.015819448729816,0.0031651628308280166
2026-09-11T17:15:00+00:00,765.87,-0.01538876889848817,0.0031671230643595116
2026-09-11T17:20:00+00:00,766.17,-0.01500308546744844,0.0031690832978912287
2026-09-11T17:25:00+00:00,765.995,-0.015228067468888273,0.0031710435314229457
2026-09-11T17:30:00+00:00,766.015,-0.015202355240152232,0.0031730037649546627
2026-09-11T17:35:00+00:00,765.815,-0.015459477527512089,0.0031749639984861577
2026-09-11T17:40:00+00:00,765.86,-0.015401625012856135,0.0031769242320178748
2026-09-11T17:45:00+00:00,765.9,-0.015350200555384164,0.003178884465549592
2026-09-11T17:50:00+00:00,765.845,-0.015420909184408083,0.003180844699081087
2026-09-11T17:55:00+00:00,765.745,-0.015549470328088066,0.003182804932612804
2026-09-11T18:00:00+00:00,765.87,-0.01538876889848817,0.003184765166144521
2026-09-11T18:05:00+00:00,765.69,-0.015620178957111985,0.003186725399676238
2026-09-11T18:10:00+00:00,765.595,-0.015742312043607987,0.003188685633207733
2026-09-11T18:15:00+00:00,765.58,-0.015761596215159934,0.00319064586673945
2026-09-11T18:20:00+00:00,765.34,-0.016070142959991762,0.003192606100270945
2026-09-11T18:25:00+00:00,765.53,-0.01582587678699998,0.003194566333802662
2026-09-11T18:30:00+00:00,765.43,-0.015954437930679966,0.003196526567334157
2026-09-11T18:35:00+00:00,765.3,-0.016121567417463845,0.003198486800865874
2026-09-11T18:40:00+00:00,765.13,-0.016340121361719695,0.003200447034397591
2026-09-11T18:45:00+00:00,765.06,-0.016430114162295673,0.003202407267929308
2026-09-11T18:50:00+00:00,765.05,-0.016442970276663638,0.003204367501461025
2026-09-11T18:55:00+00:00,765.025,-0.01647511056258366,0.00320632773499252
2026-09-11T19:00:00+00:00,765.12,-0.01635297747608766,0.003208287968524237
2026-09-11T19:05:00+00:00,764.78,-0.016790085364599472,0.003210248202055732
2026-09-11T19:10:00+00:00,764.84,-0.01671294867839146,0.003212208435587449
2026-09-11T19:15:00+00:00,765.0,-0.016507250848503574,0.003214168669119166
2026-09-11T19:20:00+00:00,765.21,-0.01623727244677564,0.0032161289026508832
2026-09-11T19:25:00+00:00,765.02,-0.016481538619767644,0.0032180891361823782
2026-09-11T19:30:00+00:00,764.965,-0.016552247248791563,0.0032200493697140953
2026-09-11T19:35:00+00:00,764.935,-0.01659081559189557,0.0032220096032455903
2026-09-11T19:40:00+00:00,765.02,-0.016481538619767644,0.0032239698367773073
2026-09-11T19:45:00+00:00,764.75,-0.016828653707703478,0.0032259300703088023
2026-09-11T19:50:00+00:00,764.67,-0.01693150262264742,0.0032278903038407414
2026-09-11T19:55:00+00:00,764.14,-0.017612876684151013,0.0032298505373724584
2026-09-11T20:00:00+00:00,764.29,-0.017420034968631204,0.0032318107709039534
2026-09-14T13:30:00+00:00,758.685,-0.024625887071891506,0.0032337710044356704
2026-09-14T13:35:00+00:00,758.565,-0.02478016044430731,0.0032357315405942
2026-09-14T13:40:00+00:00,759.395,-0.023713102951763876,0.0032376920767527295
2026-09-14T13:45:00+00:00,760.34,-0.02249820014398851,0.003239652612911481
2026-09-14T13:50:00+00:00,760.18,-0.022703897973876508,0.0032416131490702327
2026-09-14T13:55:00+00:00,760.0,-0.022935308032500323,0.003243573685228762
2026-09-14T14:00:00+00:00,760.42,-0.02239535122904468,0.0032455342213872918
2026-09-14T14:05:00+00:00,760.86,-0.021829682196852884,0.0032474947575460433
2026-09-14T14:10:00+00:00,760.46,-0.022343926771572598,0.003249455293704573
2026-09-14T14:15:00+00:00,759.785,-0.02321171449141224,0.0032514158298631024
2026-09-14T14:20:00+00:00,758.85,-0.024413761184819527,0.003253376366021632
2026-09-14T14:25:00+00:00,758.81,-0.02446518564229161,0.0032553369021803835
2026-09-14T14:30:00+00:00,759.1,-0.024092358325619623,0.003257297438339135
2026-09-14T14:35:00+00:00,758.465,-0.024908721587987293,0.0032592579744976646
2026-09-14T14:40:00+00:00,758.66,-0.02465802735781142,0.003261218510656194
2026-09-14T14:45:00+00:00,758.61,-0.024722307929651355,0.0032631790468147237
2026-09-14T14:50:00+00:00,758.22,-0.025223696390003103,0.0032651395829732532
2026-09-14T14:55:00+00:00,758.58,-0.02476087627275536,0.003267100119132005
2026-09-14T15:00:00+00:00,758.16,-0.025300833076211116,0.0032690606552907564
2026-09-14T15:05:00+00:00,759.165,-0.02400879358222774,0.003271021191449286
2026-09-14T15:10:00+00:00,758.695,-0.02461303095752332,0.0032729817276078155
2026-09-14T15:15:00+00:00,759.08,-0.024118070554355664,0.003274942263766567
2026-09-14T15:20:00+00:00,759.54,-0.02352668929342805,0.0032769027999250966
2026-09-14T15:25:00+00:00,759.61,-0.02343669649285207,0.003278863336083626
2026-09-14T15:30:00+00:00,760.805,-0.021900390825876914,0.0032808238722421557
2026-09-14T15:35:00+00:00,761.21,-0.021379718193972996,0.003282784408400685
2026-09-14T15:40:00+00:00,762.065,-0.02028052041550954,0.003284744944559659
2026-09-14T15:45:00+00:00,761.51,-0.020994034762933267,0.0032867054807181884
2026-09-14T15:50:00+00:00,761.85,-0.020556926874421455,0.003288666016876718
2026-09-14T15:55:00+00:00,761.76,-0.020672631903733474,0.0032906265530352474
2026-09-14T16:00:00+00:00,761.44,-0.021084027563509133,0.003292587089193777
2026-09-14T16:05:00+00:00,761.37,-0.021174020364085222,0.0032945476253525285
2026-09-14T16:10:00+00:00,761.455,-0.021064743391957186,0.003296508161511058
2026-09-14T16:15:00+00:00,762.42,-0.01982412835544589,0.0032984686976698097
2026-09-14T16:20:00+00:00,762.425,-0.01981770029826191,0.003300429233828339
2026-09-14T16:25:00+00:00,762.07,-0.020274092358325557,0.0033023897699870908
2026-09-14T16:30:00+00:00,761.99,-0.02037694127326961,0.0033043503061456203
2026-09-14T16:35:00+00:00,762.02,-0.020338372930165605,0.00330631084230415
2026-09-14T16:40:00+00:00,762.3,-0.019978401727861916,0.0033082713784626794
2026-09-14T16:45:00+00:00,763.28,-0.018718502519798452,0.003310231914621209
2026-09-14T16:50:00+00:00,763.045,-0.01902062120744641,0.0033121924507801825
2026-09-14T16:55:00+00:00,762.81,-0.019322739895094254,0.003314152986938712
2026-09-14T17:00:00+00:00,762.665,-0.01950915355343008,0.0033161135230972416
2026-09-14T17:05:00+00:00,762.485,-0.019740563612053896,0.003318074059255771
2026-09-14T17:10:00+00:00,762.22,-0.020081250642805748,0.0033200345954143007
2026-09-14T17:15:00+00:00,762.12,-0.020209811786485732,0.0033219951315730523
2026-09-14T17:20:00+00:00,762.28,-0.020004113956597847,0.003323955667731582
2026-09-14T17:25:00+00:00,762.7,-0.01946415715314198,0.0033259162038903334
2026-09-14T17:30:00+00:00,762.66,-0.019515581610614063,0.003327876740048863
2026-09-14T17:35:00+00:00,762.8,-0.01933559600946222,0.0033298372762076145
2026-09-14T17:40:00+00:00,762.6,-0.019592718296821965,0.003331797812366144
2026-09-14T17:45:00+00:00,762.695,-0.019470585210325964,0.0033337583485246736
2026-09-14T17:50:00+00:00,762.785,-0.019354880181014167,0.003335718884683203
2026-09-14T17:55:00+00:00,762.38,-0.019875552812917863,0.0033376794208417326
2026-09-14T18:00:00+00:00,762.24,-0.020055538414069707,0.0033396399570007063
2026-09-14T18:05:00+00:00,762.445,-0.019791988069525868,0.003341600493159236
2026-09-14T18:10:00+00:00,762.325,-0.01994626144194178,0.0033435610293177653
2026-09-14T18:15:00+00:00,762.28,-0.020004113956597847,0.003345521565476295
2026-09-14T18:20:00+00:00,762.145,-0.020177671500565708,0.0033474821016348244
2026-09-14T18:25:00+00:00,762.035,-0.020319088758613657,0.003349442637793576
2026-09-14T18:30:00+00:00,762.3,-0.019978401727861916,0.0033514031739521055
2026-09-14T18:35:00+00:00,762.36,-0.019901265041653793,0.003353363710110635
2026-09-14T18:40:00+00:00,762.375,-0.019881980870101845,0.0033553242462693866
2026-09-14T18:45:00+00:00,762.5,-0.01972127944050195,0.003357284782428138
2026-09-14T18:50:00+00:00,762.32,-0.019952689499125764,0.0033592453185866678
2026-09-14T18:55:00+00:00,762.135,-0.020190527614933673,0.0033612058547451973
2026-09-14T19:00:00+00:00,761.95,-0.02042836573074147,0.003363166390903727
2026-09-14T19:05:00+00:00,761.86,-0.02054407076005349,0.0033651269270622564
2026-09-14T19:10:00+00:00,762.03,-0.02032551681579764,0.003367087463221008
2026-09-14T19:15:00+00:00,761.81,-0.020608351331893537,0.0033690479993797595
2026-09-14T19:20:00+00:00,761.825,-0.02058906716034148,0.003371008535538289
2026-09-14T19:25:00+00:00,761.72,-0.020724056361205445,0.0033729690716968186
2026-09-14T19:30:00+00:00,761.685,-0.020769052761493434,0.003374929607855348
2026-09-14T19:35:00+00:00,761.595,-0.02088475779080534,0.0033768901440140997
2026-09-14T19:40:00+00:00,761.6,-0.02087832973362136,0.0033788506801726292
2026-09-14T19:45:00+00:00,761.7,-0.020749768589941375,0.0033808112163311588
2026-09-14T19:50:00+00:00,761.27,-0.021302581507765206,0.0033827717524899104
2026-09-14T19:55:00+00:00,760.755,-0.02196467139771685,0.003384732288648662
2026-09-14T20:00:00+00:00,760.755,-0.02196467139771685,0.0033866928248071915
2026-09-15T13:30:00+00:00,758.925,-0.024317340327059678,0.003388653360965721
2026-09-15T13:35:00+00:00,759.81,-0.023179574205492215,0.0033910004256285653
2026-09-15T13:40:00+00:00,759.945,-0.023006016661524242,0.0033933474902916316
2026-09-15T13:45:00+00:00,759.37,-0.0237452432376839,0.003395694554954476
2026-09-15T13:50:00+00:00,759.71,-0.023308135349172088,0.00339804161961732
2026-09-15T13:55:00+00:00,759.59,-0.023462408721588,0.0034003886842803865
2026-09-15T14:00:00+00:00,758.85,-0.024413761184819527,0.003402735748943009
2026-09-15T14:05:00+00:00,758.52,-0.024838012958963374,0.003405082813605853
2026-09-15T14:10:00+00:00,757.965,-0.02555152730638688,0.0034074298782689194
2026-09-15T14:15:00+00:00,758.165,-0.025294405019027133,0.0034097769429317637
2026-09-15T14:20:00+00:00,757.65,-0.025956494908978778,0.003412124007594608
2026-09-15T14:25:00+00:00,757.49,-0.026162192738866663,0.0034144710722574523
2026-09-15T14:30:00+00:00,757.315,-0.026387174740306496,0.0034168181369205186
2026-09-15T14:35:00+00:00,757.165,-0.026580016455826527,0.003419165201583363
2026-09-15T14:40:00+00:00,757.2,-0.026535020055538427,0.003421512266246207
2026-09-15T14:45:00+00:00,756.925,-0.026888563200658355,0.0034238593309092735
2026-09-15T14:50:00+00:00,756.52,-0.02740923583256205,0.0034262063955718958
2026-09-15T14:55:00+00:00,756.43,-0.02752494086187396,0.00342855346023474
2026-09-15T15:00:00+00:00,757.17,-0.026573588398642434,0.0034309005248978064
2026-09-15T15:05:00+00:00,756.87,-0.026959271829682274,0.0034332475895606507
2026-09-15T15:10:00+00:00,757.015,-0.026772858171346336,0.003435594654223495
2026-09-15T15:15:00+00:00,757.24,-0.026483595598066456,0.0034379417188865613
2026-09-15T15:20:00+00:00,757.44,-0.02622647331070649,0.0034402887835494056
2026-09-15T15:25:00+00:00,757.33,-0.026367890568754437,0.00344263584821225
2026-09-15T15:30:00+00:00,757.31,-0.02639360279749059,0.003444982912875316
2026-09-15T15:35:00+00:00,757.31,-0.02639360279749059,0.0034473299775381605
2026-09-15T15:40:00+00:00,757.52,-0.026123624395762657,0.003449677042201005
2026-09-15T15:45:00+00:00,756.98,-0.026817854571634325,0.003452024106863849
2026-09-15T15:50:00+00:00,757.11,-0.026650725084850335,0.0034543711715266934
2026-09-15T15:55:00+00:00,757.13,-0.026625012856114405,0.0034567182361895377
2026-09-15T16:00:00+00:00,757.31,-0.02639360279749059,0.003459065300852604
2026-09-15T16:05:00+00:00,756.68,-0.027203538002674166,0.0034614123655154483
2026-09-15T16:10:00+00:00,756.775,-0.027081404916178164,0.0034637594301782926
2026-09-15T16:15:00+00:00,757.085,-0.02668286537077036,0.003466106494841359
2026-09-15T16:20:00+00:00,757.66,-0.025943638794610813,0.003468453559504203
2026-09-15T16:25:00+00:00,757.55,-0.02608505605265876,0.0034708006241670475
2026-09-15T16:30:00+00:00,757.69,-0.025905070451506695,0.0034731476888298918
2026-09-15T16:35:00+00:00,757.51,-0.026136480510130622,0.003475494753492736
2026-09-15T16:40:00+00:00,757.63,-0.025982207137714708,0.0034778418181555804
2026-09-15T16:45:00+00:00,757.445,-0.026220045253522506,0.0034801888828184246
2026-09-15T16:50:00+00:00,757.97,-0.025545099249202896,0.003482535947481491
2026-09-15T16:55:00+00:00,757.73,-0.025853645994034724,0.0034848830121443353
2026-09-15T17:00:00+00:00,757.225,-0.026502879769618404,0.0034872300768071796
2026-09-15T17:05:00+00:00,757.26,-0.026457883369330526,0.003489577141470246
2026-09-15T17:10:00+00:00,757.12,-0.02663786897048237,0.00349192420613309
2026-09-15T17:15:00+00:00,757.005,-0.0267857142857143,0.0034942712707959345
2026-09-15T17:20:00+00:00,756.65,-0.027242106345778172,0.003496618335459001
2026-09-15T17:25:00+00:00,756.815,-0.027029980458706082,0.003498965400121845
2026-09-15T17:30:00+00:00,757.0,-0.026792142342898284,0.0035013124647844673
2026-09-15T17:35:00+00:00,757.06,-0.026715005656690383,0.0035036595294475337
2026-09-15T17:40:00+00:00,757.14,-0.02661215674174644,0.003506006594110378
2026-09-15T17:45:00+00:00,756.98,-0.026817854571634325,0.0035083536587732223
2026-09-15T17:50:00+00:00,757.13,-0.026625012856114405,0.0035107007234362886
2026-09-15T17:55:00+00:00,757.27,-0.02644502725496256,0.003513047788099133
2026-09-15T18:00:00+00:00,757.475,-0.02618147691041861,0.003515394852761977
2026-09-15T18:05:00+00:00,757.64,-0.025969351023346743,0.0035177419174248215
2026-09-15T18:10:00+00:00,757.795,-0.02577008125064295,0.003520088982087888
2026-09-15T18:15:00+00:00,757.5,-0.026149336624498698,0.003522436046750732
2026-09-15T18:20:00+00:00,757.44,-0.02622647331070649,0.0035247831114135764
2026-09-15T18:25:00+00:00,757.655,-0.025950066851794795,0.0035271301760764207
2026-09-15T18:30:00+00:00,757.21,-0.026522163941170462,0.003529477240739265
2026-09-15T18:35:00+00:00,757.27,-0.02644502725496256,0.0035318243054021092
2026-09-15T18:40:00+00:00,757.195,-0.02654144811272241,0.0035341713700651756
2026-09-15T18:45:00+00:00,756.845,-0.026991412115602187,0.00353651843472802
2026-09-15T18:50:00+00:00,757.09,-0.026676437313586376,0.003538865499390864
2026-09-15T18:55:00+00:00,757.09,-0.026676437313586376,0.0035412125640539305
